SessionID,UserID,Timestamp,PageType,DeviceType,Country,ReferralSource,TimeOnPage_seconds,ItemsInCart,Purchased
session_0,user_2223,1/20/2025 22:53,home,Desktop,India,Social Media,55,0,0
session_1,user_2192,2/26/2025 12:57,home,Tablet,Germany,Email,99,0,0
session_1,user_2192,2/26/2025 12:59,product_page,Tablet,Germany,Email,121,0,0
session_2,user_1708,6/24/2025 15:40,home,Mobile,India,Google,160,0,0
session_3,user_2976,6/11/2025 7:21,home,Tablet,UK,Google,113,0,0
session_4,user_1065,4/12/2025 23:58,home,Desktop,France,Social Media,49,0,0
session_4,user_1065,4/13/2025 0:00,product_page,Desktop,France,Social Media,135,4,0
session_5,user_2216,1/8/2025 20:58,home,Desktop,UK,Email,155,0,1
session_5,user_2216,1/8/2025 20:59,product_page,Desktop,UK,Email,99,0,1
session_5,user_2216,1/8/2025 21:00,cart,Desktop,UK,Email,26,5,1
session_5,user_2216,1/8/2025 21:00,checkout,Desktop,UK,Email,15,5,1
session_5,user_2216,1/8/2025 21:02,confirmation,Desktop,UK,Email,130,0,1
session_6,user_2429,5/7/2025 6:16,home,Desktop,Australia,Social Media,145,0,0
session_7,user_2450,8/4/2025 20:16,home,Desktop,Australia,Google,61,0,0
session_7,user_2450,8/4/2025 20:18,product_page,Desktop,Australia,Google,129,1,0
session_8,user_1521,7/19/2025 2:20,home,Mobile,France,Email,93,0,0
session_8,user_1521,7/19/2025 2:23,product_page,Mobile,France,Email,137,2,0
session_9,user_1843,2/14/2025 21:33,home,Tablet,India,Social Media,160,0,0
session_9,user_1843,2/14/2025 21:35,product_page,Tablet,India,Social Media,112,5,0
session_9,user_1843,2/14/2025 21:37,cart,Tablet,India,Social Media,153,5,0
session_10,user_2357,5/17/2025 22:11,home,Tablet,India,Direct,75,0,0
session_10,user_2357,5/17/2025 22:13,product_page,Tablet,India,Direct,116,0,0
session_11,user_2760,6/11/2025 20:27,home,Tablet,USA,Direct,54,0,0
session_11,user_2760,6/11/2025 20:28,product_page,Tablet,USA,Direct,81,4,0
session_11,user_2760,6/11/2025 20:30,cart,Tablet,USA,Direct,113,4,0
session_12,user_2907,3/31/2025 11:11,home,Mobile,France,Email,31,0,0
session_12,user_2907,3/31/2025 11:14,product_page,Mobile,France,Email,147,1,0
session_12,user_2907,3/31/2025 11:15,cart,Mobile,France,Email,92,1,0
session_13,user_1058,8/1/2025 19:45,home,Tablet,USA,Direct,42,0,0
session_13,user_1058,8/1/2025 19:48,product_page,Tablet,USA,Direct,171,5,0
session_13,user_1058,8/1/2025 19:50,cart,Tablet,USA,Direct,144,5,0
session_14,user_1884,4/14/2025 13:14,home,Mobile,Australia,Email,130,0,0
session_14,user_1884,4/14/2025 13:16,product_page,Mobile,Australia,Email,77,0,0
session_15,user_2270,5/4/2025 18:51,home,Mobile,Australia,Email,178,0,0
session_15,user_2270,5/4/2025 18:53,product_page,Mobile,Australia,Email,116,5,0
session_15,user_2270,5/4/2025 18:55,cart,Mobile,Australia,Email,137,5,0
session_16,user_1016,7/1/2025 7:57,home,Mobile,USA,Email,163,0,0
session_17,user_1629,6/2/2025 13:09,home,Mobile,USA,Social Media,47,0,0
session_17,user_1629,6/2/2025 13:12,product_page,Mobile,USA,Social Media,129,3,0
session_17,user_1629,6/2/2025 13:13,cart,Mobile,USA,Social Media,78,3,0
session_18,user_1797,5/11/2025 10:48,home,Mobile,USA,Email,78,0,1
session_18,user_1797,5/11/2025 10:49,product_page,Mobile,USA,Email,104,0,1
session_18,user_1797,5/11/2025 10:50,cart,Mobile,USA,Email,51,0,1
session_18,user_1797,5/11/2025 10:52,checkout,Mobile,USA,Email,142,2,1
session_18,user_1797,5/11/2025 10:53,confirmation,Mobile,USA,Email,58,0,1
session_19,user_2000,4/15/2025 22:13,home,Tablet,USA,Email,150,0,0
session_19,user_2000,4/15/2025 22:14,product_page,Tablet,USA,Email,34,4,0
session_20,user_2182,3/18/2025 4:06,home,Desktop,Canada,Direct,119,0,0
session_20,user_2182,3/18/2025 4:07,product_page,Desktop,Canada,Direct,84,0,0
session_21,user_2035,2/14/2025 6:39,home,Tablet,Australia,Google,32,0,0
session_21,user_2035,2/14/2025 6:40,product_page,Tablet,Australia,Google,75,5,0
session_22,user_2046,2/24/2025 18:32,home,Desktop,UK,Social Media,167,0,0
session_23,user_2546,4/18/2025 5:34,home,Tablet,France,Direct,63,0,1
session_23,user_2546,4/18/2025 5:36,product_page,Tablet,France,Direct,149,4,1
session_23,user_2546,4/18/2025 5:39,cart,Tablet,France,Direct,176,4,1
session_23,user_2546,4/18/2025 5:41,checkout,Tablet,France,Direct,93,4,1
session_23,user_2546,4/18/2025 5:42,confirmation,Tablet,France,Direct,78,0,1
session_24,user_2666,5/29/2025 2:09,home,Desktop,France,Google,20,0,0
session_24,user_2666,5/29/2025 2:10,product_page,Desktop,France,Google,89,0,0
session_25,user_1143,5/6/2025 3:32,home,Tablet,USA,Google,151,0,0
session_25,user_1143,5/6/2025 3:35,product_page,Tablet,USA,Google,180,3,0
session_26,user_2067,5/9/2025 15:42,home,Desktop,France,Social Media,69,0,0
session_26,user_2067,5/9/2025 15:42,product_page,Desktop,France,Social Media,33,0,0
session_27,user_1310,3/19/2025 23:40,home,Mobile,Australia,Email,131,0,0
session_28,user_1758,8/26/2025 5:06,home,Mobile,Germany,Google,141,0,0
session_29,user_2181,4/12/2025 13:30,home,Tablet,India,Social Media,136,0,0
session_29,user_2181,4/12/2025 13:32,product_page,Tablet,India,Social Media,123,0,0
session_30,user_1114,8/10/2025 18:55,home,Tablet,France,Social Media,108,0,0
session_30,user_1114,8/10/2025 18:58,product_page,Tablet,France,Social Media,141,1,0
session_31,user_2282,4/22/2025 7:00,home,Mobile,Germany,Email,115,0,0
session_31,user_2282,4/22/2025 7:01,product_page,Mobile,Germany,Email,47,4,0
session_32,user_1995,8/9/2025 19:10,home,Desktop,Germany,Email,35,0,0
session_33,user_1580,7/7/2025 0:26,home,Desktop,UK,Direct,55,0,0
session_33,user_1580,7/7/2025 0:28,product_page,Desktop,UK,Direct,128,5,0
session_34,user_1912,8/9/2025 14:02,home,Tablet,USA,Google,84,0,1
session_34,user_1912,8/9/2025 14:04,product_page,Tablet,USA,Google,118,0,1
session_34,user_1912,8/9/2025 14:07,cart,Tablet,USA,Google,166,0,1
session_34,user_1912,8/9/2025 14:08,checkout,Tablet,USA,Google,57,1,1
session_34,user_1912,8/9/2025 14:10,confirmation,Tablet,USA,Google,140,0,1
session_35,user_2872,6/23/2025 22:52,home,Mobile,USA,Social Media,119,0,0
session_35,user_2872,6/23/2025 22:53,product_page,Mobile,USA,Social Media,93,0,0
session_36,user_1983,7/12/2025 8:13,home,Tablet,Canada,Direct,163,0,0
session_36,user_1983,7/12/2025 8:15,product_page,Tablet,Canada,Direct,121,2,0
session_37,user_1099,3/21/2025 12:20,home,Mobile,Australia,Direct,119,0,0
session_37,user_1099,3/21/2025 12:22,product_page,Mobile,Australia,Direct,174,1,0
session_37,user_1099,3/21/2025 12:24,cart,Mobile,Australia,Direct,95,1,0
session_37,user_1099,3/21/2025 12:26,checkout,Mobile,Australia,Direct,97,1,0
session_38,user_1563,5/2/2025 1:18,home,Desktop,Germany,Google,148,0,0
session_39,user_1524,5/30/2025 0:12,home,Desktop,India,Google,173,0,1
session_39,user_1524,5/30/2025 0:12,product_page,Desktop,India,Google,27,3,1
session_39,user_1524,5/30/2025 0:14,cart,Desktop,India,Google,114,3,1
session_39,user_1524,5/30/2025 0:15,checkout,Desktop,India,Google,43,3,1
session_39,user_1524,5/30/2025 0:15,confirmation,Desktop,India,Google,46,0,1
session_40,user_1626,2/18/2025 11:25,home,Tablet,UK,Direct,162,0,0
session_40,user_1626,2/18/2025 11:27,product_page,Tablet,UK,Direct,95,0,0
session_40,user_1626,2/18/2025 11:27,cart,Tablet,UK,Direct,30,4,0
session_40,user_1626,2/18/2025 11:29,checkout,Tablet,UK,Direct,85,4,0
session_41,user_2521,5/21/2025 1:00,home,Desktop,India,Social Media,166,0,0
session_42,user_1086,4/5/2025 2:30,home,Desktop,Australia,Social Media,94,0,0
session_43,user_1200,5/4/2025 23:24,home,Desktop,UK,Google,114,0,0
session_43,user_1200,5/4/2025 23:27,product_page,Desktop,UK,Google,177,4,0
session_44,user_1390,3/10/2025 8:18,home,Desktop,Australia,Email,39,0,0
session_45,user_1121,8/7/2025 0:20,home,Mobile,USA,Google,25,0,0
session_46,user_2865,7/11/2025 1:55,home,Mobile,Germany,Social Media,80,0,0
session_47,user_2673,4/13/2025 9:15,home,Desktop,UK,Email,32,0,1
session_47,user_2673,4/13/2025 9:16,product_page,Desktop,UK,Email,92,0,1
session_47,user_2673,4/13/2025 9:18,cart,Desktop,UK,Email,133,1,1
session_47,user_2673,4/13/2025 9:20,checkout,Desktop,UK,Email,102,1,1
session_47,user_2673,4/13/2025 9:23,confirmation,Desktop,UK,Email,150,0,1
session_48,user_1035,2/4/2025 0:57,home,Desktop,Australia,Social Media,152,0,0
session_48,user_1035,2/4/2025 0:57,product_page,Desktop,Australia,Social Media,46,2,0
session_49,user_1439,6/4/2025 19:27,home,Tablet,USA,Email,124,0,1
session_49,user_1439,6/4/2025 19:30,product_page,Tablet,USA,Email,146,2,1
session_49,user_1439,6/4/2025 19:31,cart,Tablet,USA,Email,91,2,1
session_49,user_1439,6/4/2025 19:33,checkout,Tablet,USA,Email,78,2,1
session_49,user_1439,6/4/2025 19:33,confirmation,Tablet,USA,Email,37,0,1
session_50,user_1609,6/27/2025 16:43,home,Mobile,UK,Direct,129,0,0
session_50,user_1609,6/27/2025 16:45,product_page,Mobile,UK,Direct,138,0,0
session_51,user_2808,8/21/2025 18:07,home,Desktop,France,Social Media,82,0,1
session_51,user_2808,8/21/2025 18:10,product_page,Desktop,France,Social Media,167,0,1
session_51,user_2808,8/21/2025 18:11,cart,Desktop,France,Social Media,61,5,1
session_51,user_2808,8/21/2025 18:13,checkout,Desktop,France,Social Media,120,5,1
session_51,user_2808,8/21/2025 18:15,confirmation,Desktop,France,Social Media,133,0,1
session_52,user_1532,6/9/2025 14:55,home,Tablet,Canada,Social Media,106,0,0
session_52,user_1532,6/9/2025 14:57,product_page,Tablet,Canada,Social Media,123,0,0
session_53,user_2816,1/24/2025 13:06,home,Desktop,India,Email,19,0,0
session_54,user_1856,7/15/2025 22:13,home,Desktop,India,Email,146,0,0
session_54,user_1856,7/15/2025 22:13,product_page,Desktop,India,Email,26,4,0
session_55,user_2771,2/18/2025 14:01,home,Tablet,UK,Google,66,0,0
session_55,user_2771,2/18/2025 14:02,product_page,Tablet,UK,Google,60,0,0
session_56,user_1425,3/17/2025 6:59,home,Tablet,USA,Direct,79,0,0
session_56,user_1425,3/17/2025 7:00,product_page,Tablet,USA,Direct,80,4,0
session_57,user_1979,6/3/2025 13:56,home,Mobile,Germany,Social Media,147,0,1
session_57,user_1979,6/3/2025 13:56,product_page,Mobile,Germany,Social Media,34,0,1
session_57,user_1979,6/3/2025 13:58,cart,Mobile,Germany,Social Media,114,2,1
session_57,user_1979,6/3/2025 13:59,checkout,Mobile,Germany,Social Media,67,2,1
session_57,user_1979,6/3/2025 14:00,confirmation,Mobile,Germany,Social Media,37,0,1
session_58,user_2596,2/16/2025 17:27,home,Mobile,UK,Email,94,0,0
session_59,user_2950,7/10/2025 21:44,home,Desktop,Australia,Email,69,0,0
session_59,user_2950,7/10/2025 21:47,product_page,Desktop,Australia,Email,171,0,0
session_60,user_2486,5/9/2025 13:10,home,Desktop,USA,Email,128,0,0
session_61,user_1519,3/1/2025 18:53,home,Desktop,Germany,Social Media,133,0,0
session_61,user_1519,3/1/2025 18:54,product_page,Desktop,Germany,Social Media,72,2,0
session_62,user_2282,8/30/2025 13:35,home,Desktop,Germany,Email,31,0,0
session_62,user_2282,8/30/2025 13:36,product_page,Desktop,Germany,Email,78,2,0
session_63,user_2012,8/14/2025 15:12,home,Desktop,India,Social Media,134,0,1
session_63,user_2012,8/14/2025 15:13,product_page,Desktop,India,Social Media,55,5,1
session_63,user_2012,8/14/2025 15:14,cart,Desktop,India,Social Media,74,5,1
session_63,user_2012,8/14/2025 15:16,checkout,Desktop,India,Social Media,128,5,1
session_63,user_2012,8/14/2025 15:16,confirmation,Desktop,India,Social Media,24,0,1
session_64,user_1412,1/6/2025 22:18,home,Tablet,Canada,Direct,80,0,0
session_64,user_1412,1/6/2025 22:18,product_page,Tablet,Canada,Direct,19,0,0
session_64,user_1412,1/6/2025 22:19,cart,Tablet,Canada,Direct,45,0,0
session_65,user_2277,3/5/2025 19:49,home,Tablet,India,Google,153,0,1
session_65,user_2277,3/5/2025 19:49,product_page,Tablet,India,Google,29,1,1
session_65,user_2277,3/5/2025 19:52,cart,Tablet,India,Google,158,1,1
session_65,user_2277,3/5/2025 19:55,checkout,Tablet,India,Google,162,1,1
session_65,user_2277,3/5/2025 19:57,confirmation,Tablet,India,Google,135,0,1
session_66,user_2279,3/17/2025 4:23,home,Mobile,UK,Social Media,69,0,0
session_66,user_2279,3/17/2025 4:24,product_page,Mobile,UK,Social Media,75,2,0
session_67,user_2199,5/20/2025 22:42,home,Mobile,UK,Direct,44,0,0
session_67,user_2199,5/20/2025 22:43,product_page,Mobile,UK,Direct,86,4,0
session_68,user_2502,2/2/2025 23:11,home,Desktop,Germany,Social Media,17,0,1
session_68,user_2502,2/2/2025 23:11,product_page,Desktop,Germany,Social Media,38,0,1
session_68,user_2502,2/2/2025 23:12,cart,Desktop,Germany,Social Media,21,0,1
session_68,user_2502,2/2/2025 23:12,checkout,Desktop,Germany,Social Media,17,2,1
session_68,user_2502,2/2/2025 23:15,confirmation,Desktop,Germany,Social Media,172,0,1
session_69,user_2266,8/7/2025 15:18,home,Mobile,France,Social Media,27,0,0
session_69,user_2266,8/7/2025 15:20,product_page,Mobile,France,Social Media,144,0,0
session_70,user_2567,2/27/2025 2:03,home,Tablet,Australia,Email,28,0,1
session_70,user_2567,2/27/2025 2:06,product_page,Tablet,Australia,Email,124,5,1
session_70,user_2567,2/27/2025 2:06,cart,Tablet,Australia,Email,27,5,1
session_70,user_2567,2/27/2025 2:09,checkout,Tablet,Australia,Email,154,5,1
session_70,user_2567,2/27/2025 2:09,confirmation,Tablet,Australia,Email,29,0,1
session_71,user_2262,2/3/2025 2:46,home,Mobile,Canada,Social Media,54,0,1
session_71,user_2262,2/3/2025 2:46,product_page,Mobile,Canada,Social Media,44,0,1
session_71,user_2262,2/3/2025 2:47,cart,Mobile,Canada,Social Media,72,0,1
session_71,user_2262,2/3/2025 2:48,checkout,Mobile,Canada,Social Media,33,3,1
session_71,user_2262,2/3/2025 2:49,confirmation,Mobile,Canada,Social Media,90,0,1
session_72,user_1285,6/14/2025 11:02,home,Desktop,France,Direct,149,0,1
session_72,user_1285,6/14/2025 11:04,product_page,Desktop,France,Direct,126,2,1
session_72,user_1285,6/14/2025 11:06,cart,Desktop,France,Direct,132,2,1
session_72,user_1285,6/14/2025 11:07,checkout,Desktop,France,Direct,91,2,1
session_72,user_1285,6/14/2025 11:09,confirmation,Desktop,France,Direct,121,0,1
session_73,user_2436,1/15/2025 0:15,home,Desktop,Germany,Email,100,0,0
session_73,user_2436,1/15/2025 0:17,product_page,Desktop,Germany,Email,111,0,0
session_74,user_2826,3/13/2025 16:04,home,Mobile,Germany,Google,77,0,0
session_74,user_2826,3/13/2025 16:06,product_page,Mobile,Germany,Google,170,0,0
session_75,user_1091,3/11/2025 8:11,home,Desktop,Canada,Email,139,0,0
session_76,user_2594,8/24/2025 23:07,home,Desktop,USA,Email,131,0,0
session_77,user_1718,6/26/2025 15:44,home,Mobile,Australia,Social Media,37,0,0
session_77,user_1718,6/26/2025 15:47,product_page,Mobile,Australia,Social Media,131,0,0
session_78,user_1621,8/1/2025 8:20,home,Mobile,USA,Social Media,164,0,0
session_78,user_1621,8/1/2025 8:23,product_page,Mobile,USA,Social Media,128,2,0
session_79,user_2810,7/13/2025 2:29,home,Desktop,Canada,Social Media,151,0,0
session_79,user_2810,7/13/2025 2:30,product_page,Desktop,Canada,Social Media,62,4,0
session_80,user_2022,3/12/2025 13:18,home,Mobile,Australia,Social Media,121,0,0
session_80,user_2022,3/12/2025 13:19,product_page,Mobile,Australia,Social Media,73,1,0
session_81,user_2467,1/10/2025 1:15,home,Desktop,Germany,Direct,108,0,0
session_81,user_2467,1/10/2025 1:15,product_page,Desktop,Germany,Direct,30,0,0
session_82,user_1453,1/24/2025 22:09,home,Mobile,France,Google,179,0,0
session_82,user_1453,1/24/2025 22:12,product_page,Mobile,France,Google,167,0,0
session_83,user_1577,8/1/2025 15:43,home,Tablet,Australia,Direct,114,0,0
session_83,user_1577,8/1/2025 15:43,product_page,Tablet,Australia,Direct,48,4,0
session_83,user_1577,8/1/2025 15:44,cart,Tablet,Australia,Direct,24,4,0
session_84,user_1264,4/19/2025 11:59,home,Desktop,France,Email,132,0,1
session_84,user_1264,4/19/2025 12:01,product_page,Desktop,France,Email,110,5,1
session_84,user_1264,4/19/2025 12:02,cart,Desktop,France,Email,24,5,1
session_84,user_1264,4/19/2025 12:02,checkout,Desktop,France,Email,25,5,1
session_84,user_1264,4/19/2025 12:02,confirmation,Desktop,France,Email,28,0,1
session_85,user_1202,5/9/2025 7:33,home,Mobile,USA,Email,40,0,0
session_85,user_1202,5/9/2025 7:34,product_page,Mobile,USA,Email,54,5,0
session_86,user_1961,7/31/2025 15:29,home,Mobile,India,Direct,166,0,0
session_86,user_1961,7/31/2025 15:30,product_page,Mobile,India,Direct,63,3,0
session_87,user_1343,7/17/2025 4:23,home,Tablet,India,Email,56,0,0
session_87,user_1343,7/17/2025 4:26,product_page,Tablet,India,Email,165,2,0
session_88,user_2109,4/29/2025 10:09,home,Desktop,France,Social Media,163,0,0
session_88,user_2109,4/29/2025 10:10,product_page,Desktop,France,Social Media,73,2,0
session_88,user_2109,4/29/2025 10:11,cart,Desktop,France,Social Media,18,2,0
session_89,user_1300,3/21/2025 17:21,home,Mobile,France,Direct,74,0,1
session_89,user_1300,3/21/2025 17:21,product_page,Mobile,France,Direct,50,1,1
session_89,user_1300,3/21/2025 17:24,cart,Mobile,France,Direct,153,1,1
session_89,user_1300,3/21/2025 17:26,checkout,Mobile,France,Direct,111,1,1
session_89,user_1300,3/21/2025 17:29,confirmation,Mobile,France,Direct,164,0,1
session_90,user_2621,6/22/2025 16:00,home,Tablet,Germany,Google,28,0,0
session_90,user_2621,6/22/2025 16:02,product_page,Tablet,Germany,Google,138,5,0
session_90,user_2621,6/22/2025 16:05,cart,Tablet,Germany,Google,157,5,0
session_91,user_2705,2/20/2025 19:25,home,Desktop,France,Social Media,116,0,0
session_92,user_2740,1/30/2025 7:01,home,Mobile,UK,Email,17,0,0
session_92,user_2740,1/30/2025 7:02,product_page,Mobile,UK,Email,16,2,0
session_92,user_2740,1/30/2025 7:04,cart,Mobile,UK,Email,139,2,0
session_93,user_2540,1/16/2025 17:17,home,Desktop,India,Google,55,0,1
session_93,user_2540,1/16/2025 17:18,product_page,Desktop,India,Google,112,1,1
session_93,user_2540,1/16/2025 17:20,cart,Desktop,India,Google,93,1,1
session_93,user_2540,1/16/2025 17:23,checkout,Desktop,India,Google,173,1,1
session_93,user_2540,1/16/2025 17:25,confirmation,Desktop,India,Google,124,0,1
session_94,user_1022,1/19/2025 20:17,home,Mobile,Germany,Google,142,0,0
session_95,user_2381,3/3/2025 9:26,home,Mobile,Australia,Direct,136,0,0
session_95,user_2381,3/3/2025 9:28,product_page,Mobile,Australia,Direct,118,4,0
session_96,user_2993,3/7/2025 1:58,home,Desktop,Australia,Google,109,0,0
session_96,user_2993,3/7/2025 1:58,product_page,Desktop,Australia,Google,22,0,0
session_96,user_2993,3/7/2025 1:59,cart,Desktop,Australia,Google,57,3,0
session_97,user_2713,1/1/2025 20:58,home,Tablet,Germany,Email,90,0,0
session_97,user_2713,1/1/2025 20:59,product_page,Tablet,Germany,Email,28,2,0
session_98,user_1729,3/22/2025 4:55,home,Tablet,Canada,Social Media,94,0,0
session_98,user_1729,3/22/2025 4:56,product_page,Tablet,Canada,Social Media,60,1,0
session_98,user_1729,3/22/2025 4:57,cart,Tablet,Canada,Social Media,72,1,0
session_99,user_2300,8/18/2025 5:49,home,Mobile,USA,Direct,118,0,1
session_99,user_2300,8/18/2025 5:51,product_page,Mobile,USA,Direct,128,0,1
session_99,user_2300,8/18/2025 5:51,cart,Mobile,USA,Direct,29,4,1
session_99,user_2300,8/18/2025 5:52,checkout,Mobile,USA,Direct,49,4,1
session_99,user_2300,8/18/2025 5:55,confirmation,Mobile,USA,Direct,169,0,1
session_100,user_1233,4/2/2025 11:24,home,Desktop,USA,Email,36,0,0
session_100,user_1233,4/2/2025 11:25,product_page,Desktop,USA,Email,65,1,0
session_101,user_1984,4/14/2025 6:47,home,Mobile,France,Direct,128,0,1
session_101,user_1984,4/14/2025 6:47,product_page,Mobile,France,Direct,42,0,1
session_101,user_1984,4/14/2025 6:49,cart,Mobile,France,Direct,102,0,1
session_101,user_1984,4/14/2025 6:51,checkout,Mobile,France,Direct,117,2,1
session_101,user_1984,4/14/2025 6:54,confirmation,Mobile,France,Direct,175,0,1
session_102,user_1480,2/12/2025 23:06,home,Desktop,Australia,Direct,69,0,0
session_102,user_1480,2/12/2025 23:08,product_page,Desktop,Australia,Direct,143,0,0
session_103,user_2791,1/10/2025 20:14,home,Desktop,France,Social Media,90,0,0
session_103,user_2791,1/10/2025 20:15,product_page,Desktop,France,Social Media,58,3,0
session_104,user_2754,7/22/2025 13:46,home,Tablet,UK,Social Media,15,0,0
session_104,user_2754,7/22/2025 13:46,product_page,Tablet,UK,Social Media,39,4,0
session_105,user_2525,2/28/2025 20:54,home,Mobile,Canada,Social Media,66,0,0
session_105,user_2525,2/28/2025 20:57,product_page,Mobile,Canada,Social Media,133,2,0
session_106,user_1524,1/26/2025 20:08,home,Desktop,UK,Google,139,0,0
session_106,user_1524,1/26/2025 20:09,product_page,Desktop,UK,Google,66,1,0
session_107,user_2173,1/2/2025 5:30,home,Mobile,UK,Email,15,0,0
session_107,user_2173,1/2/2025 5:30,product_page,Mobile,UK,Email,30,0,0
session_108,user_2167,2/21/2025 13:57,home,Mobile,Canada,Email,47,0,0
session_108,user_2167,2/21/2025 13:58,product_page,Mobile,Canada,Email,50,5,0
session_109,user_1774,7/30/2025 14:11,home,Mobile,Canada,Google,149,0,1
session_109,user_1774,7/30/2025 14:12,product_page,Mobile,Canada,Google,32,0,1
session_109,user_1774,7/30/2025 14:14,cart,Mobile,Canada,Google,172,2,1
session_109,user_1774,7/30/2025 14:17,checkout,Mobile,Canada,Google,141,2,1
session_109,user_1774,7/30/2025 14:17,confirmation,Mobile,Canada,Google,42,0,1
session_110,user_2713,1/30/2025 8:29,home,Tablet,Canada,Direct,35,0,1
session_110,user_2713,1/30/2025 8:30,product_page,Tablet,Canada,Direct,64,3,1
session_110,user_2713,1/30/2025 8:31,cart,Tablet,Canada,Direct,54,3,1
session_110,user_2713,1/30/2025 8:33,checkout,Tablet,Canada,Direct,142,3,1
session_110,user_2713,1/30/2025 8:34,confirmation,Tablet,Canada,Direct,50,0,1
session_111,user_2430,8/27/2025 10:04,home,Desktop,Germany,Email,45,0,0
session_111,user_2430,8/27/2025 10:05,product_page,Desktop,Germany,Email,71,0,0
session_112,user_2488,6/22/2025 6:14,home,Tablet,Canada,Social Media,129,0,0
session_112,user_2488,6/22/2025 6:15,product_page,Tablet,Canada,Social Media,72,3,0
session_113,user_1030,1/24/2025 1:46,home,Tablet,UK,Email,21,0,0
session_113,user_1030,1/24/2025 1:48,product_page,Tablet,UK,Email,121,4,0
session_114,user_2803,3/7/2025 16:44,home,Mobile,Germany,Email,79,0,0
session_114,user_2803,3/7/2025 16:45,product_page,Mobile,Germany,Email,22,0,0
session_115,user_2619,4/17/2025 22:20,home,Tablet,UK,Direct,80,0,0
session_115,user_2619,4/17/2025 22:21,product_page,Tablet,UK,Direct,66,4,0
session_116,user_1385,8/9/2025 8:34,home,Tablet,Germany,Email,162,0,0
session_116,user_1385,8/9/2025 8:35,product_page,Tablet,Germany,Email,44,0,0
session_117,user_1679,5/4/2025 20:49,home,Tablet,UK,Social Media,139,0,0
session_117,user_1679,5/4/2025 20:51,product_page,Tablet,UK,Social Media,170,0,0
session_118,user_2114,2/10/2025 9:54,home,Mobile,USA,Direct,39,0,0
session_118,user_2114,2/10/2025 9:57,product_page,Mobile,USA,Direct,171,0,0
session_119,user_2996,8/6/2025 5:01,home,Tablet,UK,Social Media,119,0,1
session_119,user_2996,8/6/2025 5:03,product_page,Tablet,UK,Social Media,132,5,1
session_119,user_2996,8/6/2025 5:06,cart,Tablet,UK,Social Media,163,5,1
session_119,user_2996,8/6/2025 5:09,checkout,Tablet,UK,Social Media,148,5,1
session_119,user_2996,8/6/2025 5:12,confirmation,Tablet,UK,Social Media,177,0,1
session_120,user_1976,7/4/2025 20:22,home,Mobile,Germany,Social Media,126,0,1
session_120,user_1976,7/4/2025 20:24,product_page,Mobile,Germany,Social Media,161,1,1
session_120,user_1976,7/4/2025 20:26,cart,Mobile,Germany,Social Media,108,1,1
session_120,user_1976,7/4/2025 20:27,checkout,Mobile,Germany,Social Media,88,1,1
session_120,user_1976,7/4/2025 20:30,confirmation,Mobile,Germany,Social Media,158,0,1
session_121,user_2762,3/22/2025 20:52,home,Tablet,Germany,Email,168,0,0
session_121,user_2762,3/22/2025 20:52,product_page,Tablet,Germany,Email,40,1,0
session_121,user_2762,3/22/2025 20:54,cart,Tablet,Germany,Email,95,1,0
session_122,user_2875,4/14/2025 17:49,home,Desktop,UK,Google,158,0,0
session_122,user_2875,4/14/2025 17:50,product_page,Desktop,UK,Google,42,5,0
session_123,user_2142,5/31/2025 18:23,home,Mobile,Canada,Social Media,43,0,0
session_123,user_2142,5/31/2025 18:23,product_page,Mobile,Canada,Social Media,22,0,0
session_124,user_1156,7/10/2025 12:27,home,Desktop,Germany,Social Media,45,0,1
session_124,user_1156,7/10/2025 12:29,product_page,Desktop,Germany,Social Media,168,0,1
session_124,user_1156,7/10/2025 12:30,cart,Desktop,Germany,Social Media,39,0,1
session_124,user_1156,7/10/2025 12:32,checkout,Desktop,Germany,Social Media,108,2,1
session_124,user_1156,7/10/2025 12:33,confirmation,Desktop,Germany,Social Media,91,0,1
session_125,user_1471,4/16/2025 21:41,home,Tablet,India,Email,129,0,0
session_125,user_1471,4/16/2025 21:43,product_page,Tablet,India,Email,119,3,0
session_126,user_2713,4/4/2025 21:24,home,Mobile,USA,Direct,76,0,0
session_127,user_2168,7/2/2025 12:04,home,Tablet,India,Email,90,0,0
session_127,user_2168,7/2/2025 12:07,product_page,Tablet,India,Email,171,2,0
session_127,user_2168,7/2/2025 12:09,cart,Tablet,India,Email,169,2,0
session_128,user_2126,6/9/2025 20:30,home,Desktop,UK,Direct,57,0,1
session_128,user_2126,6/9/2025 20:32,product_page,Desktop,UK,Direct,99,0,1
session_128,user_2126,6/9/2025 20:32,cart,Desktop,UK,Direct,15,0,1
session_128,user_2126,6/9/2025 20:33,checkout,Desktop,UK,Direct,69,3,1
session_128,user_2126,6/9/2025 20:33,confirmation,Desktop,UK,Direct,23,0,1
session_129,user_2755,4/11/2025 17:04,home,Desktop,UK,Direct,166,0,0
session_129,user_2755,4/11/2025 17:05,product_page,Desktop,UK,Direct,55,0,0
session_130,user_1595,3/24/2025 20:29,home,Desktop,Germany,Social Media,157,0,1
session_130,user_1595,3/24/2025 20:30,product_page,Desktop,Germany,Social Media,53,4,1
session_130,user_1595,3/24/2025 20:31,cart,Desktop,Germany,Social Media,38,4,1
session_130,user_1595,3/24/2025 20:33,checkout,Desktop,Germany,Social Media,163,4,1
session_130,user_1595,3/24/2025 20:35,confirmation,Desktop,Germany,Social Media,101,0,1
session_131,user_2498,3/3/2025 18:27,home,Tablet,France,Social Media,51,0,0
session_131,user_2498,3/3/2025 18:28,product_page,Tablet,France,Social Media,65,3,0
session_132,user_1515,3/6/2025 23:58,home,Mobile,Canada,Direct,150,0,0
session_133,user_2286,4/11/2025 4:38,home,Tablet,UK,Email,66,0,0
session_133,user_2286,4/11/2025 4:39,product_page,Tablet,UK,Email,99,0,0
session_134,user_1372,3/18/2025 14:12,home,Tablet,France,Email,127,0,0
session_134,user_1372,3/18/2025 14:14,product_page,Tablet,France,Email,133,2,0
session_135,user_1510,4/8/2025 5:48,home,Mobile,India,Google,56,0,0
session_135,user_1510,4/8/2025 5:49,product_page,Mobile,India,Google,62,3,0
session_135,user_1510,4/8/2025 5:50,cart,Mobile,India,Google,43,3,0
session_135,user_1510,4/8/2025 5:52,checkout,Mobile,India,Google,132,3,0
session_136,user_1390,3/15/2025 10:09,home,Mobile,Canada,Social Media,180,0,0
session_136,user_1390,3/15/2025 10:11,product_page,Mobile,Canada,Social Media,102,5,0
session_137,user_1263,3/31/2025 15:09,home,Tablet,India,Social Media,131,0,0
session_137,user_1263,3/31/2025 15:10,product_page,Tablet,India,Social Media,22,0,0
session_138,user_2168,7/19/2025 22:50,home,Tablet,USA,Google,92,0,1
session_138,user_2168,7/19/2025 22:52,product_page,Tablet,USA,Google,120,0,1
session_138,user_2168,7/19/2025 22:55,cart,Tablet,USA,Google,152,2,1
session_138,user_2168,7/19/2025 22:57,checkout,Tablet,USA,Google,99,2,1
session_138,user_2168,7/19/2025 22:59,confirmation,Tablet,USA,Google,122,0,1
session_139,user_2866,3/15/2025 14:00,home,Mobile,Canada,Email,124,0,0
session_139,user_2866,3/15/2025 14:01,product_page,Mobile,Canada,Email,98,1,0
session_140,user_2010,4/17/2025 17:37,home,Desktop,Canada,Google,63,0,0
session_140,user_2010,4/17/2025 17:39,product_page,Desktop,Canada,Google,121,0,0
session_140,user_2010,4/17/2025 17:40,cart,Desktop,Canada,Google,71,1,0
session_141,user_1643,6/9/2025 6:55,home,Mobile,Australia,Email,67,0,0
session_141,user_1643,6/9/2025 6:57,product_page,Mobile,Australia,Email,143,0,0
session_142,user_1473,5/3/2025 6:26,home,Desktop,UK,Google,138,0,0
session_142,user_1473,5/3/2025 6:28,product_page,Desktop,UK,Google,121,3,0
session_143,user_1073,7/22/2025 22:17,home,Mobile,France,Direct,25,0,0
session_143,user_1073,7/22/2025 22:20,product_page,Mobile,France,Direct,154,0,0
session_144,user_1460,3/25/2025 18:38,home,Tablet,USA,Direct,45,0,0
session_144,user_1460,3/25/2025 18:40,product_page,Tablet,USA,Direct,123,0,0
session_145,user_2149,8/4/2025 13:59,home,Desktop,USA,Direct,180,0,1
session_145,user_2149,8/4/2025 14:02,product_page,Desktop,USA,Direct,174,0,1
session_145,user_2149,8/4/2025 14:04,cart,Desktop,USA,Direct,120,0,1
session_145,user_2149,8/4/2025 14:06,checkout,Desktop,USA,Direct,133,2,1
session_145,user_2149,8/4/2025 14:08,confirmation,Desktop,USA,Direct,130,0,1
session_146,user_2698,2/9/2025 13:19,home,Tablet,USA,Google,44,0,0
session_146,user_2698,2/9/2025 13:22,product_page,Tablet,USA,Google,173,4,0
session_147,user_1546,8/11/2025 6:00,home,Mobile,Australia,Google,141,0,1
session_147,user_1546,8/11/2025 6:02,product_page,Mobile,Australia,Google,121,0,1
session_147,user_1546,8/11/2025 6:04,cart,Mobile,Australia,Google,121,0,1
session_147,user_1546,8/11/2025 6:06,checkout,Mobile,Australia,Google,108,3,1
session_147,user_1546,8/11/2025 6:06,confirmation,Mobile,Australia,Google,21,0,1
session_148,user_1093,5/9/2025 12:32,home,Tablet,France,Email,26,0,1
session_148,user_1093,5/9/2025 12:33,product_page,Tablet,France,Email,24,3,1
session_148,user_1093,5/9/2025 12:33,cart,Tablet,France,Email,21,3,1
session_148,user_1093,5/9/2025 12:36,checkout,Tablet,France,Email,156,3,1
session_148,user_1093,5/9/2025 12:37,confirmation,Tablet,France,Email,98,0,1
session_149,user_1181,3/14/2025 16:27,home,Mobile,Germany,Direct,41,0,0
session_150,user_1873,3/13/2025 4:31,home,Tablet,India,Email,46,0,0
session_151,user_1511,2/4/2025 18:21,home,Mobile,India,Email,20,0,0
session_151,user_1511,2/4/2025 18:22,product_page,Mobile,India,Email,39,0,0
session_151,user_1511,2/4/2025 18:24,cart,Mobile,India,Email,116,0,0
session_151,user_1511,2/4/2025 18:26,checkout,Mobile,India,Email,117,2,0
session_152,user_2321,8/15/2025 21:26,home,Tablet,Germany,Email,145,0,0
session_152,user_2321,8/15/2025 21:28,product_page,Tablet,Germany,Email,130,0,0
session_153,user_1412,7/23/2025 9:50,home,Desktop,France,Google,78,0,0
session_153,user_1412,7/23/2025 9:51,product_page,Desktop,France,Google,56,0,0
session_154,user_1963,3/24/2025 20:31,home,Desktop,UK,Email,81,0,0
session_155,user_2609,5/2/2025 23:51,home,Desktop,Canada,Email,82,0,0
session_155,user_2609,5/2/2025 23:53,product_page,Desktop,Canada,Email,79,4,0
session_155,user_2609,5/2/2025 23:55,cart,Desktop,Canada,Email,119,4,0
session_156,user_1498,6/18/2025 2:09,home,Mobile,France,Google,159,0,1
session_156,user_1498,6/18/2025 2:11,product_page,Mobile,France,Google,133,4,1
session_156,user_1498,6/18/2025 2:12,cart,Mobile,France,Google,60,4,1
session_156,user_1498,6/18/2025 2:14,checkout,Mobile,France,Google,85,4,1
session_156,user_1498,6/18/2025 2:16,confirmation,Mobile,France,Google,151,0,1
session_157,user_1874,3/24/2025 9:24,home,Mobile,France,Direct,104,0,0
session_157,user_1874,3/24/2025 9:26,product_page,Mobile,France,Direct,132,3,0
session_158,user_1160,7/10/2025 7:31,home,Desktop,UK,Direct,131,0,0
session_158,user_1160,7/10/2025 7:31,product_page,Desktop,UK,Direct,42,0,0
session_158,user_1160,7/10/2025 7:33,cart,Desktop,UK,Direct,93,5,0
session_159,user_2712,7/23/2025 21:07,home,Desktop,Australia,Direct,55,0,0
session_160,user_1042,6/9/2025 21:48,home,Mobile,France,Email,114,0,0
session_160,user_1042,6/9/2025 21:49,product_page,Mobile,France,Email,39,0,0
session_160,user_1042,6/9/2025 21:49,cart,Mobile,France,Email,31,1,0
session_160,user_1042,6/9/2025 21:52,checkout,Mobile,France,Email,151,1,0
session_161,user_1904,8/20/2025 21:44,home,Mobile,UK,Social Media,130,0,0
session_161,user_1904,8/20/2025 21:46,product_page,Mobile,UK,Social Media,73,0,0
session_162,user_1674,8/30/2025 23:26,home,Tablet,Australia,Email,78,0,1
session_162,user_1674,8/30/2025 23:28,product_page,Tablet,Australia,Email,86,2,1
session_162,user_1674,8/30/2025 23:28,cart,Tablet,Australia,Email,44,2,1
session_162,user_1674,8/30/2025 23:30,checkout,Tablet,Australia,Email,118,2,1
session_162,user_1674,8/30/2025 23:32,confirmation,Tablet,Australia,Email,90,0,1
session_163,user_2237,2/23/2025 19:38,home,Mobile,France,Google,65,0,1
session_163,user_2237,2/23/2025 19:38,product_page,Mobile,France,Google,43,0,1
session_163,user_2237,2/23/2025 19:39,cart,Mobile,France,Google,38,4,1
session_163,user_2237,2/23/2025 19:39,checkout,Mobile,France,Google,25,4,1
session_163,user_2237,2/23/2025 19:41,confirmation,Mobile,France,Google,108,0,1
session_164,user_2015,5/16/2025 18:38,home,Tablet,Canada,Google,145,0,0
session_164,user_2015,5/16/2025 18:41,product_page,Tablet,Canada,Google,171,0,0
session_164,user_2015,5/16/2025 18:43,cart,Tablet,Canada,Google,119,1,0
session_165,user_1133,1/27/2025 8:53,home,Mobile,France,Google,64,0,0
session_165,user_1133,1/27/2025 8:54,product_page,Mobile,France,Google,35,0,0
session_166,user_2737,7/31/2025 13:30,home,Tablet,France,Direct,37,0,0
session_166,user_2737,7/31/2025 13:31,product_page,Tablet,France,Direct,52,5,0
session_167,user_2987,2/27/2025 23:29,home,Tablet,France,Email,172,0,0
session_167,user_2987,2/27/2025 23:31,product_page,Tablet,France,Email,119,0,0
session_168,user_1841,2/16/2025 2:42,home,Desktop,Germany,Direct,17,0,1
session_168,user_1841,2/16/2025 2:43,product_page,Desktop,Germany,Direct,101,2,1
session_168,user_1841,2/16/2025 2:44,cart,Desktop,Germany,Direct,42,2,1
session_168,user_1841,2/16/2025 2:46,checkout,Desktop,Germany,Direct,146,2,1
session_168,user_1841,2/16/2025 2:48,confirmation,Desktop,Germany,Direct,98,0,1
session_169,user_1759,8/2/2025 10:09,home,Desktop,Germany,Google,106,0,0
session_169,user_1759,8/2/2025 10:11,product_page,Desktop,Germany,Google,108,0,0
session_169,user_1759,8/2/2025 10:11,cart,Desktop,Germany,Google,23,2,0
session_170,user_1692,5/21/2025 9:07,home,Mobile,USA,Direct,120,0,0
session_170,user_1692,5/21/2025 9:07,product_page,Mobile,USA,Direct,54,3,0
session_170,user_1692,5/21/2025 9:09,cart,Mobile,USA,Direct,83,3,0
session_171,user_2076,3/18/2025 19:36,home,Desktop,USA,Email,43,0,0
session_171,user_2076,3/18/2025 19:37,product_page,Desktop,USA,Email,70,0,0
session_172,user_1172,8/31/2025 18:34,home,Desktop,Australia,Direct,55,0,0
session_172,user_1172,8/31/2025 18:35,product_page,Desktop,Australia,Direct,22,0,0
session_173,user_1705,4/27/2025 22:10,home,Desktop,USA,Email,92,0,0
session_173,user_1705,4/27/2025 22:10,product_page,Desktop,USA,Email,20,0,0
session_174,user_1425,2/11/2025 8:30,home,Desktop,France,Direct,132,0,0
session_174,user_1425,2/11/2025 8:31,product_page,Desktop,France,Direct,68,0,0
session_175,user_2255,3/9/2025 20:26,home,Desktop,Germany,Direct,105,0,0
session_176,user_1997,8/19/2025 16:43,home,Desktop,France,Email,94,0,0
session_177,user_2361,7/27/2025 21:49,home,Desktop,Canada,Google,38,0,0
session_178,user_1627,7/3/2025 14:55,home,Tablet,UK,Direct,180,0,1
session_178,user_1627,7/3/2025 14:57,product_page,Tablet,UK,Direct,138,1,1
session_178,user_1627,7/3/2025 14:58,cart,Tablet,UK,Direct,46,1,1
session_178,user_1627,7/3/2025 15:00,checkout,Tablet,UK,Direct,120,1,1
session_178,user_1627,7/3/2025 15:03,confirmation,Tablet,UK,Direct,173,0,1
session_179,user_2067,8/22/2025 8:20,home,Mobile,Australia,Google,58,0,0
session_179,user_2067,8/22/2025 8:21,product_page,Mobile,Australia,Google,22,2,0
session_180,user_2326,7/6/2025 5:57,home,Desktop,UK,Email,32,0,0
session_180,user_2326,7/6/2025 5:59,product_page,Desktop,UK,Email,151,0,0
session_180,user_2326,7/6/2025 6:02,cart,Desktop,UK,Email,132,0,0
session_181,user_2838,4/15/2025 7:30,home,Tablet,UK,Google,38,0,0
session_181,user_2838,4/15/2025 7:31,product_page,Tablet,UK,Google,57,1,0
session_182,user_1127,3/6/2025 5:06,home,Desktop,India,Social Media,40,0,0
session_183,user_1087,3/7/2025 1:57,home,Desktop,India,Google,125,0,0
session_183,user_1087,3/7/2025 1:58,product_page,Desktop,India,Google,44,1,0
session_184,user_1954,5/22/2025 10:59,home,Tablet,USA,Email,177,0,0
session_185,user_1012,8/5/2025 20:29,home,Tablet,UK,Direct,64,0,0
session_186,user_1774,3/26/2025 22:42,home,Tablet,Canada,Email,22,0,0
session_186,user_1774,3/26/2025 22:42,product_page,Tablet,Canada,Email,34,0,0
session_187,user_2956,7/6/2025 1:21,home,Tablet,Australia,Email,154,0,0
session_187,user_2956,7/6/2025 1:22,product_page,Tablet,Australia,Email,88,0,0
session_188,user_1525,6/24/2025 10:26,home,Mobile,Canada,Direct,46,0,1
session_188,user_1525,6/24/2025 10:29,product_page,Mobile,Canada,Direct,162,0,1
session_188,user_1525,6/24/2025 10:31,cart,Mobile,Canada,Direct,140,1,1
session_188,user_1525,6/24/2025 10:34,checkout,Mobile,Canada,Direct,137,1,1
session_188,user_1525,6/24/2025 10:37,confirmation,Mobile,Canada,Direct,166,0,1
session_189,user_2269,7/13/2025 6:34,home,Mobile,India,Social Media,158,0,1
session_189,user_2269,7/13/2025 6:36,product_page,Mobile,India,Social Media,104,2,1
session_189,user_2269,7/13/2025 6:38,cart,Mobile,India,Social Media,118,2,1
session_189,user_2269,7/13/2025 6:38,checkout,Mobile,India,Social Media,17,2,1
session_189,user_2269,7/13/2025 6:40,confirmation,Mobile,India,Social Media,146,0,1
session_190,user_1842,5/31/2025 10:27,home,Desktop,UK,Direct,119,0,0
session_191,user_1501,2/7/2025 21:14,home,Mobile,USA,Social Media,42,0,0
session_191,user_1501,2/7/2025 21:14,product_page,Mobile,USA,Social Media,28,3,0
session_192,user_2116,5/29/2025 2:00,home,Tablet,France,Google,34,0,0
session_192,user_2116,5/29/2025 2:01,product_page,Tablet,France,Google,57,1,0
session_193,user_2748,4/27/2025 20:55,home,Mobile,India,Email,72,0,0
session_193,user_2748,4/27/2025 20:57,product_page,Mobile,India,Email,147,3,0
session_194,user_1566,5/27/2025 14:04,home,Mobile,Australia,Social Media,51,0,0
session_195,user_1535,5/24/2025 11:16,home,Desktop,Germany,Social Media,76,0,0
session_195,user_1535,5/24/2025 11:19,product_page,Desktop,Germany,Social Media,169,0,0
session_196,user_2277,8/9/2025 18:41,home,Tablet,USA,Direct,88,0,0
session_196,user_2277,8/9/2025 18:42,product_page,Tablet,USA,Direct,64,5,0
session_197,user_1571,4/7/2025 23:24,home,Mobile,UK,Social Media,78,0,0
session_197,user_1571,4/7/2025 23:27,product_page,Mobile,UK,Social Media,179,4,0
session_198,user_1035,5/11/2025 22:02,home,Tablet,Germany,Email,119,0,0
session_198,user_1035,5/11/2025 22:04,product_page,Tablet,Germany,Email,147,0,0
session_198,user_1035,5/11/2025 22:07,cart,Tablet,Germany,Email,157,0,0
session_199,user_2119,1/9/2025 19:56,home,Tablet,Australia,Google,89,0,0
session_199,user_2119,1/9/2025 19:57,product_page,Tablet,Australia,Google,19,2,0
session_200,user_1823,3/29/2025 12:58,home,Desktop,France,Email,115,0,1
session_200,user_1823,3/29/2025 12:58,product_page,Desktop,France,Email,25,2,1
session_200,user_1823,3/29/2025 13:01,cart,Desktop,France,Email,167,2,1
session_200,user_1823,3/29/2025 13:02,checkout,Desktop,France,Email,32,2,1
session_200,user_1823,3/29/2025 13:03,confirmation,Desktop,France,Email,48,0,1
session_201,user_1028,8/5/2025 16:07,home,Desktop,USA,Google,65,0,1
session_201,user_1028,8/5/2025 16:10,product_page,Desktop,USA,Google,163,1,1
session_201,user_1028,8/5/2025 16:11,cart,Desktop,USA,Google,46,1,1
session_201,user_1028,8/5/2025 16:12,checkout,Desktop,USA,Google,93,1,1
session_201,user_1028,8/5/2025 16:13,confirmation,Desktop,USA,Google,46,0,1
session_202,user_1580,1/20/2025 15:40,home,Tablet,India,Google,119,0,1
session_202,user_1580,1/20/2025 15:42,product_page,Tablet,India,Google,103,2,1
session_202,user_1580,1/20/2025 15:44,cart,Tablet,India,Google,157,2,1
session_202,user_1580,1/20/2025 15:45,checkout,Tablet,India,Google,23,2,1
session_202,user_1580,1/20/2025 15:46,confirmation,Tablet,India,Google,82,0,1
session_203,user_1787,7/24/2025 16:52,home,Mobile,Canada,Social Media,30,0,0
session_203,user_1787,7/24/2025 16:54,product_page,Mobile,Canada,Social Media,93,4,0
session_203,user_1787,7/24/2025 16:56,cart,Mobile,Canada,Social Media,132,4,0
session_204,user_1062,3/29/2025 0:36,home,Mobile,Australia,Google,163,0,1
session_204,user_1062,3/29/2025 0:39,product_page,Mobile,Australia,Google,176,3,1
session_204,user_1062,3/29/2025 0:40,cart,Mobile,Australia,Google,84,3,1
session_204,user_1062,3/29/2025 0:42,checkout,Mobile,Australia,Google,100,3,1
session_204,user_1062,3/29/2025 0:44,confirmation,Mobile,Australia,Google,116,0,1
session_205,user_2037,6/18/2025 22:04,home,Mobile,France,Social Media,58,0,1
session_205,user_2037,6/18/2025 22:07,product_page,Mobile,France,Social Media,174,1,1
session_205,user_2037,6/18/2025 22:08,cart,Mobile,France,Social Media,54,1,1
session_205,user_2037,6/18/2025 22:10,checkout,Mobile,France,Social Media,119,1,1
session_205,user_2037,6/18/2025 22:11,confirmation,Mobile,France,Social Media,45,0,1
session_206,user_2902,7/12/2025 5:15,home,Mobile,Canada,Email,123,0,0
session_206,user_2902,7/12/2025 5:16,product_page,Mobile,Canada,Email,48,0,0
session_206,user_2902,7/12/2025 5:19,cart,Mobile,Canada,Email,158,1,0
session_207,user_2678,3/31/2025 3:17,home,Tablet,India,Google,158,0,0
session_207,user_2678,3/31/2025 3:20,product_page,Tablet,India,Google,176,3,0
session_208,user_2344,3/26/2025 21:22,home,Tablet,UK,Social Media,171,0,0
session_208,user_2344,3/26/2025 21:24,product_page,Tablet,UK,Social Media,108,5,0
session_209,user_2213,7/23/2025 17:29,home,Desktop,Canada,Email,139,0,1
session_209,user_2213,7/23/2025 17:29,product_page,Desktop,Canada,Email,19,0,1
session_209,user_2213,7/23/2025 17:31,cart,Desktop,Canada,Email,137,0,1
session_209,user_2213,7/23/2025 17:34,checkout,Desktop,Canada,Email,155,2,1
session_209,user_2213,7/23/2025 17:35,confirmation,Desktop,Canada,Email,79,0,1
session_210,user_1409,1/4/2025 10:20,home,Mobile,USA,Google,168,0,1
session_210,user_1409,1/4/2025 10:21,product_page,Mobile,USA,Google,57,0,1
session_210,user_1409,1/4/2025 10:23,cart,Mobile,USA,Google,134,5,1
session_210,user_1409,1/4/2025 10:24,checkout,Mobile,USA,Google,90,5,1
session_210,user_1409,1/4/2025 10:26,confirmation,Mobile,USA,Google,103,0,1
session_211,user_1179,1/25/2025 23:20,home,Mobile,India,Direct,135,0,0
session_211,user_1179,1/25/2025 23:21,product_page,Mobile,India,Direct,83,0,0
session_212,user_2008,8/3/2025 11:36,home,Desktop,UK,Social Media,171,0,0
session_212,user_2008,8/3/2025 11:39,product_page,Desktop,UK,Social Media,169,0,0
session_212,user_2008,8/3/2025 11:41,cart,Desktop,UK,Social Media,118,0,0
session_212,user_2008,8/3/2025 11:41,checkout,Desktop,UK,Social Media,45,3,0
session_213,user_2980,1/16/2025 10:53,home,Mobile,India,Social Media,147,0,0
session_213,user_2980,1/16/2025 10:55,product_page,Mobile,India,Social Media,172,0,0
session_214,user_2257,4/3/2025 3:52,home,Mobile,UK,Email,102,0,0
session_215,user_2787,4/5/2025 8:07,home,Tablet,Canada,Google,23,0,0
session_215,user_2787,4/5/2025 8:08,product_page,Tablet,Canada,Google,16,4,0
session_215,user_2787,4/5/2025 8:10,cart,Tablet,Canada,Google,150,4,0
session_216,user_1611,4/19/2025 6:21,home,Tablet,France,Google,125,0,1
session_216,user_1611,4/19/2025 6:23,product_page,Tablet,France,Google,125,0,1
session_216,user_1611,4/19/2025 6:24,cart,Tablet,France,Google,39,2,1
session_216,user_1611,4/19/2025 6:25,checkout,Tablet,France,Google,82,2,1
session_216,user_1611,4/19/2025 6:28,confirmation,Tablet,France,Google,161,0,1
session_217,user_1814,1/28/2025 8:39,home,Tablet,France,Email,35,0,1
session_217,user_1814,1/28/2025 8:40,product_page,Tablet,France,Email,28,0,1
session_217,user_1814,1/28/2025 8:40,cart,Tablet,France,Email,37,5,1
session_217,user_1814,1/28/2025 8:42,checkout,Tablet,France,Email,103,5,1
session_217,user_1814,1/28/2025 8:44,confirmation,Tablet,France,Email,110,0,1
session_218,user_2774,5/22/2025 20:41,home,Mobile,UK,Email,143,0,0
session_218,user_2774,5/22/2025 20:43,product_page,Mobile,UK,Email,148,3,0
session_219,user_2987,2/24/2025 23:10,home,Desktop,Germany,Email,15,0,0
session_219,user_2987,2/24/2025 23:12,product_page,Desktop,Germany,Email,145,1,0
session_220,user_1827,6/8/2025 8:39,home,Mobile,UK,Social Media,166,0,0
session_220,user_1827,6/8/2025 8:40,product_page,Mobile,UK,Social Media,65,0,0
session_221,user_2130,8/4/2025 0:07,home,Desktop,Canada,Google,155,0,0
session_221,user_2130,8/4/2025 0:08,product_page,Desktop,Canada,Google,68,2,0
session_222,user_1105,1/6/2025 6:48,home,Mobile,France,Email,147,0,0
session_223,user_2739,3/13/2025 12:58,home,Desktop,UK,Google,131,0,0
session_224,user_1644,7/18/2025 21:53,home,Desktop,Australia,Social Media,65,0,0
session_225,user_1845,6/29/2025 18:34,home,Desktop,Australia,Direct,71,0,1
session_225,user_1845,6/29/2025 18:35,product_page,Desktop,Australia,Direct,21,0,1
session_225,user_1845,6/29/2025 18:35,cart,Desktop,Australia,Direct,15,0,1
session_225,user_1845,6/29/2025 18:38,checkout,Desktop,Australia,Direct,156,3,1
session_225,user_1845,6/29/2025 18:40,confirmation,Desktop,Australia,Direct,149,0,1
session_226,user_1715,6/11/2025 17:50,home,Tablet,India,Social Media,129,0,0
session_226,user_1715,6/11/2025 17:53,product_page,Tablet,India,Social Media,174,3,0
session_227,user_2505,1/5/2025 18:20,home,Mobile,USA,Direct,111,0,0
session_227,user_2505,1/5/2025 18:22,product_page,Mobile,USA,Direct,115,1,0
session_228,user_1136,1/29/2025 3:50,home,Desktop,UK,Google,35,0,0
session_228,user_1136,1/29/2025 3:53,product_page,Desktop,UK,Google,151,5,0
session_229,user_2465,1/23/2025 18:49,home,Mobile,UK,Social Media,35,0,0
session_230,user_1053,6/20/2025 22:08,home,Mobile,France,Direct,41,0,1
session_230,user_1053,6/20/2025 22:11,product_page,Mobile,France,Direct,150,5,1
session_230,user_1053,6/20/2025 22:13,cart,Mobile,France,Direct,155,5,1
session_230,user_1053,6/20/2025 22:16,checkout,Mobile,France,Direct,178,5,1
session_230,user_1053,6/20/2025 22:17,confirmation,Mobile,France,Direct,16,0,1
session_231,user_2894,6/30/2025 1:49,home,Mobile,Germany,Direct,144,0,0
session_232,user_2096,6/5/2025 5:14,home,Mobile,Australia,Email,79,0,0
session_233,user_2422,4/1/2025 0:40,home,Desktop,Germany,Google,161,0,0
session_234,user_2075,6/22/2025 19:08,home,Tablet,UK,Direct,132,0,0
session_235,user_1064,7/10/2025 13:40,home,Tablet,India,Social Media,85,0,0
session_235,user_1064,7/10/2025 13:41,product_page,Tablet,India,Social Media,42,0,0
session_236,user_1611,3/14/2025 1:35,home,Mobile,USA,Google,74,0,0
session_236,user_1611,3/14/2025 1:37,product_page,Mobile,USA,Google,112,0,0
session_237,user_2354,4/3/2025 10:18,home,Tablet,UK,Google,162,0,0
session_237,user_2354,4/3/2025 10:19,product_page,Tablet,UK,Google,75,0,0
session_238,user_1429,5/10/2025 2:16,home,Tablet,Germany,Social Media,155,0,0
session_238,user_1429,5/10/2025 2:19,product_page,Tablet,Germany,Social Media,151,3,0
session_238,user_1429,5/10/2025 2:21,cart,Tablet,Germany,Social Media,115,3,0
session_239,user_1652,8/4/2025 10:46,home,Mobile,UK,Social Media,53,0,0
session_240,user_1400,6/10/2025 16:22,home,Mobile,India,Google,122,0,0
session_240,user_1400,6/10/2025 16:23,product_page,Mobile,India,Google,18,5,0
session_241,user_2055,1/29/2025 14:01,home,Tablet,UK,Google,45,0,0
session_241,user_2055,1/29/2025 14:03,product_page,Tablet,UK,Google,129,5,0
session_242,user_2239,2/3/2025 11:14,home,Desktop,UK,Email,111,0,1
session_242,user_2239,2/3/2025 11:15,product_page,Desktop,UK,Email,52,0,1
session_242,user_2239,2/3/2025 11:16,cart,Desktop,UK,Email,51,0,1
session_242,user_2239,2/3/2025 11:16,checkout,Desktop,UK,Email,16,2,1
session_242,user_2239,2/3/2025 11:19,confirmation,Desktop,UK,Email,175,0,1
session_243,user_2150,6/7/2025 17:28,home,Desktop,Germany,Social Media,135,0,0
session_243,user_2150,6/7/2025 17:30,product_page,Desktop,Germany,Social Media,140,2,0
session_244,user_2719,4/21/2025 6:48,home,Desktop,USA,Direct,68,0,0
session_244,user_2719,4/21/2025 6:50,product_page,Desktop,USA,Direct,109,4,0
session_245,user_1643,7/3/2025 6:53,home,Tablet,France,Google,85,0,0
session_245,user_1643,7/3/2025 6:55,product_page,Tablet,France,Google,118,0,0
session_246,user_2239,1/17/2025 4:22,home,Tablet,Germany,Email,101,0,0
session_246,user_2239,1/17/2025 4:24,product_page,Tablet,Germany,Email,116,2,0
session_247,user_1171,5/10/2025 18:11,home,Tablet,Canada,Social Media,43,0,0
session_247,user_1171,5/10/2025 18:12,product_page,Tablet,Canada,Social Media,27,3,0
session_247,user_1171,5/10/2025 18:13,cart,Tablet,Canada,Social Media,101,3,0
session_248,user_1611,5/1/2025 10:57,home,Mobile,Canada,Direct,100,0,0
session_249,user_1430,1/26/2025 18:55,home,Mobile,UK,Direct,46,0,0
session_249,user_1430,1/26/2025 18:57,product_page,Mobile,UK,Direct,127,0,0
session_250,user_2183,5/25/2025 12:05,home,Desktop,France,Social Media,180,0,1
session_250,user_2183,5/25/2025 12:06,product_page,Desktop,France,Social Media,43,0,1
session_250,user_2183,5/25/2025 12:07,cart,Desktop,France,Social Media,64,3,1
session_250,user_2183,5/25/2025 12:09,checkout,Desktop,France,Social Media,105,3,1
session_250,user_2183,5/25/2025 12:10,confirmation,Desktop,France,Social Media,78,0,1
session_251,user_2069,2/16/2025 14:10,home,Desktop,Australia,Direct,85,0,0
session_252,user_2257,7/26/2025 1:21,home,Mobile,Canada,Google,97,0,1
session_252,user_2257,7/26/2025 1:24,product_page,Mobile,Canada,Google,156,0,1
session_252,user_2257,7/26/2025 1:25,cart,Mobile,Canada,Google,87,3,1
session_252,user_2257,7/26/2025 1:27,checkout,Mobile,Canada,Google,85,3,1
session_252,user_2257,7/26/2025 1:28,confirmation,Mobile,Canada,Google,101,0,1
session_253,user_2814,8/26/2025 16:28,home,Mobile,India,Email,110,0,0
session_253,user_2814,8/26/2025 16:29,product_page,Mobile,India,Email,48,1,0
session_254,user_2447,8/9/2025 5:19,home,Tablet,India,Social Media,70,0,0
session_254,user_2447,8/9/2025 5:21,product_page,Tablet,India,Social Media,108,1,0
session_255,user_1849,7/19/2025 11:38,home,Tablet,France,Google,177,0,0
session_255,user_1849,7/19/2025 11:38,product_page,Tablet,France,Google,30,0,0
session_255,user_1849,7/19/2025 11:40,cart,Tablet,France,Google,108,1,0
session_256,user_2794,2/11/2025 16:02,home,Desktop,Canada,Social Media,134,0,0
session_257,user_1977,6/21/2025 18:56,home,Mobile,UK,Social Media,172,0,0
session_257,user_1977,6/21/2025 18:59,product_page,Mobile,UK,Social Media,180,5,0
session_258,user_2012,8/25/2025 1:11,home,Desktop,UK,Direct,167,0,0
session_258,user_2012,8/25/2025 1:12,product_page,Desktop,UK,Direct,65,0,0
session_259,user_2646,6/23/2025 14:09,home,Desktop,USA,Google,131,0,0
session_259,user_2646,6/23/2025 14:11,product_page,Desktop,USA,Google,100,5,0
session_260,user_1068,6/11/2025 3:14,home,Tablet,Australia,Direct,108,0,0
session_260,user_1068,6/11/2025 3:16,product_page,Tablet,Australia,Direct,104,0,0
session_260,user_1068,6/11/2025 3:16,cart,Tablet,Australia,Direct,38,0,0
session_261,user_1668,4/13/2025 5:03,home,Mobile,Canada,Email,124,0,0
session_262,user_1955,8/31/2025 23:50,home,Desktop,Australia,Social Media,89,0,0
session_262,user_1955,8/31/2025 23:51,product_page,Desktop,Australia,Social Media,20,0,0
session_263,user_1882,4/2/2025 17:41,home,Tablet,UK,Social Media,178,0,0
session_264,user_1321,4/10/2025 18:17,home,Desktop,France,Google,161,0,0
session_264,user_1321,4/10/2025 18:18,product_page,Desktop,France,Google,98,0,0
session_264,user_1321,4/10/2025 18:20,cart,Desktop,France,Google,104,0,0
session_265,user_1645,4/1/2025 6:24,home,Desktop,France,Social Media,46,0,0
session_265,user_1645,4/1/2025 6:25,product_page,Desktop,France,Social Media,59,0,0
session_265,user_1645,4/1/2025 6:27,cart,Desktop,France,Social Media,76,3,0
session_266,user_1009,2/1/2025 18:52,home,Desktop,USA,Social Media,22,0,0
session_266,user_1009,2/1/2025 18:54,product_page,Desktop,USA,Social Media,113,0,0
session_267,user_1313,4/10/2025 5:39,home,Desktop,Canada,Email,22,0,0
session_267,user_1313,4/10/2025 5:41,product_page,Desktop,Canada,Email,134,1,0
session_268,user_1435,8/3/2025 9:21,home,Tablet,France,Google,110,0,0
session_268,user_1435,8/3/2025 9:22,product_page,Tablet,France,Google,83,1,0
session_269,user_1576,6/25/2025 6:23,home,Desktop,Germany,Google,166,0,0
session_269,user_1576,6/25/2025 6:25,product_page,Desktop,Germany,Google,170,5,0
session_270,user_1043,6/18/2025 12:01,home,Desktop,Australia,Google,161,0,0
session_270,user_1043,6/18/2025 12:01,product_page,Desktop,Australia,Google,25,0,0
session_271,user_2203,5/31/2025 9:31,home,Tablet,Germany,Social Media,48,0,0
session_271,user_2203,5/31/2025 9:33,product_page,Tablet,Germany,Social Media,120,4,0
session_271,user_2203,5/31/2025 9:33,cart,Tablet,Germany,Social Media,28,4,0
session_272,user_1186,3/16/2025 1:04,home,Mobile,USA,Social Media,66,0,0
session_272,user_1186,3/16/2025 1:04,product_page,Mobile,USA,Social Media,17,0,0
session_273,user_1803,1/9/2025 18:43,home,Tablet,Germany,Google,20,0,0
session_273,user_1803,1/9/2025 18:44,product_page,Tablet,Germany,Google,62,0,0
session_274,user_2649,8/24/2025 0:11,home,Desktop,India,Google,93,0,0
session_274,user_2649,8/24/2025 0:14,product_page,Desktop,India,Google,145,0,0
session_274,user_2649,8/24/2025 0:16,cart,Desktop,India,Google,163,4,0
session_275,user_2030,4/18/2025 10:51,home,Tablet,India,Email,68,0,0
session_275,user_2030,4/18/2025 10:53,product_page,Tablet,India,Email,157,4,0
session_275,user_2030,4/18/2025 10:54,cart,Tablet,India,Email,45,4,0
session_276,user_1208,2/21/2025 3:07,home,Tablet,Canada,Email,89,0,0
session_276,user_1208,2/21/2025 3:09,product_page,Tablet,Canada,Email,76,3,0
session_277,user_1749,2/1/2025 19:09,home,Desktop,France,Google,32,0,0
session_277,user_1749,2/1/2025 19:12,product_page,Desktop,France,Google,152,3,0
session_278,user_2894,7/17/2025 15:41,home,Desktop,USA,Email,180,0,0
session_279,user_2152,2/21/2025 7:35,home,Tablet,Canada,Email,29,0,1
session_279,user_2152,2/21/2025 7:36,product_page,Tablet,Canada,Email,70,1,1
session_279,user_2152,2/21/2025 7:37,cart,Tablet,Canada,Email,64,1,1
session_279,user_2152,2/21/2025 7:39,checkout,Tablet,Canada,Email,92,1,1
session_279,user_2152,2/21/2025 7:42,confirmation,Tablet,Canada,Email,178,0,1
session_280,user_2564,8/14/2025 3:05,home,Desktop,Canada,Google,58,0,1
session_280,user_2564,8/14/2025 3:06,product_page,Desktop,Canada,Google,82,3,1
session_280,user_2564,8/14/2025 3:06,cart,Desktop,Canada,Google,29,3,1
session_280,user_2564,8/14/2025 3:09,checkout,Desktop,Canada,Google,142,3,1
session_280,user_2564,8/14/2025 3:11,confirmation,Desktop,Canada,Google,131,0,1
session_281,user_2699,1/7/2025 0:21,home,Desktop,India,Email,60,0,0
session_281,user_2699,1/7/2025 0:22,product_page,Desktop,India,Email,58,3,0
session_281,user_2699,1/7/2025 0:25,cart,Desktop,India,Email,170,3,0
session_282,user_2334,2/20/2025 20:24,home,Desktop,France,Direct,69,0,0
session_283,user_2964,5/17/2025 11:03,home,Mobile,Germany,Direct,65,0,0
session_283,user_2964,5/17/2025 11:06,product_page,Mobile,Germany,Direct,166,0,0
session_284,user_2866,4/12/2025 18:30,home,Desktop,France,Direct,40,0,1
session_284,user_2866,4/12/2025 18:32,product_page,Desktop,France,Direct,119,1,1
session_284,user_2866,4/12/2025 18:34,cart,Desktop,France,Direct,163,1,1
session_284,user_2866,4/12/2025 18:35,checkout,Desktop,France,Direct,25,1,1
session_284,user_2866,4/12/2025 18:37,confirmation,Desktop,France,Direct,120,0,1
session_285,user_2577,6/11/2025 10:39,home,Desktop,UK,Social Media,147,0,0
session_285,user_2577,6/11/2025 10:41,product_page,Desktop,UK,Social Media,103,3,0
session_286,user_1743,8/16/2025 6:31,home,Mobile,Canada,Direct,132,0,1
session_286,user_1743,8/16/2025 6:32,product_page,Mobile,Canada,Direct,20,0,1
session_286,user_1743,8/16/2025 6:34,cart,Mobile,Canada,Direct,106,1,1
session_286,user_1743,8/16/2025 6:34,checkout,Mobile,Canada,Direct,25,1,1
session_286,user_1743,8/16/2025 6:36,confirmation,Mobile,Canada,Direct,114,0,1
session_287,user_1429,5/9/2025 13:10,home,Desktop,France,Social Media,48,0,0
session_287,user_1429,5/9/2025 13:12,product_page,Desktop,France,Social Media,156,0,0
session_288,user_1913,8/29/2025 21:57,home,Desktop,Canada,Email,157,0,0
session_288,user_1913,8/29/2025 21:58,product_page,Desktop,Canada,Email,32,5,0
session_288,user_1913,8/29/2025 21:59,cart,Desktop,Canada,Email,96,5,0
session_289,user_2848,7/24/2025 6:49,home,Desktop,USA,Direct,43,0,0
session_289,user_2848,7/24/2025 6:50,product_page,Desktop,USA,Direct,84,4,0
session_290,user_1345,7/15/2025 0:05,home,Desktop,Canada,Social Media,76,0,0
session_291,user_2948,1/14/2025 21:29,home,Tablet,UK,Social Media,107,0,0
session_291,user_2948,1/14/2025 21:31,product_page,Tablet,UK,Social Media,132,0,0
session_292,user_1573,4/10/2025 1:23,home,Mobile,Canada,Google,154,0,0
session_293,user_1891,4/26/2025 12:25,home,Desktop,USA,Social Media,129,0,0
session_294,user_2547,7/26/2025 20:32,home,Mobile,France,Email,177,0,0
session_294,user_2547,7/26/2025 20:35,product_page,Mobile,France,Email,172,0,0
session_295,user_1874,7/14/2025 11:17,home,Mobile,USA,Email,63,0,0
session_295,user_1874,7/14/2025 11:19,product_page,Mobile,USA,Email,112,0,0
session_296,user_1450,7/27/2025 14:28,home,Tablet,USA,Social Media,53,0,0
session_296,user_1450,7/27/2025 14:29,product_page,Tablet,USA,Social Media,57,0,0
session_297,user_1666,3/28/2025 1:19,home,Tablet,Germany,Email,73,0,1
session_297,user_1666,3/28/2025 1:22,product_page,Tablet,Germany,Email,140,0,1
session_297,user_1666,3/28/2025 1:22,cart,Tablet,Germany,Email,20,2,1
session_297,user_1666,3/28/2025 1:23,checkout,Tablet,Germany,Email,54,2,1
session_297,user_1666,3/28/2025 1:23,confirmation,Tablet,Germany,Email,18,0,1
session_298,user_2501,5/1/2025 10:47,home,Tablet,India,Social Media,90,0,1
session_298,user_2501,5/1/2025 10:48,product_page,Tablet,India,Social Media,32,1,1
session_298,user_2501,5/1/2025 10:50,cart,Tablet,India,Social Media,122,1,1
session_298,user_2501,5/1/2025 10:50,checkout,Tablet,India,Social Media,30,1,1
session_298,user_2501,5/1/2025 10:53,confirmation,Tablet,India,Social Media,151,0,1
session_299,user_1167,7/18/2025 21:46,home,Desktop,UK,Direct,46,0,1
session_299,user_1167,7/18/2025 21:47,product_page,Desktop,UK,Direct,58,4,1
session_299,user_1167,7/18/2025 21:48,cart,Desktop,UK,Direct,62,4,1
session_299,user_1167,7/18/2025 21:50,checkout,Desktop,UK,Direct,115,4,1
session_299,user_1167,7/18/2025 21:51,confirmation,Desktop,UK,Direct,81,0,1
session_300,user_2761,8/21/2025 0:22,home,Tablet,France,Social Media,15,0,0
session_300,user_2761,8/21/2025 0:24,product_page,Tablet,France,Social Media,85,4,0
session_301,user_1345,2/5/2025 19:21,home,Desktop,India,Direct,111,0,0
session_302,user_1747,6/24/2025 9:50,home,Tablet,France,Google,170,0,0
session_302,user_1747,6/24/2025 9:53,product_page,Tablet,France,Google,172,1,0
session_303,user_2225,1/5/2025 20:13,home,Tablet,USA,Email,63,0,0
session_303,user_2225,1/5/2025 20:15,product_page,Tablet,USA,Email,136,0,0
session_304,user_1877,8/9/2025 7:19,home,Tablet,Germany,Direct,96,0,1
session_304,user_1877,8/9/2025 7:20,product_page,Tablet,Germany,Direct,73,0,1
session_304,user_1877,8/9/2025 7:23,cart,Tablet,Germany,Direct,174,1,1
session_304,user_1877,8/9/2025 7:24,checkout,Tablet,Germany,Direct,66,1,1
session_304,user_1877,8/9/2025 7:26,confirmation,Tablet,Germany,Direct,108,0,1
session_305,user_2613,6/29/2025 0:42,home,Mobile,France,Social Media,50,0,0
session_305,user_2613,6/29/2025 0:44,product_page,Mobile,France,Social Media,101,1,0
session_306,user_2502,2/4/2025 20:08,home,Tablet,Australia,Direct,96,0,0
session_307,user_2097,1/10/2025 9:38,home,Desktop,UK,Social Media,58,0,0
session_307,user_2097,1/10/2025 9:39,product_page,Desktop,UK,Social Media,22,1,0
session_308,user_2673,7/4/2025 16:58,home,Tablet,UK,Google,61,0,0
session_309,user_1565,7/9/2025 11:39,home,Mobile,Australia,Social Media,51,0,0
session_309,user_1565,7/9/2025 11:41,product_page,Mobile,Australia,Social Media,111,4,0
session_310,user_1736,5/8/2025 13:14,home,Tablet,USA,Social Media,130,0,1
session_310,user_1736,5/8/2025 13:15,product_page,Tablet,USA,Social Media,93,0,1
session_310,user_1736,5/8/2025 13:16,cart,Tablet,USA,Social Media,53,3,1
session_310,user_1736,5/8/2025 13:17,checkout,Tablet,USA,Social Media,45,3,1
session_310,user_1736,5/8/2025 13:19,confirmation,Tablet,USA,Social Media,145,0,1
session_311,user_1519,3/28/2025 13:28,home,Mobile,Australia,Direct,105,0,0
session_311,user_1519,3/28/2025 13:28,product_page,Mobile,Australia,Direct,48,0,0
session_312,user_2966,5/13/2025 13:00,home,Desktop,UK,Social Media,80,0,0
session_312,user_2966,5/13/2025 13:01,product_page,Desktop,UK,Social Media,48,0,0
session_313,user_2565,2/10/2025 18:25,home,Tablet,Australia,Email,166,0,1
session_313,user_2565,2/10/2025 18:27,product_page,Tablet,Australia,Email,92,0,1
session_313,user_2565,2/10/2025 18:30,cart,Tablet,Australia,Email,176,0,1
session_313,user_2565,2/10/2025 18:32,checkout,Tablet,Australia,Email,125,2,1
session_313,user_2565,2/10/2025 18:32,confirmation,Tablet,Australia,Email,42,0,1
session_314,user_1899,3/8/2025 2:01,home,Mobile,Australia,Direct,140,0,0
session_314,user_1899,3/8/2025 2:02,product_page,Mobile,Australia,Direct,41,5,0
session_315,user_2527,7/20/2025 12:42,home,Desktop,USA,Direct,118,0,0
session_315,user_2527,7/20/2025 12:45,product_page,Desktop,USA,Direct,169,4,0
session_316,user_2967,2/5/2025 13:10,home,Desktop,India,Google,112,0,1
session_316,user_2967,2/5/2025 13:13,product_page,Desktop,India,Google,141,4,1
session_316,user_2967,2/5/2025 13:14,cart,Desktop,India,Google,88,4,1
session_316,user_2967,2/5/2025 13:17,checkout,Desktop,India,Google,168,4,1
session_316,user_2967,2/5/2025 13:18,confirmation,Desktop,India,Google,54,0,1
session_317,user_1341,3/21/2025 11:21,home,Tablet,France,Direct,147,0,1
session_317,user_1341,3/21/2025 11:22,product_page,Tablet,France,Direct,54,3,1
session_317,user_1341,3/21/2025 11:25,cart,Tablet,France,Direct,133,3,1
session_317,user_1341,3/21/2025 11:27,checkout,Tablet,France,Direct,136,3,1
session_317,user_1341,3/21/2025 11:27,confirmation,Tablet,France,Direct,35,0,1
session_318,user_2355,3/20/2025 15:24,home,Tablet,Canada,Direct,105,0,0
session_318,user_2355,3/20/2025 15:25,product_page,Tablet,Canada,Direct,94,0,0
session_319,user_2610,1/16/2025 23:25,home,Mobile,France,Direct,176,0,1
session_319,user_2610,1/16/2025 23:28,product_page,Mobile,France,Direct,130,5,1
session_319,user_2610,1/16/2025 23:29,cart,Mobile,France,Direct,75,5,1
session_319,user_2610,1/16/2025 23:31,checkout,Mobile,France,Direct,133,5,1
session_319,user_2610,1/16/2025 23:34,confirmation,Mobile,France,Direct,165,0,1
session_320,user_1160,2/20/2025 19:42,home,Desktop,Australia,Google,165,0,0
session_320,user_1160,2/20/2025 19:44,product_page,Desktop,Australia,Google,149,1,0
session_321,user_1542,2/8/2025 15:00,home,Mobile,India,Google,101,0,1
session_321,user_1542,2/8/2025 15:01,product_page,Mobile,India,Google,46,3,1
session_321,user_1542,2/8/2025 15:03,cart,Mobile,India,Google,143,3,1
session_321,user_1542,2/8/2025 15:05,checkout,Mobile,India,Google,121,3,1
session_321,user_1542,2/8/2025 15:06,confirmation,Mobile,India,Google,21,0,1
session_322,user_2395,7/7/2025 6:50,home,Tablet,Germany,Google,164,0,0
session_322,user_2395,7/7/2025 6:52,product_page,Tablet,Germany,Google,126,2,0
session_323,user_2335,4/30/2025 6:25,home,Desktop,UK,Direct,132,0,0
session_323,user_2335,4/30/2025 6:26,product_page,Desktop,UK,Direct,96,0,0
session_324,user_1472,1/6/2025 9:36,home,Tablet,India,Social Media,43,0,1
session_324,user_1472,1/6/2025 9:39,product_page,Tablet,India,Social Media,146,3,1
session_324,user_1472,1/6/2025 9:41,cart,Tablet,India,Social Media,140,3,1
session_324,user_1472,1/6/2025 9:42,checkout,Tablet,India,Social Media,81,3,1
session_324,user_1472,1/6/2025 9:43,confirmation,Tablet,India,Social Media,47,0,1
session_325,user_1431,3/23/2025 20:12,home,Mobile,Australia,Direct,30,0,0
session_326,user_2862,5/12/2025 5:36,home,Tablet,India,Direct,128,0,0
session_326,user_2862,5/12/2025 5:37,product_page,Tablet,India,Direct,63,0,0
session_327,user_1807,3/14/2025 21:04,home,Mobile,Germany,Email,135,0,1
session_327,user_1807,3/14/2025 21:05,product_page,Mobile,Germany,Email,72,0,1
session_327,user_1807,3/14/2025 21:07,cart,Mobile,Germany,Email,124,2,1
session_327,user_1807,3/14/2025 21:08,checkout,Mobile,Germany,Email,44,2,1
session_327,user_1807,3/14/2025 21:09,confirmation,Mobile,Germany,Email,88,0,1
session_328,user_2173,8/17/2025 22:01,home,Tablet,USA,Google,105,0,1
session_328,user_2173,8/17/2025 22:04,product_page,Tablet,USA,Google,141,2,1
session_328,user_2173,8/17/2025 22:04,cart,Tablet,USA,Google,52,2,1
session_328,user_2173,8/17/2025 22:05,checkout,Tablet,USA,Google,39,2,1
session_328,user_2173,8/17/2025 22:08,confirmation,Tablet,USA,Google,174,0,1
session_329,user_2983,2/3/2025 0:41,home,Tablet,Germany,Social Media,85,0,0
session_329,user_2983,2/3/2025 0:42,product_page,Tablet,Germany,Social Media,27,0,0
session_330,user_1403,5/2/2025 14:46,home,Desktop,India,Social Media,123,0,0
session_330,user_1403,5/2/2025 14:49,product_page,Desktop,India,Social Media,173,0,0
session_331,user_2579,6/21/2025 1:24,home,Tablet,India,Social Media,116,0,1
session_331,user_2579,6/21/2025 1:25,product_page,Tablet,India,Social Media,53,5,1
session_331,user_2579,6/21/2025 1:28,cart,Tablet,India,Social Media,167,5,1
session_331,user_2579,6/21/2025 1:30,checkout,Tablet,India,Social Media,125,5,1
session_331,user_2579,6/21/2025 1:32,confirmation,Tablet,India,Social Media,113,0,1
session_332,user_1849,4/30/2025 21:32,home,Mobile,Canada,Social Media,145,0,1
session_332,user_1849,4/30/2025 21:35,product_page,Mobile,Canada,Social Media,165,5,1
session_332,user_1849,4/30/2025 21:37,cart,Mobile,Canada,Social Media,158,5,1
session_332,user_1849,4/30/2025 21:38,checkout,Mobile,Canada,Social Media,53,5,1
session_332,user_1849,4/30/2025 21:40,confirmation,Mobile,Canada,Social Media,101,0,1
session_333,user_2197,3/4/2025 18:45,home,Mobile,India,Direct,39,0,0
session_333,user_2197,3/4/2025 18:45,product_page,Mobile,India,Direct,31,5,0
session_334,user_1863,3/23/2025 13:36,home,Tablet,Australia,Social Media,115,0,0
session_334,user_1863,3/23/2025 13:39,product_page,Tablet,Australia,Social Media,164,5,0
session_335,user_2054,7/19/2025 11:36,home,Tablet,India,Direct,50,0,0
session_335,user_2054,7/19/2025 11:37,product_page,Tablet,India,Direct,68,0,0
session_335,user_2054,7/19/2025 11:39,cart,Tablet,India,Direct,118,2,0
session_336,user_2741,8/4/2025 17:11,home,Tablet,UK,Direct,46,0,0
session_336,user_2741,8/4/2025 17:13,product_page,Tablet,UK,Direct,85,5,0
session_336,user_2741,8/4/2025 17:15,cart,Tablet,UK,Direct,126,5,0
session_337,user_2336,1/3/2025 9:03,home,Desktop,Australia,Google,102,0,1
session_337,user_2336,1/3/2025 9:05,product_page,Desktop,Australia,Google,131,0,1
session_337,user_2336,1/3/2025 9:06,cart,Desktop,Australia,Google,37,0,1
session_337,user_2336,1/3/2025 9:09,checkout,Desktop,Australia,Google,179,1,1
session_337,user_2336,1/3/2025 9:11,confirmation,Desktop,Australia,Google,119,0,1
session_338,user_2368,2/9/2025 6:18,home,Mobile,USA,Google,25,0,0
session_338,user_2368,2/9/2025 6:21,product_page,Mobile,USA,Google,155,5,0
session_338,user_2368,2/9/2025 6:23,cart,Mobile,USA,Google,142,5,0
session_339,user_1870,8/29/2025 17:26,home,Mobile,USA,Google,158,0,1
session_339,user_1870,8/29/2025 17:26,product_page,Mobile,USA,Google,47,2,1
session_339,user_1870,8/29/2025 17:29,cart,Mobile,USA,Google,138,2,1
session_339,user_1870,8/29/2025 17:31,checkout,Mobile,USA,Google,120,2,1
session_339,user_1870,8/29/2025 17:33,confirmation,Mobile,USA,Google,116,0,1
session_340,user_1807,1/14/2025 13:47,home,Tablet,USA,Google,83,0,0
session_340,user_1807,1/14/2025 13:49,product_page,Tablet,USA,Google,136,3,0
session_341,user_1631,2/24/2025 22:39,home,Mobile,Canada,Google,57,0,0
session_341,user_1631,2/24/2025 22:40,product_page,Mobile,Canada,Google,51,0,0
session_342,user_2576,6/4/2025 16:36,home,Tablet,India,Email,31,0,0
session_342,user_2576,6/4/2025 16:39,product_page,Tablet,India,Email,137,2,0
session_343,user_2053,3/14/2025 12:05,home,Mobile,USA,Social Media,124,0,1
session_343,user_2053,3/14/2025 12:08,product_page,Mobile,USA,Social Media,179,0,1
session_343,user_2053,3/14/2025 12:09,cart,Mobile,USA,Social Media,34,0,1
session_343,user_2053,3/14/2025 12:10,checkout,Mobile,USA,Social Media,39,1,1
session_343,user_2053,3/14/2025 12:12,confirmation,Mobile,USA,Social Media,145,0,1
session_344,user_1511,6/5/2025 8:02,home,Desktop,Germany,Direct,29,0,0
session_344,user_1511,6/5/2025 8:04,product_page,Desktop,Germany,Direct,93,1,0
session_344,user_1511,6/5/2025 8:05,cart,Desktop,Germany,Direct,65,1,0
session_344,user_1511,6/5/2025 8:07,checkout,Desktop,Germany,Direct,87,1,0
session_345,user_2527,1/24/2025 23:12,home,Tablet,France,Email,23,0,0
session_345,user_2527,1/24/2025 23:13,product_page,Tablet,France,Email,57,0,0
session_346,user_2703,2/18/2025 18:11,home,Tablet,France,Email,120,0,0
session_346,user_2703,2/18/2025 18:14,product_page,Tablet,France,Email,179,1,0
session_347,user_2586,8/31/2025 20:13,home,Mobile,UK,Email,56,0,0
session_347,user_2586,8/31/2025 20:16,product_page,Mobile,UK,Email,166,3,0
session_348,user_1472,8/10/2025 1:36,home,Mobile,Canada,Google,98,0,0
session_348,user_1472,8/10/2025 1:39,product_page,Mobile,Canada,Google,162,0,0
session_349,user_2107,7/15/2025 10:20,home,Desktop,India,Email,90,0,0
session_349,user_2107,7/15/2025 10:21,product_page,Desktop,India,Email,104,0,0
session_350,user_2491,6/19/2025 14:32,home,Tablet,France,Google,106,0,1
session_350,user_2491,6/19/2025 14:33,product_page,Tablet,France,Google,58,0,1
session_350,user_2491,6/19/2025 14:33,cart,Tablet,France,Google,43,3,1
session_350,user_2491,6/19/2025 14:36,checkout,Tablet,France,Google,135,3,1
session_350,user_2491,6/19/2025 14:37,confirmation,Tablet,France,Google,67,0,1
session_351,user_2874,5/9/2025 13:29,home,Tablet,Australia,Direct,27,0,0
session_351,user_2874,5/9/2025 13:31,product_page,Tablet,Australia,Direct,128,5,0
session_352,user_1678,3/21/2025 2:18,home,Desktop,India,Direct,50,0,1
session_352,user_1678,3/21/2025 2:21,product_page,Desktop,India,Direct,151,4,1
session_352,user_1678,3/21/2025 2:21,cart,Desktop,India,Direct,42,4,1
session_352,user_1678,3/21/2025 2:23,checkout,Desktop,India,Direct,117,4,1
session_352,user_1678,3/21/2025 2:24,confirmation,Desktop,India,Direct,16,0,1
session_353,user_2066,8/11/2025 13:59,home,Desktop,France,Google,70,0,0
session_354,user_1904,5/21/2025 17:19,home,Tablet,Canada,Google,92,0,1
session_354,user_1904,5/21/2025 17:21,product_page,Tablet,Canada,Google,145,0,1
session_354,user_1904,5/21/2025 17:24,cart,Tablet,Canada,Google,165,1,1
session_354,user_1904,5/21/2025 17:26,checkout,Tablet,Canada,Google,127,1,1
session_354,user_1904,5/21/2025 17:27,confirmation,Tablet,Canada,Google,44,0,1
session_355,user_1663,5/27/2025 7:40,home,Mobile,USA,Social Media,144,0,1
session_355,user_1663,5/27/2025 7:42,product_page,Mobile,USA,Social Media,117,3,1
session_355,user_1663,5/27/2025 7:45,cart,Mobile,USA,Social Media,151,3,1
session_355,user_1663,5/27/2025 7:47,checkout,Mobile,USA,Social Media,125,3,1
session_355,user_1663,5/27/2025 7:47,confirmation,Mobile,USA,Social Media,16,0,1
session_356,user_1771,8/19/2025 8:19,home,Desktop,Australia,Google,40,0,0
session_356,user_1771,8/19/2025 8:20,product_page,Desktop,Australia,Google,77,0,0
session_356,user_1771,8/19/2025 8:22,cart,Desktop,Australia,Google,104,2,0
session_356,user_1771,8/19/2025 8:24,checkout,Desktop,Australia,Google,151,2,0
session_357,user_1612,1/29/2025 20:20,home,Mobile,UK,Email,131,0,0
session_357,user_1612,1/29/2025 20:23,product_page,Mobile,UK,Email,154,5,0
session_357,user_1612,1/29/2025 20:23,cart,Mobile,UK,Email,35,5,0
session_358,user_2901,4/26/2025 16:59,home,Mobile,France,Google,81,0,0
session_359,user_2113,7/3/2025 19:56,home,Mobile,Canada,Google,103,0,0
session_359,user_2113,7/3/2025 19:58,product_page,Mobile,Canada,Google,104,5,0
session_359,user_2113,7/3/2025 20:00,cart,Mobile,Canada,Google,149,5,0
session_359,user_2113,7/3/2025 20:01,checkout,Mobile,Canada,Google,31,5,0
session_360,user_1764,3/29/2025 19:50,home,Tablet,USA,Email,127,0,0
session_360,user_1764,3/29/2025 19:50,product_page,Tablet,USA,Email,39,1,0
session_361,user_2330,2/15/2025 10:22,home,Tablet,India,Social Media,142,0,0
session_361,user_2330,2/15/2025 10:22,product_page,Tablet,India,Social Media,36,2,0
session_361,user_2330,2/15/2025 10:25,cart,Tablet,India,Social Media,155,2,0
session_362,user_2745,3/26/2025 13:32,home,Desktop,UK,Direct,15,0,0
session_363,user_2751,7/8/2025 11:56,home,Desktop,India,Social Media,106,0,0
session_363,user_2751,7/8/2025 11:58,product_page,Desktop,India,Social Media,129,4,0
session_364,user_2249,7/4/2025 0:58,home,Desktop,Germany,Social Media,167,0,0
session_365,user_2605,4/8/2025 13:52,home,Desktop,UK,Direct,102,0,0
session_365,user_2605,4/8/2025 13:53,product_page,Desktop,UK,Direct,71,3,0
session_366,user_1228,1/21/2025 9:07,home,Mobile,UK,Email,121,0,0
session_366,user_1228,1/21/2025 9:08,product_page,Mobile,UK,Email,77,4,0
session_366,user_1228,1/21/2025 9:10,cart,Mobile,UK,Email,73,4,0
session_367,user_1564,3/21/2025 2:58,home,Tablet,Canada,Email,82,0,0
session_367,user_1564,3/21/2025 3:00,product_page,Tablet,Canada,Email,107,0,0
session_368,user_2339,3/30/2025 3:22,home,Tablet,France,Email,100,0,0
session_369,user_1374,3/19/2025 15:40,home,Mobile,UK,Google,68,0,0
session_370,user_2962,7/28/2025 13:54,home,Desktop,Germany,Social Media,87,0,0
session_371,user_2647,1/7/2025 23:13,home,Mobile,USA,Direct,162,0,0
session_371,user_2647,1/7/2025 23:15,product_page,Mobile,USA,Direct,158,0,0
session_372,user_2533,3/29/2025 9:33,home,Tablet,Australia,Email,149,0,0
session_372,user_2533,3/29/2025 9:36,product_page,Tablet,Australia,Email,169,0,0
session_373,user_2565,6/6/2025 17:46,home,Desktop,USA,Email,43,0,0
session_373,user_2565,6/6/2025 17:48,product_page,Desktop,USA,Email,143,5,0
session_374,user_2552,3/25/2025 17:31,home,Tablet,USA,Social Media,178,0,0
session_374,user_2552,3/25/2025 17:32,product_page,Tablet,USA,Social Media,17,3,0
session_375,user_1752,3/12/2025 3:08,home,Mobile,USA,Social Media,155,0,0
session_375,user_1752,3/12/2025 3:10,product_page,Mobile,USA,Social Media,111,3,0
session_375,user_1752,3/12/2025 3:12,cart,Mobile,USA,Social Media,117,3,0
session_376,user_1060,6/26/2025 18:41,home,Tablet,Germany,Social Media,150,0,0
session_376,user_1060,6/26/2025 18:41,product_page,Tablet,Germany,Social Media,25,3,0
session_377,user_2108,6/20/2025 4:55,home,Desktop,Australia,Google,174,0,0
session_377,user_2108,6/20/2025 4:56,product_page,Desktop,Australia,Google,66,3,0
session_378,user_1083,2/15/2025 16:39,home,Desktop,Canada,Direct,100,0,0
session_378,user_1083,2/15/2025 16:40,product_page,Desktop,Canada,Direct,87,0,0
session_378,user_1083,2/15/2025 16:41,cart,Desktop,Canada,Direct,24,0,0
session_379,user_1362,1/13/2025 14:59,home,Mobile,Australia,Direct,59,0,1
session_379,user_1362,1/13/2025 15:00,product_page,Mobile,Australia,Direct,66,0,1
session_379,user_1362,1/13/2025 15:03,cart,Mobile,Australia,Direct,132,2,1
session_379,user_1362,1/13/2025 15:04,checkout,Mobile,Australia,Direct,57,2,1
session_379,user_1362,1/13/2025 15:05,confirmation,Mobile,Australia,Direct,111,0,1
session_380,user_2868,8/9/2025 18:07,home,Mobile,Canada,Google,110,0,1
session_380,user_2868,8/9/2025 18:09,product_page,Mobile,Canada,Google,102,3,1
session_380,user_2868,8/9/2025 18:09,cart,Mobile,Canada,Google,54,3,1
session_380,user_2868,8/9/2025 18:11,checkout,Mobile,Canada,Google,111,3,1
session_380,user_2868,8/9/2025 18:12,confirmation,Mobile,Canada,Google,31,0,1
session_381,user_1781,4/4/2025 8:58,home,Mobile,India,Google,16,0,0
session_382,user_1735,3/1/2025 2:08,home,Tablet,Australia,Google,160,0,0
session_383,user_1085,4/4/2025 6:39,home,Desktop,France,Direct,47,0,0
session_383,user_1085,4/4/2025 6:39,product_page,Desktop,France,Direct,18,3,0
session_384,user_2078,2/28/2025 23:59,home,Mobile,UK,Email,122,0,0
session_384,user_2078,2/28/2025 23:59,product_page,Mobile,UK,Email,31,5,0
session_385,user_2821,1/8/2025 12:10,home,Tablet,USA,Google,51,0,0
session_385,user_2821,1/8/2025 12:11,product_page,Tablet,USA,Google,75,3,0
session_386,user_2318,5/25/2025 10:19,home,Mobile,Germany,Email,16,0,0
session_386,user_2318,5/25/2025 10:20,product_page,Mobile,Germany,Email,30,3,0
session_387,user_1541,8/30/2025 14:23,home,Mobile,Canada,Direct,127,0,0
session_387,user_1541,8/30/2025 14:26,product_page,Mobile,Canada,Direct,141,3,0
session_388,user_2845,8/17/2025 5:44,home,Desktop,France,Email,137,0,1
session_388,user_2845,8/17/2025 5:45,product_page,Desktop,France,Email,72,4,1
session_388,user_2845,8/17/2025 5:48,cart,Desktop,France,Email,158,4,1
session_388,user_2845,8/17/2025 5:49,checkout,Desktop,France,Email,68,4,1
session_388,user_2845,8/17/2025 5:49,confirmation,Desktop,France,Email,19,0,1
session_389,user_1667,7/21/2025 8:32,home,Tablet,USA,Email,128,0,0
session_390,user_2624,7/18/2025 0:19,home,Tablet,UK,Google,146,0,1
session_390,user_2624,7/18/2025 0:19,product_page,Tablet,UK,Google,35,1,1
session_390,user_2624,7/18/2025 0:21,cart,Tablet,UK,Google,100,1,1
session_390,user_2624,7/18/2025 0:22,checkout,Tablet,UK,Google,61,1,1
session_390,user_2624,7/18/2025 0:24,confirmation,Tablet,UK,Google,138,0,1
session_391,user_2774,3/7/2025 20:19,home,Mobile,USA,Direct,117,0,1
session_391,user_2774,3/7/2025 20:20,product_page,Mobile,USA,Direct,64,3,1
session_391,user_2774,3/7/2025 20:23,cart,Mobile,USA,Direct,139,3,1
session_391,user_2774,3/7/2025 20:25,checkout,Mobile,USA,Direct,169,3,1
session_391,user_2774,3/7/2025 20:28,confirmation,Mobile,USA,Direct,150,0,1
session_392,user_2495,3/11/2025 5:37,home,Desktop,USA,Email,127,0,0
session_392,user_2495,3/11/2025 5:40,product_page,Desktop,USA,Email,145,5,0
session_393,user_2944,7/5/2025 8:30,home,Mobile,Australia,Direct,144,0,0
session_393,user_2944,7/5/2025 8:32,product_page,Mobile,Australia,Direct,98,1,0
session_394,user_2831,8/4/2025 10:04,home,Desktop,UK,Social Media,158,0,0
session_394,user_2831,8/4/2025 10:06,product_page,Desktop,UK,Social Media,125,0,0
session_394,user_2831,8/4/2025 10:07,cart,Desktop,UK,Social Media,81,2,0
session_395,user_1835,8/6/2025 10:27,home,Desktop,Australia,Google,36,0,0
session_395,user_1835,8/6/2025 10:28,product_page,Desktop,Australia,Google,99,3,0
session_395,user_1835,8/6/2025 10:29,cart,Desktop,Australia,Google,37,3,0
session_395,user_1835,8/6/2025 10:31,checkout,Desktop,Australia,Google,121,3,0
session_396,user_1551,4/10/2025 15:23,home,Desktop,Germany,Direct,48,0,0
session_397,user_2848,6/16/2025 4:52,home,Desktop,UK,Direct,96,0,0
session_397,user_2848,6/16/2025 4:54,product_page,Desktop,UK,Direct,122,0,0
session_398,user_2970,7/26/2025 10:35,home,Mobile,France,Email,98,0,0
session_399,user_1913,7/21/2025 6:41,home,Tablet,UK,Google,83,0,0
session_399,user_1913,7/21/2025 6:43,product_page,Tablet,UK,Google,168,1,0
session_400,user_2011,4/12/2025 1:34,home,Tablet,Canada,Google,173,0,0
session_400,user_2011,4/12/2025 1:35,product_page,Tablet,Canada,Google,65,5,0
session_401,user_1373,3/16/2025 7:23,home,Tablet,UK,Direct,67,0,1
session_401,user_1373,3/16/2025 7:24,product_page,Tablet,UK,Direct,57,5,1
session_401,user_1373,3/16/2025 7:25,cart,Tablet,UK,Direct,56,5,1
session_401,user_1373,3/16/2025 7:27,checkout,Tablet,UK,Direct,110,5,1
session_401,user_1373,3/16/2025 7:27,confirmation,Tablet,UK,Direct,38,0,1
session_402,user_1722,8/4/2025 0:29,home,Tablet,India,Google,116,0,1
session_402,user_1722,8/4/2025 0:31,product_page,Tablet,India,Google,120,0,1
session_402,user_1722,8/4/2025 0:31,cart,Tablet,India,Google,39,4,1
session_402,user_1722,8/4/2025 0:32,checkout,Tablet,India,Google,15,4,1
session_402,user_1722,8/4/2025 0:34,confirmation,Tablet,India,Google,145,0,1
session_403,user_2108,7/6/2025 20:06,home,Desktop,Germany,Google,56,0,0
session_403,user_2108,7/6/2025 20:09,product_page,Desktop,Germany,Google,179,0,0
session_403,user_2108,7/6/2025 20:09,cart,Desktop,Germany,Google,32,0,0
session_404,user_1111,8/28/2025 1:30,home,Tablet,France,Google,171,0,0
session_404,user_1111,8/28/2025 1:32,product_page,Tablet,France,Google,122,4,0
session_405,user_2969,3/29/2025 14:09,home,Desktop,USA,Social Media,39,0,0
session_405,user_2969,3/29/2025 14:09,product_page,Desktop,USA,Social Media,25,3,0
session_406,user_2807,7/14/2025 5:01,home,Tablet,France,Social Media,22,0,0
session_406,user_2807,7/14/2025 5:03,product_page,Tablet,France,Social Media,105,2,0
session_407,user_1909,6/15/2025 4:34,home,Desktop,Germany,Email,65,0,1
session_407,user_1909,6/15/2025 4:36,product_page,Desktop,Germany,Email,103,1,1
session_407,user_1909,6/15/2025 4:39,cart,Desktop,Germany,Email,169,1,1
session_407,user_1909,6/15/2025 4:40,checkout,Desktop,Germany,Email,59,1,1
session_407,user_1909,6/15/2025 4:42,confirmation,Desktop,Germany,Email,106,0,1
session_408,user_1743,2/27/2025 7:51,home,Mobile,India,Google,40,0,0
session_409,user_2729,8/12/2025 18:25,home,Tablet,USA,Social Media,139,0,0
session_409,user_2729,8/12/2025 18:25,product_page,Tablet,USA,Social Media,20,1,0
session_410,user_2749,3/1/2025 11:30,home,Tablet,Canada,Direct,134,0,0
session_410,user_2749,3/1/2025 11:32,product_page,Tablet,Canada,Direct,106,0,0
session_411,user_1171,1/24/2025 6:36,home,Tablet,Australia,Email,119,0,0
session_411,user_1171,1/24/2025 6:38,product_page,Tablet,Australia,Email,150,0,0
session_412,user_1852,4/2/2025 17:07,home,Tablet,USA,Social Media,82,0,0
session_412,user_1852,4/2/2025 17:10,product_page,Tablet,USA,Social Media,175,2,0
session_413,user_2369,1/14/2025 2:59,home,Mobile,Canada,Email,114,0,0
session_413,user_2369,1/14/2025 3:00,product_page,Mobile,Canada,Email,77,0,0
session_414,user_1829,1/18/2025 17:35,home,Desktop,Australia,Google,67,0,1
session_414,user_1829,1/18/2025 17:36,product_page,Desktop,Australia,Google,26,0,1
session_414,user_1829,1/18/2025 17:38,cart,Desktop,Australia,Google,123,0,1
session_414,user_1829,1/18/2025 17:38,checkout,Desktop,Australia,Google,32,1,1
session_414,user_1829,1/18/2025 17:41,confirmation,Desktop,Australia,Google,157,0,1
session_415,user_1293,5/10/2025 22:22,home,Tablet,France,Email,17,0,0
session_415,user_1293,5/10/2025 22:23,product_page,Tablet,France,Email,89,4,0
session_415,user_1293,5/10/2025 22:25,cart,Tablet,France,Email,99,4,0
session_416,user_2271,4/30/2025 5:33,home,Desktop,Australia,Direct,165,0,1
session_416,user_2271,4/30/2025 5:35,product_page,Desktop,Australia,Direct,123,2,1
session_416,user_2271,4/30/2025 5:38,cart,Desktop,Australia,Direct,145,2,1
session_416,user_2271,4/30/2025 5:40,checkout,Desktop,Australia,Direct,155,2,1
session_416,user_2271,4/30/2025 5:42,confirmation,Desktop,Australia,Direct,92,0,1
session_417,user_1632,8/15/2025 0:46,home,Mobile,Canada,Direct,75,0,0
session_417,user_1632,8/15/2025 0:46,product_page,Mobile,Canada,Direct,17,0,0
session_418,user_1589,1/23/2025 20:36,home,Mobile,USA,Social Media,137,0,0
session_418,user_1589,1/23/2025 20:37,product_page,Mobile,USA,Social Media,71,0,0
session_419,user_1138,6/18/2025 20:14,home,Mobile,UK,Email,162,0,1
session_419,user_1138,6/18/2025 20:16,product_page,Mobile,UK,Email,133,2,1
session_419,user_1138,6/18/2025 20:17,cart,Mobile,UK,Email,68,2,1
session_419,user_1138,6/18/2025 20:20,checkout,Mobile,UK,Email,161,2,1
session_419,user_1138,6/18/2025 20:21,confirmation,Mobile,UK,Email,83,0,1
session_420,user_2250,5/1/2025 0:52,home,Desktop,France,Email,111,0,0
session_420,user_2250,5/1/2025 0:55,product_page,Desktop,France,Email,153,3,0
session_421,user_2358,2/12/2025 3:32,home,Desktop,France,Email,33,0,0
session_422,user_2105,7/2/2025 1:49,home,Mobile,Germany,Direct,133,0,0
session_422,user_2105,7/2/2025 1:51,product_page,Mobile,Germany,Direct,101,3,0
session_423,user_1659,3/5/2025 19:54,home,Tablet,UK,Email,75,0,0
session_423,user_1659,3/5/2025 19:56,product_page,Tablet,UK,Email,160,1,0
session_424,user_2217,8/29/2025 16:15,home,Tablet,UK,Social Media,87,0,0
session_425,user_2547,8/15/2025 7:53,home,Tablet,France,Email,42,0,0
session_425,user_2547,8/15/2025 7:53,product_page,Tablet,France,Email,42,3,0
session_425,user_2547,8/15/2025 7:55,cart,Tablet,France,Email,92,3,0
session_426,user_2416,5/3/2025 11:04,home,Desktop,Germany,Direct,167,0,0
session_427,user_2074,8/1/2025 23:46,home,Desktop,Australia,Social Media,86,0,0
session_427,user_2074,8/1/2025 23:47,product_page,Desktop,Australia,Social Media,108,3,0
session_428,user_1813,8/6/2025 10:34,home,Mobile,Germany,Email,16,0,0
session_428,user_1813,8/6/2025 10:35,product_page,Mobile,Germany,Email,92,0,0
session_428,user_1813,8/6/2025 10:36,cart,Mobile,Germany,Email,28,2,0
session_428,user_1813,8/6/2025 10:36,checkout,Mobile,Germany,Email,30,2,0
session_429,user_1963,1/14/2025 17:12,home,Tablet,USA,Direct,154,0,0
session_429,user_1963,1/14/2025 17:14,product_page,Tablet,USA,Direct,114,0,0
session_430,user_2809,3/30/2025 18:43,home,Tablet,Germany,Google,94,0,1
session_430,user_2809,3/30/2025 18:44,product_page,Tablet,Germany,Google,29,3,1
session_430,user_2809,3/30/2025 18:46,cart,Tablet,Germany,Google,153,3,1
session_430,user_2809,3/30/2025 18:49,checkout,Tablet,Germany,Google,128,3,1
session_430,user_2809,3/30/2025 18:52,confirmation,Tablet,Germany,Google,176,0,1
session_431,user_1374,1/9/2025 9:01,home,Mobile,USA,Social Media,116,0,0
session_432,user_1939,8/11/2025 3:28,home,Mobile,UK,Google,139,0,0
session_432,user_1939,8/11/2025 3:29,product_page,Mobile,UK,Google,53,0,0
session_433,user_2129,6/16/2025 19:38,home,Desktop,USA,Email,138,0,0
session_433,user_2129,6/16/2025 19:39,product_page,Desktop,USA,Email,29,0,0
session_434,user_1594,8/27/2025 16:33,home,Desktop,Canada,Social Media,153,0,0
session_434,user_1594,8/27/2025 16:36,product_page,Desktop,Canada,Social Media,139,0,0
session_434,user_1594,8/27/2025 16:38,cart,Desktop,Canada,Social Media,150,0,0
session_435,user_2857,6/23/2025 12:41,home,Desktop,India,Direct,132,0,1
session_435,user_2857,6/23/2025 12:42,product_page,Desktop,India,Direct,94,0,1
session_435,user_2857,6/23/2025 12:45,cart,Desktop,India,Direct,130,3,1
session_435,user_2857,6/23/2025 12:45,checkout,Desktop,India,Direct,30,3,1
session_435,user_2857,6/23/2025 12:47,confirmation,Desktop,India,Direct,126,0,1
session_436,user_1189,7/21/2025 5:38,home,Mobile,USA,Google,160,0,1
session_436,user_1189,7/21/2025 5:40,product_page,Mobile,USA,Google,152,0,1
session_436,user_1189,7/21/2025 5:41,cart,Mobile,USA,Google,42,0,1
session_436,user_1189,7/21/2025 5:43,checkout,Mobile,USA,Google,141,1,1
session_436,user_1189,7/21/2025 5:43,confirmation,Mobile,USA,Google,20,0,1
session_437,user_1556,2/2/2025 0:07,home,Desktop,France,Email,116,0,0
session_437,user_1556,2/2/2025 0:07,product_page,Desktop,France,Email,41,0,0
session_438,user_2726,6/13/2025 23:35,home,Mobile,USA,Direct,128,0,1
session_438,user_2726,6/13/2025 23:36,product_page,Mobile,USA,Direct,69,0,1
session_438,user_2726,6/13/2025 23:37,cart,Mobile,USA,Direct,56,5,1
session_438,user_2726,6/13/2025 23:39,checkout,Mobile,USA,Direct,112,5,1
session_438,user_2726,6/13/2025 23:40,confirmation,Mobile,USA,Direct,59,0,1
session_439,user_1741,7/21/2025 8:33,home,Tablet,UK,Google,138,0,0
session_439,user_1741,7/21/2025 8:35,product_page,Tablet,UK,Google,157,3,0
session_440,user_2749,8/14/2025 4:24,home,Desktop,Germany,Social Media,144,0,0
session_440,user_2749,8/14/2025 4:26,product_page,Desktop,Germany,Social Media,116,5,0
session_440,user_2749,8/14/2025 4:28,cart,Desktop,Germany,Social Media,136,5,0
session_440,user_2749,8/14/2025 4:31,checkout,Desktop,Germany,Social Media,139,5,0
session_441,user_1762,1/1/2025 15:11,home,Mobile,India,Email,62,0,0
session_441,user_1762,1/1/2025 15:13,product_page,Mobile,India,Email,116,4,0
session_442,user_1448,1/2/2025 22:20,home,Desktop,Canada,Social Media,54,0,0
session_442,user_1448,1/2/2025 22:20,product_page,Desktop,Canada,Social Media,36,0,0
session_443,user_1558,7/7/2025 6:32,home,Tablet,Canada,Email,24,0,0
session_443,user_1558,7/7/2025 6:34,product_page,Tablet,Canada,Email,99,0,0
session_444,user_2561,1/25/2025 2:34,home,Desktop,USA,Social Media,122,0,0
session_445,user_2485,7/30/2025 6:14,home,Mobile,France,Social Media,38,0,0
session_445,user_2485,7/30/2025 6:16,product_page,Mobile,France,Social Media,90,0,0
session_446,user_2314,3/3/2025 4:58,home,Desktop,USA,Google,147,0,1
session_446,user_2314,3/3/2025 4:59,product_page,Desktop,USA,Google,89,5,1
session_446,user_2314,3/3/2025 5:00,cart,Desktop,USA,Google,56,5,1
session_446,user_2314,3/3/2025 5:02,checkout,Desktop,USA,Google,92,5,1
session_446,user_2314,3/3/2025 5:05,confirmation,Desktop,USA,Google,180,0,1
session_447,user_2512,2/25/2025 18:08,home,Mobile,USA,Direct,163,0,0
session_447,user_2512,2/25/2025 18:11,product_page,Mobile,USA,Direct,158,1,0
session_448,user_2697,5/19/2025 15:22,home,Tablet,France,Social Media,118,0,0
session_449,user_2278,6/1/2025 12:46,home,Desktop,USA,Google,165,0,1
session_449,user_2278,6/1/2025 12:48,product_page,Desktop,USA,Google,127,4,1
session_449,user_2278,6/1/2025 12:49,cart,Desktop,USA,Google,63,4,1
session_449,user_2278,6/1/2025 12:52,checkout,Desktop,USA,Google,156,4,1
session_449,user_2278,6/1/2025 12:52,confirmation,Desktop,USA,Google,24,0,1
session_450,user_2982,7/31/2025 9:17,home,Tablet,UK,Email,156,0,1
session_450,user_2982,7/31/2025 9:19,product_page,Tablet,UK,Email,106,0,1
session_450,user_2982,7/31/2025 9:19,cart,Tablet,UK,Email,22,0,1
session_450,user_2982,7/31/2025 9:21,checkout,Tablet,UK,Email,139,3,1
session_450,user_2982,7/31/2025 9:22,confirmation,Tablet,UK,Email,31,0,1
session_451,user_1451,8/14/2025 9:16,home,Mobile,India,Google,34,0,1
session_451,user_1451,8/14/2025 9:18,product_page,Mobile,India,Google,90,0,1
session_451,user_1451,8/14/2025 9:19,cart,Mobile,India,Google,78,0,1
session_451,user_1451,8/14/2025 9:20,checkout,Mobile,India,Google,76,3,1
session_451,user_1451,8/14/2025 9:23,confirmation,Mobile,India,Google,145,0,1
session_452,user_2295,2/9/2025 8:24,home,Tablet,France,Social Media,87,0,1
session_452,user_2295,2/9/2025 8:26,product_page,Tablet,France,Social Media,98,2,1
session_452,user_2295,2/9/2025 8:27,cart,Tablet,France,Social Media,89,2,1
session_452,user_2295,2/9/2025 8:28,checkout,Tablet,France,Social Media,40,2,1
session_452,user_2295,2/9/2025 8:29,confirmation,Tablet,France,Social Media,67,0,1
session_453,user_2004,7/31/2025 11:48,home,Tablet,France,Email,21,0,0
session_453,user_2004,7/31/2025 11:49,product_page,Tablet,France,Email,52,1,0
session_454,user_1298,7/29/2025 6:53,home,Mobile,Canada,Email,78,0,0
session_454,user_1298,7/29/2025 6:53,product_page,Mobile,Canada,Email,21,0,0
session_455,user_2743,7/28/2025 15:30,home,Mobile,Germany,Social Media,56,0,0
session_456,user_2299,4/15/2025 9:40,home,Mobile,Germany,Google,31,0,0
session_456,user_2299,4/15/2025 9:41,product_page,Mobile,Germany,Google,54,1,0
session_457,user_2410,6/10/2025 15:44,home,Desktop,Australia,Social Media,158,0,1
session_457,user_2410,6/10/2025 15:45,product_page,Desktop,Australia,Social Media,35,2,1
session_457,user_2410,6/10/2025 15:47,cart,Desktop,Australia,Social Media,158,2,1
session_457,user_2410,6/10/2025 15:48,checkout,Desktop,Australia,Social Media,58,2,1
session_457,user_2410,6/10/2025 15:51,confirmation,Desktop,Australia,Social Media,137,0,1
session_458,user_1729,3/7/2025 14:40,home,Desktop,Germany,Direct,90,0,0
session_458,user_1729,3/7/2025 14:41,product_page,Desktop,Germany,Direct,39,0,0
session_459,user_2133,1/29/2025 10:38,home,Desktop,Australia,Social Media,111,0,0
session_460,user_2020,5/22/2025 8:34,home,Mobile,France,Email,152,0,0
session_461,user_1927,7/7/2025 19:30,home,Mobile,UK,Google,21,0,0
session_461,user_1927,7/7/2025 19:31,product_page,Mobile,UK,Google,100,1,0
session_462,user_1123,4/2/2025 14:21,home,Desktop,India,Google,134,0,0
session_462,user_1123,4/2/2025 14:24,product_page,Desktop,India,Google,137,0,0
session_463,user_1227,1/10/2025 14:02,home,Tablet,India,Direct,110,0,1
session_463,user_1227,1/10/2025 14:04,product_page,Tablet,India,Direct,70,5,1
session_463,user_1227,1/10/2025 14:05,cart,Tablet,India,Direct,78,5,1
session_463,user_1227,1/10/2025 14:06,checkout,Tablet,India,Direct,46,5,1
session_463,user_1227,1/10/2025 14:08,confirmation,Tablet,India,Direct,133,0,1
session_464,user_1141,6/29/2025 11:53,home,Desktop,Australia,Social Media,67,0,0
session_465,user_2302,4/4/2025 19:37,home,Tablet,Australia,Direct,44,0,0
session_466,user_1396,1/27/2025 20:23,home,Desktop,France,Direct,154,0,0
session_466,user_1396,1/27/2025 20:25,product_page,Desktop,France,Direct,131,0,0
session_467,user_1589,1/20/2025 4:10,home,Desktop,France,Social Media,75,0,0
session_467,user_1589,1/20/2025 4:13,product_page,Desktop,France,Social Media,165,3,0
session_468,user_1022,6/24/2025 13:01,home,Tablet,USA,Email,150,0,0
session_469,user_1433,2/23/2025 23:37,home,Tablet,UK,Email,151,0,0
session_469,user_1433,2/23/2025 23:38,product_page,Tablet,UK,Email,67,2,0
session_470,user_2343,4/2/2025 17:30,home,Desktop,Germany,Direct,80,0,1
session_470,user_2343,4/2/2025 17:31,product_page,Desktop,Germany,Direct,54,2,1
session_470,user_2343,4/2/2025 17:33,cart,Desktop,Germany,Direct,98,2,1
session_470,user_2343,4/2/2025 17:34,checkout,Desktop,Germany,Direct,49,2,1
session_470,user_2343,4/2/2025 17:34,confirmation,Desktop,Germany,Direct,28,0,1
session_471,user_2880,3/16/2025 16:21,home,Desktop,USA,Google,176,0,0
session_471,user_2880,3/16/2025 16:24,product_page,Desktop,USA,Google,177,5,0
session_472,user_1355,5/1/2025 7:04,home,Tablet,Canada,Social Media,126,0,1
session_472,user_1355,5/1/2025 7:04,product_page,Tablet,Canada,Social Media,18,0,1
session_472,user_1355,5/1/2025 7:06,cart,Tablet,Canada,Social Media,106,5,1
session_472,user_1355,5/1/2025 7:09,checkout,Tablet,Canada,Social Media,150,5,1
session_472,user_1355,5/1/2025 7:10,confirmation,Tablet,Canada,Social Media,89,0,1
session_473,user_1362,4/5/2025 5:38,home,Tablet,India,Direct,152,0,0
session_473,user_1362,4/5/2025 5:39,product_page,Tablet,India,Direct,80,4,0
session_473,user_1362,4/5/2025 5:41,cart,Tablet,India,Direct,106,4,0
session_474,user_1345,6/7/2025 16:54,home,Tablet,Australia,Direct,173,0,0
session_474,user_1345,6/7/2025 16:54,product_page,Tablet,Australia,Direct,18,0,0
session_474,user_1345,6/7/2025 16:54,cart,Tablet,Australia,Direct,31,0,0
session_475,user_1818,6/27/2025 11:47,home,Mobile,UK,Google,89,0,0
session_475,user_1818,6/27/2025 11:48,product_page,Mobile,UK,Google,104,4,0
session_476,user_2291,6/27/2025 3:50,home,Tablet,India,Social Media,159,0,0
session_477,user_2278,6/24/2025 10:47,home,Tablet,Australia,Direct,117,0,0
session_477,user_2278,6/24/2025 10:50,product_page,Tablet,Australia,Direct,174,0,0
session_477,user_2278,6/24/2025 10:51,cart,Tablet,Australia,Direct,60,1,0
session_478,user_1611,1/23/2025 19:12,home,Desktop,Australia,Social Media,170,0,0
session_478,user_1611,1/23/2025 19:15,product_page,Desktop,Australia,Social Media,167,5,0
session_479,user_1737,8/12/2025 3:30,home,Desktop,UK,Direct,66,0,0
session_479,user_1737,8/12/2025 3:32,product_page,Desktop,UK,Direct,126,1,0
session_480,user_1589,7/16/2025 18:50,home,Desktop,Australia,Email,127,0,0
session_480,user_1589,7/16/2025 18:53,product_page,Desktop,Australia,Email,140,1,0
session_481,user_1622,2/25/2025 8:37,home,Desktop,France,Google,74,0,0
session_482,user_1819,8/11/2025 22:33,home,Desktop,UK,Social Media,39,0,0
session_482,user_1819,8/11/2025 22:34,product_page,Desktop,UK,Social Media,45,0,0
session_482,user_1819,8/11/2025 22:34,cart,Desktop,UK,Social Media,44,0,0
session_482,user_1819,8/11/2025 22:36,checkout,Desktop,UK,Social Media,130,1,0
session_483,user_1052,1/29/2025 19:15,home,Tablet,UK,Google,115,0,0
session_484,user_1922,7/10/2025 15:11,home,Mobile,Germany,Google,123,0,1
session_484,user_1922,7/10/2025 15:12,product_page,Mobile,Germany,Google,67,2,1
session_484,user_1922,7/10/2025 15:14,cart,Mobile,Germany,Google,140,2,1
session_484,user_1922,7/10/2025 15:17,checkout,Mobile,Germany,Google,172,2,1
session_484,user_1922,7/10/2025 15:20,confirmation,Mobile,Germany,Google,147,0,1
session_485,user_1933,1/19/2025 9:57,home,Mobile,UK,Direct,152,0,0
session_486,user_2817,1/14/2025 15:20,home,Desktop,UK,Direct,165,0,0
session_486,user_2817,1/14/2025 15:22,product_page,Desktop,UK,Direct,116,0,0
session_487,user_1139,4/11/2025 4:22,home,Tablet,Australia,Direct,174,0,0
session_488,user_2165,1/12/2025 1:02,home,Desktop,Germany,Social Media,138,0,1
session_488,user_2165,1/12/2025 1:03,product_page,Desktop,Germany,Social Media,70,0,1
session_488,user_2165,1/12/2025 1:04,cart,Desktop,Germany,Social Media,104,1,1
session_488,user_2165,1/12/2025 1:05,checkout,Desktop,Germany,Social Media,55,1,1
session_488,user_2165,1/12/2025 1:06,confirmation,Desktop,Germany,Social Media,56,0,1
session_489,user_2040,7/9/2025 8:29,home,Tablet,USA,Direct,85,0,0
session_489,user_2040,7/9/2025 8:31,product_page,Tablet,USA,Direct,132,4,0
session_490,user_2020,5/28/2025 13:29,home,Mobile,Canada,Direct,137,0,0
session_490,user_2020,5/28/2025 13:31,product_page,Mobile,Canada,Direct,147,3,0
session_490,user_2020,5/28/2025 13:32,cart,Mobile,Canada,Direct,28,3,0
session_491,user_2812,1/19/2025 16:14,home,Mobile,Canada,Email,31,0,0
session_491,user_2812,1/19/2025 16:16,product_page,Mobile,Canada,Email,69,4,0
session_492,user_1914,4/21/2025 9:10,home,Mobile,USA,Google,118,0,0
session_492,user_1914,4/21/2025 9:12,product_page,Mobile,USA,Google,107,0,0
session_493,user_2697,7/24/2025 23:47,home,Tablet,UK,Email,58,0,0
session_493,user_2697,7/24/2025 23:50,product_page,Tablet,UK,Email,165,0,0
session_494,user_2188,8/3/2025 13:49,home,Desktop,Canada,Google,23,0,0
session_494,user_2188,8/3/2025 13:51,product_page,Desktop,Canada,Google,161,0,0
session_495,user_1555,3/25/2025 15:39,home,Desktop,UK,Google,180,0,0
session_495,user_1555,3/25/2025 15:40,product_page,Desktop,UK,Google,50,2,0
session_496,user_2939,3/8/2025 23:23,home,Tablet,Australia,Social Media,33,0,0
session_496,user_2939,3/8/2025 23:24,product_page,Tablet,Australia,Social Media,42,0,0
session_497,user_1646,3/16/2025 10:10,home,Tablet,France,Email,155,0,0
session_498,user_2825,2/3/2025 13:00,home,Tablet,Australia,Google,177,0,0
session_498,user_2825,2/3/2025 13:01,product_page,Tablet,Australia,Google,15,0,0
session_499,user_2282,3/27/2025 11:15,home,Tablet,France,Google,35,0,0
session_499,user_2282,3/27/2025 11:17,product_page,Tablet,France,Google,148,1,0
session_500,user_1644,5/2/2025 15:05,home,Desktop,India,Email,30,0,0
session_501,user_2327,3/12/2025 11:45,home,Desktop,Australia,Google,122,0,0
session_501,user_2327,3/12/2025 11:48,product_page,Desktop,Australia,Google,172,1,0
session_502,user_1692,4/5/2025 1:30,home,Desktop,Germany,Social Media,116,0,0
session_502,user_1692,4/5/2025 1:31,product_page,Desktop,Germany,Social Media,41,3,0
session_503,user_1362,2/26/2025 23:13,home,Desktop,Australia,Email,127,0,0
session_503,user_1362,2/26/2025 23:15,product_page,Desktop,Australia,Email,124,5,0
session_504,user_2831,8/6/2025 2:02,home,Tablet,USA,Google,23,0,0
session_504,user_2831,8/6/2025 2:04,product_page,Tablet,USA,Google,85,3,0
session_505,user_2471,4/5/2025 17:18,home,Tablet,Canada,Social Media,71,0,0
session_505,user_2471,4/5/2025 17:19,product_page,Tablet,Canada,Social Media,24,5,0
session_506,user_1222,3/13/2025 19:53,home,Desktop,Germany,Social Media,73,0,0
session_507,user_2426,3/11/2025 10:22,home,Desktop,UK,Direct,136,0,0
session_507,user_2426,3/11/2025 10:22,product_page,Desktop,UK,Direct,47,0,0
session_508,user_1363,3/14/2025 17:47,home,Mobile,Germany,Google,179,0,1
session_508,user_1363,3/14/2025 17:49,product_page,Mobile,Germany,Google,117,2,1
session_508,user_1363,3/14/2025 17:51,cart,Mobile,Germany,Google,175,2,1
session_508,user_1363,3/14/2025 17:53,checkout,Mobile,Germany,Google,118,2,1
session_508,user_1363,3/14/2025 17:55,confirmation,Mobile,Germany,Google,78,0,1
session_509,user_1424,2/1/2025 15:17,home,Tablet,Canada,Email,82,0,0
session_510,user_2442,5/24/2025 6:11,home,Desktop,Australia,Direct,64,0,0
session_510,user_2442,5/24/2025 6:12,product_page,Desktop,Australia,Direct,49,1,0
session_511,user_1721,7/28/2025 15:33,home,Desktop,Canada,Email,54,0,0
session_511,user_1721,7/28/2025 15:33,product_page,Desktop,Canada,Email,16,0,0
session_512,user_2522,8/24/2025 4:09,home,Tablet,France,Direct,114,0,0
session_512,user_2522,8/24/2025 4:09,product_page,Tablet,France,Direct,32,0,0
session_513,user_1422,3/10/2025 19:47,home,Mobile,Australia,Direct,101,0,0
session_513,user_1422,3/10/2025 19:49,product_page,Mobile,Australia,Direct,149,4,0
session_514,user_2866,1/7/2025 23:33,home,Mobile,Canada,Google,85,0,0
session_515,user_2231,4/21/2025 18:34,home,Desktop,UK,Social Media,154,0,0
session_515,user_2231,4/21/2025 18:35,product_page,Desktop,UK,Social Media,105,0,0
session_516,user_1436,5/16/2025 23:44,home,Desktop,France,Social Media,104,0,0
session_516,user_1436,5/16/2025 23:46,product_page,Desktop,France,Social Media,145,0,0
session_517,user_2202,6/13/2025 3:46,home,Desktop,Australia,Email,16,0,0
session_518,user_2394,6/9/2025 13:56,home,Desktop,Canada,Social Media,150,0,0
session_518,user_2394,6/9/2025 13:57,product_page,Desktop,Canada,Social Media,63,0,0
session_519,user_1161,3/7/2025 7:52,home,Desktop,Germany,Google,127,0,1
session_519,user_1161,3/7/2025 7:53,product_page,Desktop,Germany,Google,36,1,1
session_519,user_1161,3/7/2025 7:56,cart,Desktop,Germany,Google,165,1,1
session_519,user_1161,3/7/2025 7:57,checkout,Desktop,Germany,Google,94,1,1
session_519,user_1161,3/7/2025 7:58,confirmation,Desktop,Germany,Google,26,0,1
session_520,user_1469,7/30/2025 9:18,home,Tablet,India,Direct,41,0,0
session_521,user_1815,1/14/2025 4:27,home,Desktop,Germany,Email,153,0,0
session_521,user_1815,1/14/2025 4:28,product_page,Desktop,Germany,Email,80,0,0
session_521,user_1815,1/14/2025 4:30,cart,Desktop,Germany,Email,103,0,0
session_522,user_2538,1/25/2025 20:47,home,Tablet,Canada,Email,96,0,0
session_523,user_2326,6/13/2025 6:36,home,Tablet,France,Social Media,75,0,0
session_523,user_2326,6/13/2025 6:37,product_page,Tablet,France,Social Media,63,0,0
session_524,user_1135,5/28/2025 15:04,home,Tablet,India,Email,102,0,0
session_524,user_1135,5/28/2025 15:04,product_page,Tablet,India,Email,48,5,0
session_525,user_2958,7/1/2025 18:00,home,Mobile,Canada,Email,130,0,0
session_525,user_2958,7/1/2025 18:02,product_page,Mobile,Canada,Email,97,0,0
session_526,user_2235,6/14/2025 15:42,home,Tablet,USA,Google,127,0,0
session_526,user_2235,6/14/2025 15:42,product_page,Tablet,USA,Google,39,4,0
session_527,user_1864,1/1/2025 12:51,home,Tablet,UK,Google,75,0,0
session_527,user_1864,1/1/2025 12:53,product_page,Tablet,UK,Google,74,4,0
session_528,user_2100,7/24/2025 9:39,home,Desktop,Germany,Social Media,30,0,0
session_528,user_2100,7/24/2025 9:42,product_page,Desktop,Germany,Social Media,155,0,0
session_529,user_1480,1/5/2025 4:09,home,Tablet,India,Direct,85,0,0
session_530,user_2415,8/9/2025 21:35,home,Mobile,Canada,Google,142,0,1
session_530,user_2415,8/9/2025 21:37,product_page,Mobile,Canada,Google,159,0,1
session_530,user_2415,8/9/2025 21:39,cart,Mobile,Canada,Google,98,0,1
session_530,user_2415,8/9/2025 21:41,checkout,Mobile,Canada,Google,92,1,1
session_530,user_2415,8/9/2025 21:43,confirmation,Mobile,Canada,Google,118,0,1
session_531,user_1796,2/17/2025 21:19,home,Desktop,USA,Google,164,0,0
session_531,user_1796,2/17/2025 21:21,product_page,Desktop,USA,Google,132,2,0
session_532,user_2026,4/26/2025 11:56,home,Tablet,UK,Email,68,0,0
session_533,user_2736,3/28/2025 22:23,home,Mobile,Canada,Google,56,0,0
session_533,user_2736,3/28/2025 22:24,product_page,Mobile,Canada,Google,60,4,0
session_534,user_2801,1/7/2025 12:35,home,Desktop,USA,Direct,47,0,0
session_534,user_2801,1/7/2025 12:38,product_page,Desktop,USA,Direct,174,1,0
session_534,user_2801,1/7/2025 12:40,cart,Desktop,USA,Direct,147,1,0
session_535,user_2198,2/4/2025 11:13,home,Mobile,USA,Social Media,85,0,1
session_535,user_2198,2/4/2025 11:16,product_page,Mobile,USA,Social Media,147,2,1
session_535,user_2198,2/4/2025 11:17,cart,Mobile,USA,Social Media,71,2,1
session_535,user_2198,2/4/2025 11:20,checkout,Mobile,USA,Social Media,155,2,1
session_535,user_2198,2/4/2025 11:22,confirmation,Mobile,USA,Social Media,151,0,1
session_536,user_1651,3/12/2025 13:16,home,Desktop,India,Google,173,0,0
session_537,user_2948,8/19/2025 14:00,home,Desktop,Canada,Google,121,0,0
session_537,user_2948,8/19/2025 14:02,product_page,Desktop,Canada,Google,116,1,0
session_538,user_1113,4/5/2025 13:04,home,Desktop,UK,Social Media,63,0,0
session_539,user_2246,6/21/2025 11:29,home,Desktop,India,Google,121,0,0
session_539,user_2246,6/21/2025 11:32,product_page,Desktop,India,Google,158,0,0
session_540,user_2340,7/13/2025 23:14,home,Tablet,Australia,Direct,118,0,0
session_540,user_2340,7/13/2025 23:16,product_page,Tablet,Australia,Direct,118,3,0
session_541,user_1661,7/29/2025 4:15,home,Desktop,Germany,Google,133,0,0
session_541,user_1661,7/29/2025 4:16,product_page,Desktop,Germany,Google,43,4,0
session_542,user_1561,2/15/2025 11:50,home,Tablet,UK,Social Media,20,0,0
session_542,user_1561,2/15/2025 11:51,product_page,Tablet,UK,Social Media,67,0,0
session_543,user_1672,5/16/2025 2:43,home,Tablet,India,Social Media,116,0,1
session_543,user_1672,5/16/2025 2:44,product_page,Tablet,India,Social Media,38,5,1
session_543,user_1672,5/16/2025 2:45,cart,Tablet,India,Social Media,82,5,1
session_543,user_1672,5/16/2025 2:47,checkout,Tablet,India,Social Media,88,5,1
session_543,user_1672,5/16/2025 2:49,confirmation,Tablet,India,Social Media,122,0,1
session_544,user_1353,7/1/2025 12:49,home,Tablet,France,Direct,137,0,0
session_545,user_1573,1/24/2025 13:48,home,Mobile,Australia,Google,131,0,0
session_545,user_1573,1/24/2025 13:51,product_page,Mobile,Australia,Google,150,0,0
session_546,user_1859,5/14/2025 3:03,home,Mobile,Germany,Email,149,0,0
session_546,user_1859,5/14/2025 3:06,product_page,Mobile,Germany,Email,130,2,0
session_547,user_2786,2/12/2025 17:24,home,Tablet,Australia,Direct,170,0,0
session_547,user_2786,2/12/2025 17:25,product_page,Tablet,Australia,Direct,46,3,0
session_548,user_2581,5/5/2025 4:49,home,Mobile,Canada,Social Media,162,0,1
session_548,user_2581,5/5/2025 4:50,product_page,Mobile,Canada,Social Media,109,5,1
session_548,user_2581,5/5/2025 4:53,cart,Mobile,Canada,Social Media,163,5,1
session_548,user_2581,5/5/2025 4:54,checkout,Mobile,Canada,Social Media,26,5,1
session_548,user_2581,5/5/2025 4:56,confirmation,Mobile,Canada,Social Media,147,0,1
session_549,user_1733,8/13/2025 21:59,home,Desktop,Canada,Direct,119,0,0
session_549,user_1733,8/13/2025 22:02,product_page,Desktop,Canada,Direct,158,3,0
session_550,user_1960,3/25/2025 17:40,home,Tablet,India,Social Media,126,0,0
session_550,user_1960,3/25/2025 17:42,product_page,Tablet,India,Social Media,148,1,0
session_550,user_1960,3/25/2025 17:44,cart,Tablet,India,Social Media,73,1,0
session_551,user_1364,1/23/2025 13:38,home,Tablet,France,Email,68,0,0
session_551,user_1364,1/23/2025 13:41,product_page,Tablet,France,Email,160,2,0
session_552,user_2374,5/4/2025 1:13,home,Tablet,Canada,Google,163,0,0
session_552,user_2374,5/4/2025 1:14,product_page,Tablet,Canada,Google,75,0,0
session_552,user_2374,5/4/2025 1:16,cart,Tablet,Canada,Google,76,3,0
session_553,user_2324,6/30/2025 18:52,home,Tablet,Canada,Direct,137,0,0
session_554,user_2220,8/22/2025 2:26,home,Desktop,UK,Google,37,0,1
session_554,user_2220,8/22/2025 2:28,product_page,Desktop,UK,Google,68,0,1
session_554,user_2220,8/22/2025 2:29,cart,Desktop,UK,Google,94,5,1
session_554,user_2220,8/22/2025 2:30,checkout,Desktop,UK,Google,81,5,1
session_554,user_2220,8/22/2025 2:32,confirmation,Desktop,UK,Google,74,0,1
session_555,user_2298,8/18/2025 11:58,home,Tablet,UK,Direct,144,0,0
session_555,user_2298,8/18/2025 12:01,product_page,Tablet,UK,Direct,169,2,0
session_556,user_2821,5/26/2025 3:35,home,Mobile,USA,Social Media,102,0,1
session_556,user_2821,5/26/2025 3:37,product_page,Mobile,USA,Social Media,84,0,1
session_556,user_2821,5/26/2025 3:37,cart,Mobile,USA,Social Media,40,5,1
session_556,user_2821,5/26/2025 3:39,checkout,Mobile,USA,Social Media,80,5,1
session_556,user_2821,5/26/2025 3:39,confirmation,Mobile,USA,Social Media,20,0,1
session_557,user_1558,3/10/2025 12:46,home,Mobile,Australia,Email,101,0,0
session_557,user_1558,3/10/2025 12:48,product_page,Mobile,Australia,Email,111,0,0
session_558,user_1682,1/2/2025 14:49,home,Mobile,France,Social Media,53,0,0
session_558,user_1682,1/2/2025 14:52,product_page,Mobile,France,Social Media,158,2,0
session_559,user_1708,3/18/2025 23:26,home,Mobile,UK,Social Media,148,0,1
session_559,user_1708,3/18/2025 23:26,product_page,Mobile,UK,Social Media,22,0,1
session_559,user_1708,3/18/2025 23:28,cart,Mobile,UK,Social Media,95,0,1
session_559,user_1708,3/18/2025 23:30,checkout,Mobile,UK,Social Media,136,3,1
session_559,user_1708,3/18/2025 23:31,confirmation,Mobile,UK,Social Media,49,0,1
session_560,user_2693,8/17/2025 11:08,home,Desktop,UK,Email,72,0,0
session_561,user_1700,5/24/2025 21:06,home,Mobile,Canada,Email,157,0,0
session_561,user_1700,5/24/2025 21:07,product_page,Mobile,Canada,Email,44,0,0
session_562,user_2952,3/11/2025 21:45,home,Mobile,France,Email,142,0,0
session_562,user_2952,3/11/2025 21:46,product_page,Mobile,France,Email,42,4,0
session_562,user_2952,3/11/2025 21:48,cart,Mobile,France,Email,104,4,0
session_563,user_1310,5/3/2025 2:39,home,Desktop,USA,Email,91,0,0
session_563,user_1310,5/3/2025 2:42,product_page,Desktop,USA,Email,156,0,0
session_564,user_1600,2/9/2025 16:23,home,Tablet,USA,Direct,161,0,0
session_565,user_1338,8/8/2025 12:32,home,Desktop,Canada,Social Media,90,0,0
session_566,user_1366,6/2/2025 12:57,home,Mobile,UK,Google,108,0,1
session_566,user_1366,6/2/2025 13:00,product_page,Mobile,UK,Google,180,0,1
session_566,user_1366,6/2/2025 13:00,cart,Mobile,UK,Google,42,2,1
session_566,user_1366,6/2/2025 13:02,checkout,Mobile,UK,Google,75,2,1
session_566,user_1366,6/2/2025 13:04,confirmation,Mobile,UK,Google,129,0,1
session_567,user_1454,8/19/2025 0:30,home,Tablet,Australia,Direct,98,0,0
session_568,user_2041,3/19/2025 5:41,home,Tablet,Germany,Direct,169,0,0
session_569,user_1993,5/25/2025 18:52,home,Desktop,Canada,Social Media,147,0,0
session_569,user_1993,5/25/2025 18:54,product_page,Desktop,Canada,Social Media,163,0,0
session_570,user_1929,8/10/2025 6:20,home,Desktop,France,Google,108,0,0
session_570,user_1929,8/10/2025 6:21,product_page,Desktop,France,Google,46,3,0
session_571,user_2278,5/29/2025 22:19,home,Mobile,UK,Email,123,0,0
session_571,user_2278,5/29/2025 22:20,product_page,Mobile,UK,Email,81,4,0
session_572,user_2410,2/1/2025 14:42,home,Tablet,India,Email,40,0,1
session_572,user_2410,2/1/2025 14:44,product_page,Tablet,India,Email,164,1,1
session_572,user_2410,2/1/2025 14:47,cart,Tablet,India,Email,157,1,1
session_572,user_2410,2/1/2025 14:49,checkout,Tablet,India,Email,111,1,1
session_572,user_2410,2/1/2025 14:50,confirmation,Tablet,India,Email,105,0,1
session_573,user_2819,8/8/2025 6:26,home,Tablet,Germany,Email,147,0,0
session_573,user_2819,8/8/2025 6:27,product_page,Tablet,Germany,Email,46,3,0
session_574,user_1674,2/6/2025 15:54,home,Mobile,Germany,Google,36,0,0
session_574,user_1674,2/6/2025 15:56,product_page,Mobile,Germany,Google,123,4,0
session_575,user_2735,6/23/2025 18:13,home,Tablet,UK,Direct,124,0,0
session_575,user_2735,6/23/2025 18:15,product_page,Tablet,UK,Direct,82,5,0
session_576,user_2096,3/1/2025 22:54,home,Tablet,Australia,Email,81,0,0
session_576,user_2096,3/1/2025 22:56,product_page,Tablet,Australia,Email,128,0,0
session_577,user_1519,2/27/2025 16:01,home,Tablet,India,Google,69,0,1
session_577,user_1519,2/27/2025 16:03,product_page,Tablet,India,Google,139,0,1
session_577,user_1519,2/27/2025 16:05,cart,Tablet,India,Google,92,3,1
session_577,user_1519,2/27/2025 16:07,checkout,Tablet,India,Google,157,3,1
session_577,user_1519,2/27/2025 16:08,confirmation,Tablet,India,Google,67,0,1
session_578,user_2418,1/27/2025 5:59,home,Mobile,USA,Social Media,161,0,0
session_578,user_2418,1/27/2025 6:01,product_page,Mobile,USA,Social Media,113,2,0
session_579,user_1719,1/2/2025 1:03,home,Tablet,Canada,Social Media,107,0,0
session_579,user_1719,1/2/2025 1:03,product_page,Tablet,Canada,Social Media,17,1,0
session_579,user_1719,1/2/2025 1:04,cart,Tablet,Canada,Social Media,30,1,0
session_580,user_1227,5/5/2025 19:12,home,Tablet,Australia,Email,19,0,0
session_580,user_1227,5/5/2025 19:13,product_page,Tablet,Australia,Email,92,1,0
session_580,user_1227,5/5/2025 19:14,cart,Tablet,Australia,Email,21,1,0
session_580,user_1227,5/5/2025 19:15,checkout,Tablet,Australia,Email,99,1,0
session_581,user_2216,5/7/2025 22:51,home,Tablet,Germany,Email,43,0,0
session_581,user_2216,5/7/2025 22:52,product_page,Tablet,Germany,Email,62,0,0
session_582,user_2163,7/26/2025 1:45,home,Desktop,USA,Direct,79,0,0
session_583,user_1560,6/21/2025 15:28,home,Mobile,UK,Social Media,18,0,0
session_583,user_1560,6/21/2025 15:30,product_page,Mobile,UK,Social Media,166,2,0
session_584,user_1557,2/9/2025 6:15,home,Tablet,India,Social Media,122,0,0
session_585,user_1401,7/10/2025 20:12,home,Tablet,Germany,Direct,126,0,0
session_586,user_2653,3/29/2025 18:34,home,Tablet,Australia,Email,122,0,1
session_586,user_2653,3/29/2025 18:35,product_page,Tablet,Australia,Email,84,2,1
session_586,user_2653,3/29/2025 18:36,cart,Tablet,Australia,Email,16,2,1
session_586,user_2653,3/29/2025 18:37,checkout,Tablet,Australia,Email,64,2,1
session_586,user_2653,3/29/2025 18:40,confirmation,Tablet,Australia,Email,173,0,1
session_587,user_2136,5/19/2025 19:42,home,Tablet,India,Google,118,0,0
session_587,user_2136,5/19/2025 19:44,product_page,Tablet,India,Google,72,0,0
session_588,user_1234,7/1/2025 18:15,home,Tablet,France,Email,65,0,0
session_588,user_1234,7/1/2025 18:17,product_page,Tablet,France,Email,76,5,0
session_589,user_1019,5/12/2025 7:13,home,Desktop,Canada,Email,61,0,0
session_589,user_1019,5/12/2025 7:15,product_page,Desktop,Canada,Email,87,0,0
session_590,user_2085,6/19/2025 15:59,home,Mobile,France,Email,79,0,0
session_590,user_2085,6/19/2025 16:00,product_page,Mobile,France,Email,43,0,0
session_591,user_2583,6/8/2025 15:17,home,Desktop,France,Social Media,142,0,0
session_592,user_2695,6/13/2025 13:59,home,Tablet,UK,Direct,147,0,0
session_593,user_1118,4/3/2025 4:40,home,Desktop,India,Email,141,0,0
session_593,user_1118,4/3/2025 4:42,product_page,Desktop,India,Email,136,0,0
session_593,user_1118,4/3/2025 4:43,cart,Desktop,India,Email,47,0,0
session_594,user_1080,2/4/2025 4:58,home,Desktop,Canada,Social Media,44,0,0
session_594,user_1080,2/4/2025 4:59,product_page,Desktop,Canada,Social Media,58,5,0
session_595,user_1419,6/10/2025 10:28,home,Tablet,India,Direct,103,0,0
session_595,user_1419,6/10/2025 10:30,product_page,Tablet,India,Direct,96,2,0
session_596,user_1373,4/16/2025 1:00,home,Mobile,Germany,Email,157,0,1
session_596,user_1373,4/16/2025 1:01,product_page,Mobile,Germany,Email,70,0,1
session_596,user_1373,4/16/2025 1:02,cart,Mobile,Germany,Email,64,1,1
session_596,user_1373,4/16/2025 1:05,checkout,Mobile,Germany,Email,172,1,1
session_596,user_1373,4/16/2025 1:05,confirmation,Mobile,Germany,Email,38,0,1
session_597,user_1131,6/7/2025 18:32,home,Tablet,Germany,Email,88,0,0
session_597,user_1131,6/7/2025 18:33,product_page,Tablet,Germany,Email,60,3,0
session_598,user_2986,2/15/2025 3:52,home,Tablet,Canada,Direct,135,0,0
session_598,user_2986,2/15/2025 3:52,product_page,Tablet,Canada,Direct,18,5,0
session_599,user_2146,4/7/2025 2:12,home,Tablet,Australia,Google,151,0,1
session_599,user_2146,4/7/2025 2:13,product_page,Tablet,Australia,Google,79,4,1
session_599,user_2146,4/7/2025 2:16,cart,Tablet,Australia,Google,162,4,1
session_599,user_2146,4/7/2025 2:18,checkout,Tablet,Australia,Google,121,4,1
session_599,user_2146,4/7/2025 2:19,confirmation,Tablet,Australia,Google,76,0,1
session_600,user_1161,5/22/2025 19:18,home,Mobile,UK,Google,29,0,0
session_601,user_1137,1/30/2025 1:15,home,Desktop,Germany,Google,82,0,0
session_601,user_1137,1/30/2025 1:17,product_page,Desktop,Germany,Google,143,0,0
session_601,user_1137,1/30/2025 1:19,cart,Desktop,Germany,Google,122,5,0
session_602,user_2892,3/14/2025 10:58,home,Desktop,Australia,Google,116,0,0
session_603,user_2205,7/25/2025 12:29,home,Tablet,Australia,Direct,149,0,0
session_603,user_2205,7/25/2025 12:32,product_page,Tablet,Australia,Direct,132,2,0
session_604,user_2539,2/9/2025 9:48,home,Tablet,Australia,Direct,134,0,0
session_604,user_2539,2/9/2025 9:49,product_page,Tablet,Australia,Direct,52,0,0
session_604,user_2539,2/9/2025 9:51,cart,Tablet,Australia,Direct,105,4,0
session_605,user_1624,8/8/2025 7:38,home,Mobile,Germany,Direct,59,0,1
session_605,user_1624,8/8/2025 7:40,product_page,Mobile,Germany,Direct,72,0,1
session_605,user_1624,8/8/2025 7:41,cart,Mobile,Germany,Direct,109,3,1
session_605,user_1624,8/8/2025 7:42,checkout,Mobile,Germany,Direct,61,3,1
session_605,user_1624,8/8/2025 7:45,confirmation,Mobile,Germany,Direct,136,0,1
session_606,user_2408,3/23/2025 3:29,home,Tablet,Germany,Social Media,155,0,0
session_607,user_2666,7/29/2025 3:34,home,Desktop,USA,Google,98,0,0
session_607,user_2666,7/29/2025 3:34,product_page,Desktop,USA,Google,21,5,0
session_608,user_2943,7/9/2025 1:59,home,Tablet,Australia,Email,143,0,1
session_608,user_2943,7/9/2025 2:01,product_page,Tablet,Australia,Email,122,5,1
session_608,user_2943,7/9/2025 2:03,cart,Tablet,Australia,Email,115,5,1
session_608,user_2943,7/9/2025 2:06,checkout,Tablet,Australia,Email,153,5,1
session_608,user_2943,7/9/2025 2:06,confirmation,Tablet,Australia,Email,26,0,1
session_609,user_2303,1/19/2025 2:04,home,Mobile,USA,Email,156,0,1
session_609,user_2303,1/19/2025 2:05,product_page,Mobile,USA,Email,83,0,1
session_609,user_2303,1/19/2025 2:07,cart,Mobile,USA,Email,136,4,1
session_609,user_2303,1/19/2025 2:10,checkout,Mobile,USA,Email,161,4,1
session_609,user_2303,1/19/2025 2:13,confirmation,Mobile,USA,Email,158,0,1
session_610,user_2353,1/11/2025 21:16,home,Mobile,Australia,Email,122,0,0
session_611,user_1432,2/7/2025 3:31,home,Tablet,France,Social Media,101,0,0
session_611,user_1432,2/7/2025 3:31,product_page,Tablet,France,Social Media,47,4,0
session_611,user_1432,2/7/2025 3:33,cart,Tablet,France,Social Media,97,4,0
session_611,user_1432,2/7/2025 3:34,checkout,Tablet,France,Social Media,45,4,0
session_612,user_2985,7/11/2025 23:38,home,Desktop,Canada,Social Media,64,0,1
session_612,user_2985,7/11/2025 23:38,product_page,Desktop,Canada,Social Media,20,0,1
session_612,user_2985,7/11/2025 23:40,cart,Desktop,Canada,Social Media,75,4,1
session_612,user_2985,7/11/2025 23:41,checkout,Desktop,Canada,Social Media,56,4,1
session_612,user_2985,7/11/2025 23:43,confirmation,Desktop,Canada,Social Media,162,0,1
session_613,user_2071,7/26/2025 13:33,home,Tablet,UK,Social Media,171,0,0
session_613,user_2071,7/26/2025 13:35,product_page,Tablet,UK,Social Media,119,2,0
session_614,user_1157,4/4/2025 18:42,home,Tablet,France,Email,75,0,0
session_614,user_1157,4/4/2025 18:45,product_page,Tablet,France,Email,180,0,0
session_615,user_2314,3/13/2025 22:22,home,Desktop,Germany,Social Media,115,0,0
session_615,user_2314,3/13/2025 22:24,product_page,Desktop,Germany,Social Media,168,3,0
session_616,user_1395,5/3/2025 7:20,home,Tablet,UK,Direct,122,0,0
session_617,user_1304,1/8/2025 4:52,home,Tablet,India,Social Media,162,0,1
session_617,user_1304,1/8/2025 4:53,product_page,Tablet,India,Social Media,67,0,1
session_617,user_1304,1/8/2025 4:55,cart,Tablet,India,Social Media,116,0,1
session_617,user_1304,1/8/2025 4:57,checkout,Tablet,India,Social Media,130,2,1
session_617,user_1304,1/8/2025 5:00,confirmation,Tablet,India,Social Media,146,0,1
session_618,user_2319,2/10/2025 7:44,home,Tablet,India,Google,174,0,0
session_618,user_2319,2/10/2025 7:45,product_page,Tablet,India,Google,43,0,0
session_619,user_2691,4/7/2025 13:30,home,Desktop,France,Email,119,0,0
session_619,user_2691,4/7/2025 13:32,product_page,Desktop,France,Email,110,0,0
session_619,user_2691,4/7/2025 13:33,cart,Desktop,France,Email,95,2,0
session_619,user_2691,4/7/2025 13:36,checkout,Desktop,France,Email,179,2,0
session_620,user_2388,1/25/2025 15:45,home,Tablet,Canada,Email,175,0,0
session_620,user_2388,1/25/2025 15:46,product_page,Tablet,Canada,Email,47,0,0
session_621,user_1778,8/13/2025 23:05,home,Desktop,Germany,Social Media,22,0,1
session_621,user_1778,8/13/2025 23:06,product_page,Desktop,Germany,Social Media,104,0,1
session_621,user_1778,8/13/2025 23:07,cart,Desktop,Germany,Social Media,64,5,1
session_621,user_1778,8/13/2025 23:10,checkout,Desktop,Germany,Social Media,161,5,1
session_621,user_1778,8/13/2025 23:12,confirmation,Desktop,Germany,Social Media,101,0,1
session_622,user_2543,2/12/2025 13:27,home,Mobile,Australia,Social Media,25,0,0
session_623,user_1067,8/20/2025 7:45,home,Desktop,Australia,Direct,121,0,0
session_624,user_1082,5/8/2025 16:30,home,Mobile,UK,Direct,121,0,0
session_624,user_1082,5/8/2025 16:31,product_page,Mobile,UK,Direct,35,1,0
session_624,user_1082,5/8/2025 16:34,cart,Mobile,UK,Direct,177,1,0
session_625,user_2245,1/24/2025 6:06,home,Mobile,USA,Email,130,0,0
session_625,user_2245,1/24/2025 6:07,product_page,Mobile,USA,Email,85,3,0
session_626,user_1848,3/22/2025 12:07,home,Tablet,France,Social Media,152,0,0
session_627,user_2328,3/23/2025 14:55,home,Tablet,UK,Social Media,70,0,0
session_627,user_2328,3/23/2025 14:56,product_page,Tablet,UK,Social Media,39,0,0
session_627,user_2328,3/23/2025 14:58,cart,Tablet,UK,Social Media,108,4,0
session_627,user_2328,3/23/2025 14:59,checkout,Tablet,UK,Social Media,60,4,0
session_628,user_1420,7/13/2025 21:51,home,Mobile,USA,Google,162,0,0
session_628,user_1420,7/13/2025 21:53,product_page,Mobile,USA,Google,142,0,0
session_629,user_1297,3/15/2025 3:29,home,Desktop,Germany,Email,154,0,0
session_629,user_1297,3/15/2025 3:30,product_page,Desktop,Germany,Email,58,0,0
session_630,user_2626,4/16/2025 1:11,home,Tablet,USA,Google,34,0,0
session_630,user_2626,4/16/2025 1:14,product_page,Tablet,USA,Google,156,3,0
session_631,user_1019,3/1/2025 7:54,home,Desktop,Australia,Direct,58,0,0
session_631,user_1019,3/1/2025 7:57,product_page,Desktop,Australia,Direct,159,0,0
session_632,user_2802,2/8/2025 21:17,home,Mobile,Australia,Google,171,0,0
session_633,user_2190,8/22/2025 21:44,home,Mobile,India,Direct,46,0,1
session_633,user_2190,8/22/2025 21:46,product_page,Mobile,India,Direct,72,0,1
session_633,user_2190,8/22/2025 21:47,cart,Mobile,India,Direct,76,2,1
session_633,user_2190,8/22/2025 21:48,checkout,Mobile,India,Direct,49,2,1
session_633,user_2190,8/22/2025 21:50,confirmation,Mobile,India,Direct,125,0,1
session_634,user_1814,1/14/2025 18:38,home,Tablet,USA,Direct,22,0,0
session_635,user_2010,7/26/2025 15:56,home,Desktop,France,Google,68,0,0
session_635,user_2010,7/26/2025 15:57,product_page,Desktop,France,Google,42,1,0
session_636,user_2020,4/16/2025 18:57,home,Desktop,France,Direct,176,0,0
session_636,user_2020,4/16/2025 19:00,product_page,Desktop,France,Direct,167,0,0
session_636,user_2020,4/16/2025 19:02,cart,Desktop,France,Direct,128,0,0
session_637,user_1341,4/4/2025 19:08,home,Mobile,UK,Email,49,0,1
session_637,user_1341,4/4/2025 19:09,product_page,Mobile,UK,Email,72,0,1
session_637,user_1341,4/4/2025 19:11,cart,Mobile,UK,Email,70,4,1
session_637,user_1341,4/4/2025 19:11,checkout,Mobile,UK,Email,16,4,1
session_637,user_1341,4/4/2025 19:11,confirmation,Mobile,UK,Email,39,0,1
session_638,user_2603,4/5/2025 22:08,home,Mobile,Canada,Social Media,66,0,0
session_638,user_2603,4/5/2025 22:08,product_page,Mobile,Canada,Social Media,22,4,0
session_639,user_2617,8/15/2025 5:45,home,Desktop,Australia,Social Media,177,0,0
session_640,user_1613,4/14/2025 21:29,home,Desktop,Germany,Google,175,0,0
session_640,user_1613,4/14/2025 21:29,product_page,Desktop,Germany,Google,20,1,0
session_641,user_2169,8/31/2025 13:51,home,Desktop,Germany,Google,104,0,0
session_641,user_2169,8/31/2025 13:52,product_page,Desktop,Germany,Google,70,0,0
session_642,user_1521,5/12/2025 19:31,home,Tablet,Canada,Email,65,0,0
session_642,user_1521,5/12/2025 19:34,product_page,Tablet,Canada,Email,150,3,0
session_643,user_1803,2/11/2025 14:12,home,Tablet,UK,Social Media,15,0,1
session_643,user_1803,2/11/2025 14:14,product_page,Tablet,UK,Social Media,136,5,1
session_643,user_1803,2/11/2025 14:16,cart,Tablet,UK,Social Media,124,5,1
session_643,user_1803,2/11/2025 14:18,checkout,Tablet,UK,Social Media,139,5,1
session_643,user_1803,2/11/2025 14:21,confirmation,Tablet,UK,Social Media,178,0,1
session_644,user_1847,3/21/2025 3:28,home,Tablet,France,Direct,115,0,0
session_644,user_1847,3/21/2025 3:30,product_page,Tablet,France,Direct,133,4,0
session_644,user_1847,3/21/2025 3:31,cart,Tablet,France,Direct,69,4,0
session_645,user_2698,1/27/2025 11:36,home,Tablet,UK,Direct,67,0,0
session_645,user_2698,1/27/2025 11:38,product_page,Tablet,UK,Direct,122,2,0
session_646,user_2882,6/20/2025 0:44,home,Mobile,India,Google,29,0,0
session_647,user_1043,8/3/2025 9:49,home,Desktop,Australia,Email,97,0,0
session_647,user_1043,8/3/2025 9:52,product_page,Desktop,Australia,Email,175,4,0
session_648,user_2306,6/5/2025 7:24,home,Mobile,Germany,Direct,111,0,1
session_648,user_2306,6/5/2025 7:26,product_page,Mobile,Germany,Direct,74,0,1
session_648,user_2306,6/5/2025 7:27,cart,Mobile,Germany,Direct,67,4,1
session_648,user_2306,6/5/2025 7:30,checkout,Mobile,Germany,Direct,180,4,1
session_648,user_2306,6/5/2025 7:31,confirmation,Mobile,Germany,Direct,108,0,1
session_649,user_2804,4/23/2025 13:30,home,Tablet,Australia,Google,95,0,0
session_649,user_2804,4/23/2025 13:32,product_page,Tablet,Australia,Google,76,0,0
session_650,user_2292,7/27/2025 20:05,home,Desktop,USA,Email,69,0,0
session_651,user_2234,4/25/2025 2:57,home,Tablet,USA,Social Media,104,0,0
session_652,user_2388,5/11/2025 20:10,home,Mobile,USA,Social Media,128,0,0
session_652,user_2388,5/11/2025 20:11,product_page,Mobile,USA,Social Media,15,2,0
session_653,user_1137,4/14/2025 4:07,home,Desktop,USA,Social Media,43,0,1
session_653,user_1137,4/14/2025 4:10,product_page,Desktop,USA,Social Media,147,3,1
session_653,user_1137,4/14/2025 4:10,cart,Desktop,USA,Social Media,20,3,1
session_653,user_1137,4/14/2025 4:11,checkout,Desktop,USA,Social Media,69,3,1
session_653,user_1137,4/14/2025 4:13,confirmation,Desktop,USA,Social Media,81,0,1
session_654,user_1628,8/10/2025 2:09,home,Tablet,France,Social Media,153,0,0
session_654,user_1628,8/10/2025 2:10,product_page,Tablet,France,Social Media,55,0,0
session_655,user_2063,1/23/2025 20:26,home,Mobile,USA,Social Media,123,0,0
session_655,user_2063,1/23/2025 20:29,product_page,Mobile,USA,Social Media,170,5,0
session_656,user_2188,6/8/2025 23:43,home,Tablet,UK,Google,30,0,0
session_657,user_2528,5/6/2025 16:16,home,Mobile,India,Email,21,0,0
session_658,user_1591,2/25/2025 9:58,home,Tablet,France,Direct,34,0,0
session_658,user_1591,2/25/2025 9:59,product_page,Tablet,France,Direct,96,0,0
session_659,user_2502,3/29/2025 3:03,home,Mobile,Australia,Social Media,88,0,0
session_659,user_2502,3/29/2025 3:06,product_page,Mobile,Australia,Social Media,141,1,0
session_659,user_2502,3/29/2025 3:09,cart,Mobile,Australia,Social Media,172,1,0
session_660,user_1996,3/7/2025 17:21,home,Mobile,Canada,Google,152,0,1
session_660,user_1996,3/7/2025 17:24,product_page,Mobile,Canada,Google,168,0,1
session_660,user_1996,3/7/2025 17:27,cart,Mobile,Canada,Google,163,1,1
session_660,user_1996,3/7/2025 17:30,checkout,Mobile,Canada,Google,151,1,1
session_660,user_1996,3/7/2025 17:31,confirmation,Mobile,Canada,Google,113,0,1
session_661,user_1642,6/24/2025 5:51,home,Mobile,Germany,Social Media,171,0,0
session_662,user_2704,1/13/2025 14:38,home,Desktop,India,Google,148,0,1
session_662,user_2704,1/13/2025 14:40,product_page,Desktop,India,Google,107,5,1
session_662,user_2704,1/13/2025 14:43,cart,Desktop,India,Google,165,5,1
session_662,user_2704,1/13/2025 14:45,checkout,Desktop,India,Google,134,5,1
session_662,user_2704,1/13/2025 14:47,confirmation,Desktop,India,Google,148,0,1
session_663,user_2840,5/9/2025 15:26,home,Desktop,Canada,Direct,23,0,0
session_663,user_2840,5/9/2025 15:27,product_page,Desktop,Canada,Direct,89,5,0
session_663,user_2840,5/9/2025 15:29,cart,Desktop,Canada,Direct,105,5,0
session_664,user_2789,4/24/2025 15:10,home,Desktop,France,Email,101,0,0
session_664,user_2789,4/24/2025 15:13,product_page,Desktop,France,Email,149,0,0
session_665,user_2317,2/3/2025 10:35,home,Desktop,USA,Social Media,107,0,0
session_666,user_2035,8/16/2025 3:40,home,Mobile,France,Google,26,0,0
session_667,user_1675,2/16/2025 2:24,home,Desktop,Canada,Google,27,0,0
session_667,user_1675,2/16/2025 2:25,product_page,Desktop,Canada,Google,66,5,0
session_667,user_1675,2/16/2025 2:26,cart,Desktop,Canada,Google,84,5,0
session_668,user_2261,7/29/2025 1:09,home,Tablet,Canada,Google,81,0,0
session_668,user_2261,7/29/2025 1:12,product_page,Tablet,Canada,Google,161,0,0
session_669,user_2369,8/31/2025 23:03,home,Desktop,Australia,Social Media,109,0,0
session_669,user_2369,8/31/2025 23:06,product_page,Desktop,Australia,Social Media,180,4,0
session_669,user_2369,8/31/2025 23:06,cart,Desktop,Australia,Social Media,53,4,0
session_670,user_1932,8/28/2025 2:05,home,Mobile,India,Email,152,0,1
session_670,user_1932,8/28/2025 2:07,product_page,Mobile,India,Email,117,0,1
session_670,user_1932,8/28/2025 2:08,cart,Mobile,India,Email,60,0,1
session_670,user_1932,8/28/2025 2:11,checkout,Mobile,India,Email,171,2,1
session_670,user_1932,8/28/2025 2:12,confirmation,Mobile,India,Email,92,0,1
session_671,user_1659,5/25/2025 23:47,home,Desktop,UK,Direct,16,0,0
session_672,user_2677,2/4/2025 23:16,home,Tablet,India,Social Media,39,0,0
session_672,user_2677,2/4/2025 23:18,product_page,Tablet,India,Social Media,104,0,0
session_673,user_1688,3/21/2025 12:18,home,Desktop,USA,Social Media,166,0,0
session_673,user_1688,3/21/2025 12:18,product_page,Desktop,USA,Social Media,18,0,0
session_674,user_2324,3/30/2025 19:04,home,Mobile,India,Social Media,131,0,1
session_674,user_2324,3/30/2025 19:05,product_page,Mobile,India,Social Media,35,0,1
session_674,user_2324,3/30/2025 19:06,cart,Mobile,India,Social Media,79,1,1
session_674,user_2324,3/30/2025 19:06,checkout,Mobile,India,Social Media,18,1,1
session_674,user_2324,3/30/2025 19:08,confirmation,Mobile,India,Social Media,77,0,1
session_675,user_2856,7/9/2025 22:56,home,Desktop,UK,Social Media,139,0,0
session_676,user_1942,8/3/2025 9:59,home,Mobile,Canada,Google,57,0,1
session_676,user_1942,8/3/2025 10:00,product_page,Mobile,Canada,Google,32,4,1
session_676,user_1942,8/3/2025 10:01,cart,Mobile,Canada,Google,64,4,1
session_676,user_1942,8/3/2025 10:03,checkout,Mobile,Canada,Google,155,4,1
session_676,user_1942,8/3/2025 10:05,confirmation,Mobile,Canada,Google,106,0,1
session_677,user_1401,1/19/2025 19:01,home,Tablet,Germany,Social Media,130,0,0
session_677,user_1401,1/19/2025 19:04,product_page,Tablet,Germany,Social Media,177,2,0
session_678,user_1065,1/18/2025 23:01,home,Tablet,UK,Direct,27,0,0
session_679,user_2895,6/7/2025 17:29,home,Tablet,Australia,Social Media,114,0,1
session_679,user_2895,6/7/2025 17:31,product_page,Tablet,Australia,Social Media,77,3,1
session_679,user_2895,6/7/2025 17:32,cart,Tablet,Australia,Social Media,83,3,1
session_679,user_2895,6/7/2025 17:33,checkout,Tablet,Australia,Social Media,70,3,1
session_679,user_2895,6/7/2025 17:36,confirmation,Tablet,Australia,Social Media,145,0,1
session_680,user_1596,1/24/2025 8:32,home,Tablet,USA,Email,93,0,0
session_680,user_1596,1/24/2025 8:34,product_page,Tablet,USA,Email,115,0,0
session_681,user_1884,3/21/2025 23:36,home,Tablet,Australia,Google,153,0,1
session_681,user_1884,3/21/2025 23:37,product_page,Tablet,Australia,Google,42,0,1
session_681,user_1884,3/21/2025 23:38,cart,Tablet,Australia,Google,103,4,1
session_681,user_1884,3/21/2025 23:39,checkout,Tablet,Australia,Google,15,4,1
session_681,user_1884,3/21/2025 23:41,confirmation,Tablet,Australia,Google,147,0,1
session_682,user_2951,5/19/2025 13:25,home,Tablet,India,Email,147,0,0
session_683,user_1103,1/9/2025 0:30,home,Tablet,Australia,Google,153,0,0
session_684,user_2526,8/4/2025 4:37,home,Mobile,Canada,Email,88,0,0
session_684,user_2526,8/4/2025 4:40,product_page,Mobile,Canada,Email,161,1,0
session_685,user_1966,8/19/2025 22:01,home,Desktop,UK,Google,120,0,0
session_685,user_1966,8/19/2025 22:03,product_page,Desktop,UK,Google,123,4,0
session_686,user_1239,7/25/2025 15:53,home,Tablet,UK,Direct,123,0,1
session_686,user_1239,7/25/2025 15:54,product_page,Tablet,UK,Direct,32,5,1
session_686,user_1239,7/25/2025 15:56,cart,Tablet,UK,Direct,158,5,1
session_686,user_1239,7/25/2025 15:57,checkout,Tablet,UK,Direct,61,5,1
session_686,user_1239,7/25/2025 16:00,confirmation,Tablet,UK,Direct,158,0,1
session_687,user_2787,3/25/2025 15:25,home,Desktop,India,Social Media,31,0,0
session_687,user_2787,3/25/2025 15:27,product_page,Desktop,India,Social Media,99,1,0
session_688,user_2437,7/26/2025 13:58,home,Tablet,Germany,Email,42,0,1
session_688,user_2437,7/26/2025 14:01,product_page,Tablet,Germany,Email,176,0,1
session_688,user_2437,7/26/2025 14:03,cart,Tablet,Germany,Email,147,5,1
session_688,user_2437,7/26/2025 14:06,checkout,Tablet,Germany,Email,170,5,1
session_688,user_2437,7/26/2025 14:06,confirmation,Tablet,Germany,Email,25,0,1
session_689,user_2332,6/4/2025 16:44,home,Mobile,Germany,Direct,61,0,1
session_689,user_2332,6/4/2025 16:46,product_page,Mobile,Germany,Direct,167,2,1
session_689,user_2332,6/4/2025 16:48,cart,Mobile,Germany,Direct,97,2,1
session_689,user_2332,6/4/2025 16:49,checkout,Mobile,Germany,Direct,33,2,1
session_689,user_2332,6/4/2025 16:50,confirmation,Mobile,Germany,Direct,57,0,1
session_690,user_2253,5/16/2025 11:30,home,Mobile,UK,Google,171,0,0
session_690,user_2253,5/16/2025 11:32,product_page,Mobile,UK,Google,133,4,0
session_691,user_1367,3/14/2025 2:06,home,Desktop,Australia,Google,128,0,0
session_692,user_2635,5/26/2025 20:41,home,Mobile,Germany,Google,66,0,0
session_692,user_2635,5/26/2025 20:41,product_page,Mobile,Germany,Google,46,2,0
session_692,user_2635,5/26/2025 20:44,cart,Mobile,Germany,Google,167,2,0
session_693,user_1245,8/1/2025 18:09,home,Desktop,Canada,Direct,155,0,0
session_693,user_1245,8/1/2025 18:11,product_page,Desktop,Canada,Direct,99,3,0
session_694,user_1053,3/14/2025 16:13,home,Mobile,USA,Direct,159,0,0
session_695,user_2675,3/30/2025 16:48,home,Mobile,France,Google,67,0,1
session_695,user_2675,3/30/2025 16:49,product_page,Mobile,France,Google,58,0,1
session_695,user_2675,3/30/2025 16:50,cart,Mobile,France,Google,73,0,1
session_695,user_2675,3/30/2025 16:51,checkout,Mobile,France,Google,64,1,1
session_695,user_2675,3/30/2025 16:54,confirmation,Mobile,France,Google,143,0,1
session_696,user_2044,1/20/2025 17:13,home,Mobile,France,Direct,163,0,0
session_696,user_2044,1/20/2025 17:15,product_page,Mobile,France,Direct,95,0,0
session_697,user_2126,3/10/2025 18:07,home,Mobile,Australia,Email,154,0,0
session_697,user_2126,3/10/2025 18:08,product_page,Mobile,Australia,Email,110,5,0
session_698,user_2099,7/30/2025 15:12,home,Tablet,Canada,Direct,104,0,0
session_698,user_2099,7/30/2025 15:14,product_page,Tablet,Canada,Direct,122,0,0
session_699,user_1384,4/20/2025 22:41,home,Tablet,India,Google,29,0,0
session_699,user_1384,4/20/2025 22:42,product_page,Tablet,India,Google,81,0,0
session_700,user_2723,4/9/2025 14:16,home,Desktop,Australia,Social Media,76,0,0
session_700,user_2723,4/9/2025 14:17,product_page,Desktop,Australia,Social Media,65,0,0
session_701,user_2237,5/19/2025 0:04,home,Desktop,UK,Direct,70,0,0
session_701,user_2237,5/19/2025 0:05,product_page,Desktop,UK,Direct,68,0,0
session_702,user_1421,6/25/2025 19:53,home,Mobile,USA,Google,73,0,0
session_702,user_1421,6/25/2025 19:54,product_page,Mobile,USA,Google,50,2,0
session_703,user_1266,5/21/2025 17:00,home,Tablet,France,Social Media,69,0,1
session_703,user_1266,5/21/2025 17:03,product_page,Tablet,France,Social Media,152,0,1
session_703,user_1266,5/21/2025 17:06,cart,Tablet,France,Social Media,153,4,1
session_703,user_1266,5/21/2025 17:06,checkout,Tablet,France,Social Media,55,4,1
session_703,user_1266,5/21/2025 17:09,confirmation,Tablet,France,Social Media,144,0,1
session_704,user_1464,1/4/2025 16:20,home,Mobile,Germany,Direct,84,0,0
session_704,user_1464,1/4/2025 16:21,product_page,Mobile,Germany,Direct,19,5,0
session_705,user_2497,7/7/2025 10:54,home,Mobile,Canada,Social Media,148,0,0
session_706,user_2224,2/15/2025 22:13,home,Mobile,UK,Direct,125,0,1
session_706,user_2224,2/15/2025 22:13,product_page,Mobile,UK,Direct,19,4,1
session_706,user_2224,2/15/2025 22:14,cart,Mobile,UK,Direct,84,4,1
session_706,user_2224,2/15/2025 22:15,checkout,Mobile,UK,Direct,41,4,1
session_706,user_2224,2/15/2025 22:18,confirmation,Mobile,UK,Direct,178,0,1
session_707,user_2389,4/5/2025 15:28,home,Mobile,Australia,Google,114,0,0
session_707,user_2389,4/5/2025 15:30,product_page,Mobile,Australia,Google,149,5,0
session_708,user_1900,7/4/2025 8:37,home,Tablet,France,Social Media,61,0,0
session_709,user_1189,7/7/2025 10:53,home,Tablet,USA,Social Media,124,0,0
session_709,user_1189,7/7/2025 10:54,product_page,Tablet,USA,Social Media,71,5,0
session_710,user_2603,4/4/2025 5:15,home,Tablet,Australia,Email,49,0,0
session_710,user_2603,4/4/2025 5:17,product_page,Tablet,Australia,Email,123,0,0
session_711,user_2968,4/18/2025 23:38,home,Desktop,Canada,Direct,148,0,0
session_712,user_1697,7/28/2025 8:58,home,Desktop,USA,Direct,28,0,0
session_712,user_1697,7/28/2025 8:58,product_page,Desktop,USA,Direct,45,5,0
session_713,user_1407,5/21/2025 19:00,home,Tablet,Germany,Social Media,40,0,0
session_714,user_2004,6/22/2025 0:23,home,Desktop,Germany,Google,112,0,0
session_714,user_2004,6/22/2025 0:25,product_page,Desktop,Germany,Google,87,0,0
session_715,user_2370,2/6/2025 1:44,home,Tablet,Australia,Email,147,0,1
session_715,user_2370,2/6/2025 1:45,product_page,Tablet,Australia,Email,59,5,1
session_715,user_2370,2/6/2025 1:48,cart,Tablet,Australia,Email,174,5,1
session_715,user_2370,2/6/2025 1:50,checkout,Tablet,Australia,Email,109,5,1
session_715,user_2370,2/6/2025 1:51,confirmation,Tablet,Australia,Email,49,0,1
session_716,user_1263,6/15/2025 20:09,home,Desktop,USA,Social Media,69,0,0
session_716,user_1263,6/15/2025 20:10,product_page,Desktop,USA,Social Media,71,5,0
session_717,user_2751,1/30/2025 3:30,home,Desktop,UK,Social Media,164,0,0
session_718,user_1274,1/9/2025 17:56,home,Mobile,Canada,Google,163,0,0
session_719,user_1407,6/28/2025 4:20,home,Tablet,Australia,Google,158,0,0
session_719,user_1407,6/28/2025 4:23,product_page,Tablet,Australia,Google,153,4,0
session_720,user_1085,2/17/2025 14:28,home,Tablet,Germany,Direct,35,0,0
session_720,user_1085,2/17/2025 14:31,product_page,Tablet,Germany,Direct,140,0,0
session_721,user_2304,4/21/2025 2:03,home,Desktop,USA,Direct,170,0,0
session_721,user_2304,4/21/2025 2:04,product_page,Desktop,USA,Direct,58,0,0
session_722,user_2024,2/17/2025 7:19,home,Desktop,Australia,Direct,33,0,0
session_723,user_1857,2/17/2025 14:02,home,Mobile,USA,Social Media,101,0,0
session_723,user_1857,2/17/2025 14:03,product_page,Mobile,USA,Social Media,85,0,0
session_724,user_1491,1/20/2025 11:45,home,Desktop,USA,Email,102,0,0
session_724,user_1491,1/20/2025 11:46,product_page,Desktop,USA,Email,30,2,0
session_724,user_1491,1/20/2025 11:48,cart,Desktop,USA,Email,156,2,0
session_724,user_1491,1/20/2025 11:51,checkout,Desktop,USA,Email,157,2,0
session_725,user_1369,4/22/2025 9:58,home,Mobile,France,Social Media,20,0,1
session_725,user_1369,4/22/2025 10:00,product_page,Mobile,France,Social Media,69,0,1
session_725,user_1369,4/22/2025 10:01,cart,Mobile,France,Social Media,79,5,1
session_725,user_1369,4/22/2025 10:02,checkout,Mobile,France,Social Media,91,5,1
session_725,user_1369,4/22/2025 10:03,confirmation,Mobile,France,Social Media,50,0,1
session_726,user_1392,5/25/2025 12:44,home,Mobile,France,Social Media,30,0,0
session_726,user_1392,5/25/2025 12:47,product_page,Mobile,France,Social Media,170,2,0
session_727,user_2067,8/22/2025 8:42,home,Desktop,USA,Email,84,0,0
session_728,user_1408,8/25/2025 6:53,home,Mobile,USA,Google,23,0,0
session_728,user_1408,8/25/2025 6:54,product_page,Mobile,USA,Google,61,0,0
session_729,user_2606,7/30/2025 16:39,home,Desktop,Canada,Direct,100,0,0
session_729,user_2606,7/30/2025 16:42,product_page,Desktop,Canada,Direct,171,0,0
session_730,user_1827,2/15/2025 10:57,home,Mobile,Australia,Email,162,0,0
session_731,user_2508,8/16/2025 19:13,home,Tablet,India,Google,58,0,0
session_731,user_2508,8/16/2025 19:14,product_page,Tablet,India,Google,87,0,0
session_732,user_1879,4/13/2025 14:41,home,Desktop,Germany,Email,61,0,0
session_732,user_1879,4/13/2025 14:43,product_page,Desktop,Germany,Email,90,1,0
session_732,user_1879,4/13/2025 14:45,cart,Desktop,Germany,Email,157,1,0
session_733,user_1320,4/17/2025 14:20,home,Tablet,USA,Direct,142,0,0
session_734,user_1777,6/2/2025 7:58,home,Mobile,Canada,Social Media,39,0,0
session_734,user_1777,6/2/2025 8:00,product_page,Mobile,Canada,Social Media,118,5,0
session_734,user_1777,6/2/2025 8:01,cart,Mobile,Canada,Social Media,88,5,0
session_735,user_2226,6/19/2025 21:22,home,Desktop,USA,Direct,160,0,0
session_736,user_2396,8/20/2025 16:02,home,Mobile,France,Social Media,91,0,0
session_736,user_2396,8/20/2025 16:03,product_page,Mobile,France,Social Media,53,2,0
session_737,user_2129,6/3/2025 13:56,home,Desktop,UK,Google,59,0,0
session_738,user_2992,8/14/2025 9:55,home,Desktop,India,Direct,15,0,0
session_738,user_2992,8/14/2025 9:55,product_page,Desktop,India,Direct,46,0,0
session_739,user_2834,2/11/2025 8:11,home,Mobile,India,Google,120,0,0
session_739,user_2834,2/11/2025 8:14,product_page,Mobile,India,Google,170,4,0
session_740,user_2540,6/1/2025 20:06,home,Tablet,India,Email,74,0,0
session_740,user_2540,6/1/2025 20:07,product_page,Tablet,India,Email,23,0,0
session_741,user_1297,7/29/2025 19:22,home,Tablet,UK,Direct,36,0,0
session_742,user_1048,6/1/2025 9:24,home,Mobile,Germany,Email,80,0,0
session_742,user_1048,6/1/2025 9:26,product_page,Mobile,Germany,Email,106,2,0
session_743,user_1929,3/12/2025 7:49,home,Tablet,Australia,Google,174,0,0
session_743,user_1929,3/12/2025 7:52,product_page,Tablet,Australia,Google,156,2,0
session_743,user_1929,3/12/2025 7:54,cart,Tablet,Australia,Google,172,2,0
session_744,user_2548,2/18/2025 23:48,home,Tablet,USA,Direct,67,0,0
session_744,user_2548,2/18/2025 23:49,product_page,Tablet,USA,Direct,83,1,0
session_745,user_2723,7/31/2025 17:27,home,Desktop,Germany,Direct,117,0,0
session_745,user_2723,7/31/2025 17:28,product_page,Desktop,Germany,Direct,96,0,0
session_746,user_1807,6/10/2025 6:55,home,Desktop,India,Direct,118,0,0
session_746,user_1807,6/10/2025 6:56,product_page,Desktop,India,Direct,58,0,0
session_747,user_1330,7/24/2025 16:48,home,Tablet,USA,Google,18,0,0
session_748,user_1793,2/17/2025 13:03,home,Desktop,USA,Email,145,0,0
session_748,user_1793,2/17/2025 13:06,product_page,Desktop,USA,Email,158,3,0
session_748,user_1793,2/17/2025 13:08,cart,Desktop,USA,Email,123,3,0
session_749,user_1946,5/16/2025 23:48,home,Tablet,France,Social Media,62,0,0
session_750,user_2429,4/25/2025 2:13,home,Mobile,Australia,Social Media,140,0,0
session_750,user_2429,4/25/2025 2:15,product_page,Mobile,Australia,Social Media,122,3,0
session_751,user_1042,3/12/2025 16:36,home,Mobile,Australia,Social Media,92,0,0
session_751,user_1042,3/12/2025 16:37,product_page,Mobile,Australia,Social Media,81,0,0
session_752,user_1379,3/19/2025 22:57,home,Desktop,Australia,Google,161,0,0
session_752,user_1379,3/19/2025 22:59,product_page,Desktop,Australia,Google,149,3,0
session_753,user_2443,3/16/2025 8:50,home,Desktop,France,Email,67,0,0
session_753,user_2443,3/16/2025 8:52,product_page,Desktop,France,Email,116,4,0
session_754,user_1273,3/18/2025 12:15,home,Mobile,UK,Google,82,0,0
session_754,user_1273,3/18/2025 12:17,product_page,Mobile,UK,Google,137,0,0
session_754,user_1273,3/18/2025 12:18,cart,Mobile,UK,Google,87,2,0
session_754,user_1273,3/18/2025 12:21,checkout,Mobile,UK,Google,140,2,0
session_755,user_2010,3/11/2025 21:18,home,Mobile,Germany,Social Media,149,0,0
session_755,user_2010,3/11/2025 21:20,product_page,Mobile,Germany,Social Media,120,0,0
session_756,user_1374,5/5/2025 6:25,home,Desktop,France,Social Media,133,0,0
session_756,user_1374,5/5/2025 6:28,product_page,Desktop,France,Social Media,159,3,0
session_757,user_2877,7/2/2025 4:16,home,Desktop,Canada,Google,54,0,0
session_757,user_2877,7/2/2025 4:18,product_page,Desktop,Canada,Google,132,3,0
session_758,user_2012,8/24/2025 13:15,home,Tablet,USA,Social Media,72,0,0
session_759,user_1160,5/30/2025 2:29,home,Mobile,USA,Social Media,83,0,0
session_759,user_1160,5/30/2025 2:30,product_page,Mobile,USA,Social Media,81,2,0
session_759,user_1160,5/30/2025 2:31,cart,Mobile,USA,Social Media,67,2,0
session_760,user_1566,6/15/2025 14:26,home,Mobile,Australia,Email,116,0,0
session_761,user_2357,2/10/2025 23:39,home,Tablet,Australia,Email,144,0,0
session_761,user_2357,2/10/2025 23:42,product_page,Tablet,Australia,Email,161,5,0
session_762,user_1337,3/8/2025 16:05,home,Desktop,Canada,Google,60,0,1
session_762,user_1337,3/8/2025 16:06,product_page,Desktop,Canada,Google,20,4,1
session_762,user_1337,3/8/2025 16:08,cart,Desktop,Canada,Google,169,4,1
session_762,user_1337,3/8/2025 16:10,checkout,Desktop,Canada,Google,120,4,1
session_762,user_1337,3/8/2025 16:11,confirmation,Desktop,Canada,Google,57,0,1
session_763,user_2435,4/15/2025 19:03,home,Desktop,Australia,Direct,164,0,0
session_763,user_2435,4/15/2025 19:05,product_page,Desktop,Australia,Direct,116,4,0
session_764,user_1509,1/14/2025 4:29,home,Mobile,India,Email,157,0,0
session_764,user_1509,1/14/2025 4:31,product_page,Mobile,India,Email,132,0,0
session_765,user_1898,5/7/2025 20:20,home,Desktop,Australia,Social Media,157,0,0
session_765,user_1898,5/7/2025 20:23,product_page,Desktop,Australia,Social Media,176,2,0
session_766,user_2672,5/19/2025 19:46,home,Mobile,Canada,Social Media,112,0,1
session_766,user_2672,5/19/2025 19:47,product_page,Mobile,Canada,Social Media,64,0,1
session_766,user_2672,5/19/2025 19:50,cart,Mobile,Canada,Social Media,170,0,1
session_766,user_2672,5/19/2025 19:53,checkout,Mobile,Canada,Social Media,157,3,1
session_766,user_2672,5/19/2025 19:55,confirmation,Mobile,Canada,Social Media,125,0,1
session_767,user_1266,4/10/2025 8:25,home,Mobile,UK,Direct,16,0,0
session_768,user_1724,4/29/2025 0:20,home,Tablet,Canada,Email,64,0,1
session_768,user_1724,4/29/2025 0:21,product_page,Tablet,Canada,Email,32,4,1
session_768,user_1724,4/29/2025 0:23,cart,Tablet,Canada,Email,178,4,1
session_768,user_1724,4/29/2025 0:24,checkout,Tablet,Canada,Email,53,4,1
session_768,user_1724,4/29/2025 0:27,confirmation,Tablet,Canada,Email,135,0,1
session_769,user_2790,5/8/2025 16:46,home,Desktop,USA,Social Media,54,0,0
session_769,user_2790,5/8/2025 16:46,product_page,Desktop,USA,Social Media,15,2,0
session_770,user_2600,4/2/2025 17:55,home,Tablet,UK,Social Media,126,0,0
session_770,user_2600,4/2/2025 17:58,product_page,Tablet,UK,Social Media,148,0,0
session_770,user_2600,4/2/2025 17:59,cart,Tablet,UK,Social Media,66,3,0
session_771,user_1789,6/15/2025 20:58,home,Tablet,UK,Direct,21,0,1
session_771,user_1789,6/15/2025 21:01,product_page,Tablet,UK,Direct,163,0,1
session_771,user_1789,6/15/2025 21:03,cart,Tablet,UK,Direct,170,0,1
session_771,user_1789,6/15/2025 21:06,checkout,Tablet,UK,Direct,136,1,1
session_771,user_1789,6/15/2025 21:06,confirmation,Tablet,UK,Direct,41,0,1
session_772,user_1154,5/15/2025 23:07,home,Tablet,USA,Google,84,0,1
session_772,user_1154,5/15/2025 23:08,product_page,Tablet,USA,Google,63,3,1
session_772,user_1154,5/15/2025 23:09,cart,Tablet,USA,Google,27,3,1
session_772,user_1154,5/15/2025 23:10,checkout,Tablet,USA,Google,114,3,1
session_772,user_1154,5/15/2025 23:11,confirmation,Tablet,USA,Google,32,0,1
session_773,user_2227,6/28/2025 20:17,home,Tablet,Australia,Social Media,119,0,0
session_774,user_2452,1/5/2025 23:30,home,Tablet,France,Direct,105,0,0
session_774,user_2452,1/5/2025 23:33,product_page,Tablet,France,Direct,180,4,0
session_775,user_1370,1/16/2025 1:59,home,Mobile,Canada,Direct,81,0,0
session_775,user_1370,1/16/2025 2:01,product_page,Mobile,Canada,Direct,109,5,0
session_776,user_1312,2/26/2025 7:44,home,Tablet,India,Social Media,27,0,0
session_776,user_1312,2/26/2025 7:46,product_page,Tablet,India,Social Media,112,0,0
session_776,user_1312,2/26/2025 7:47,cart,Tablet,India,Social Media,111,3,0
session_777,user_2521,1/18/2025 19:15,home,Mobile,India,Direct,147,0,0
session_777,user_2521,1/18/2025 19:16,product_page,Mobile,India,Direct,74,2,0
session_778,user_2040,8/18/2025 7:51,home,Tablet,UK,Social Media,70,0,0
session_778,user_2040,8/18/2025 7:54,product_page,Tablet,UK,Social Media,176,5,0
session_779,user_1718,7/4/2025 1:35,home,Tablet,Germany,Google,164,0,0
session_779,user_1718,7/4/2025 1:37,product_page,Tablet,Germany,Google,113,4,0
session_780,user_2640,5/4/2025 5:39,home,Tablet,Germany,Email,116,0,0
session_780,user_2640,5/4/2025 5:40,product_page,Tablet,Germany,Email,35,1,0
session_780,user_2640,5/4/2025 5:42,cart,Tablet,Germany,Email,141,1,0
session_780,user_2640,5/4/2025 5:43,checkout,Tablet,Germany,Email,33,1,0
session_781,user_1514,2/25/2025 7:08,home,Mobile,Australia,Social Media,54,0,0
session_781,user_1514,2/25/2025 7:10,product_page,Mobile,Australia,Social Media,111,0,0
session_782,user_2083,5/12/2025 16:52,home,Mobile,India,Email,124,0,0
session_783,user_1254,8/20/2025 9:36,home,Desktop,Germany,Direct,130,0,0
session_783,user_1254,8/20/2025 9:37,product_page,Desktop,Germany,Direct,72,3,0
session_784,user_2851,6/28/2025 17:30,home,Tablet,USA,Social Media,117,0,1
session_784,user_2851,6/28/2025 17:32,product_page,Tablet,USA,Social Media,93,0,1
session_784,user_2851,6/28/2025 17:32,cart,Tablet,USA,Social Media,24,0,1
session_784,user_2851,6/28/2025 17:34,checkout,Tablet,USA,Social Media,83,3,1
session_784,user_2851,6/28/2025 17:36,confirmation,Tablet,USA,Social Media,174,0,1
session_785,user_2169,2/19/2025 14:51,home,Tablet,Germany,Google,151,0,0
session_786,user_2004,7/27/2025 21:17,home,Mobile,Australia,Google,163,0,0
session_786,user_2004,7/27/2025 21:18,product_page,Mobile,Australia,Google,43,1,0
session_787,user_1896,1/22/2025 21:09,home,Tablet,Germany,Social Media,83,0,0
session_787,user_1896,1/22/2025 21:11,product_page,Tablet,Germany,Social Media,121,0,0
session_787,user_1896,1/22/2025 21:14,cart,Tablet,Germany,Social Media,163,3,0
session_788,user_2058,8/31/2025 8:18,home,Tablet,Germany,Social Media,40,0,1
session_788,user_2058,8/31/2025 8:19,product_page,Tablet,Germany,Social Media,63,0,1
session_788,user_2058,8/31/2025 8:20,cart,Tablet,Germany,Social Media,64,0,1
session_788,user_2058,8/31/2025 8:23,checkout,Tablet,Germany,Social Media,174,1,1
session_788,user_2058,8/31/2025 8:24,confirmation,Tablet,Germany,Social Media,28,0,1
session_789,user_1071,5/3/2025 15:51,home,Tablet,India,Direct,147,0,0
session_790,user_2125,2/10/2025 2:46,home,Desktop,USA,Social Media,118,0,0
session_790,user_2125,2/10/2025 2:47,product_page,Desktop,USA,Social Media,44,2,0
session_791,user_1569,2/16/2025 6:22,home,Desktop,UK,Direct,149,0,0
session_792,user_1172,4/7/2025 21:14,home,Mobile,Australia,Social Media,32,0,0
session_792,user_1172,4/7/2025 21:17,product_page,Mobile,Australia,Social Media,165,4,0
session_793,user_1065,5/6/2025 12:54,home,Desktop,UK,Social Media,158,0,0
session_793,user_1065,5/6/2025 12:55,product_page,Desktop,UK,Social Media,87,1,0
session_794,user_1872,1/9/2025 6:26,home,Desktop,UK,Direct,34,0,0
session_795,user_2550,3/7/2025 14:25,home,Mobile,USA,Google,34,0,0
session_795,user_2550,3/7/2025 14:26,product_page,Mobile,USA,Google,86,4,0
session_796,user_2061,6/29/2025 9:23,home,Tablet,France,Social Media,15,0,0
session_797,user_1274,5/26/2025 12:21,home,Tablet,USA,Google,157,0,1
session_797,user_1274,5/26/2025 12:24,product_page,Tablet,USA,Google,174,1,1
session_797,user_1274,5/26/2025 12:24,cart,Tablet,USA,Google,33,1,1
session_797,user_1274,5/26/2025 12:26,checkout,Tablet,USA,Google,121,1,1
session_797,user_1274,5/26/2025 12:27,confirmation,Tablet,USA,Google,49,0,1
session_798,user_2022,4/7/2025 0:05,home,Desktop,Canada,Social Media,133,0,0
session_799,user_1213,7/2/2025 8:22,home,Mobile,India,Direct,137,0,0
session_799,user_1213,7/2/2025 8:23,product_page,Mobile,India,Direct,57,4,0
session_800,user_1078,3/19/2025 5:18,home,Tablet,India,Email,77,0,0
session_800,user_1078,3/19/2025 5:20,product_page,Tablet,India,Email,123,3,0
session_800,user_1078,3/19/2025 5:22,cart,Tablet,India,Email,119,3,0
session_800,user_1078,3/19/2025 5:23,checkout,Tablet,India,Email,71,3,0
session_801,user_2961,1/5/2025 19:56,home,Tablet,UK,Google,114,0,0
session_802,user_1231,4/16/2025 16:07,home,Mobile,India,Direct,37,0,1
session_802,user_1231,4/16/2025 16:09,product_page,Mobile,India,Direct,128,4,1
session_802,user_1231,4/16/2025 16:10,cart,Mobile,India,Direct,85,4,1
session_802,user_1231,4/16/2025 16:13,checkout,Mobile,India,Direct,148,4,1
session_802,user_1231,4/16/2025 16:15,confirmation,Mobile,India,Direct,165,0,1
session_803,user_2667,7/6/2025 5:53,home,Mobile,UK,Direct,131,0,0
session_803,user_2667,7/6/2025 5:55,product_page,Mobile,UK,Direct,135,0,0
session_804,user_1311,6/29/2025 5:50,home,Tablet,Australia,Social Media,134,0,0
session_804,user_1311,6/29/2025 5:52,product_page,Tablet,Australia,Social Media,108,2,0
session_805,user_1377,3/10/2025 21:37,home,Mobile,USA,Direct,111,0,1
session_805,user_1377,3/10/2025 21:38,product_page,Mobile,USA,Direct,71,0,1
session_805,user_1377,3/10/2025 21:41,cart,Mobile,USA,Direct,157,0,1
session_805,user_1377,3/10/2025 21:44,checkout,Mobile,USA,Direct,158,2,1
session_805,user_1377,3/10/2025 21:46,confirmation,Mobile,USA,Direct,141,0,1
session_806,user_1129,7/1/2025 12:55,home,Tablet,Australia,Social Media,82,0,1
session_806,user_1129,7/1/2025 12:57,product_page,Tablet,Australia,Social Media,140,5,1
session_806,user_1129,7/1/2025 13:00,cart,Tablet,Australia,Social Media,161,5,1
session_806,user_1129,7/1/2025 13:02,checkout,Tablet,Australia,Social Media,125,5,1
session_806,user_1129,7/1/2025 13:03,confirmation,Tablet,Australia,Social Media,52,0,1
session_807,user_1463,8/26/2025 1:31,home,Desktop,India,Google,47,0,0
session_808,user_1991,1/19/2025 3:13,home,Desktop,UK,Email,160,0,0
session_808,user_1991,1/19/2025 3:15,product_page,Desktop,UK,Email,139,0,0
session_809,user_1572,5/15/2025 0:12,home,Mobile,Canada,Email,65,0,0
session_809,user_1572,5/15/2025 0:14,product_page,Mobile,Canada,Email,119,3,0
session_810,user_1339,3/8/2025 10:13,home,Mobile,Germany,Direct,144,0,0
session_810,user_1339,3/8/2025 10:16,product_page,Mobile,Germany,Direct,178,4,0
session_810,user_1339,3/8/2025 10:17,cart,Mobile,Germany,Direct,85,4,0
session_811,user_2755,1/7/2025 1:38,home,Desktop,Germany,Google,45,0,0
session_812,user_1035,3/6/2025 11:20,home,Desktop,UK,Email,73,0,0
session_813,user_1845,5/23/2025 20:02,home,Tablet,Canada,Direct,90,0,0
session_813,user_1845,5/23/2025 20:05,product_page,Tablet,Canada,Direct,154,0,0
session_814,user_2751,6/26/2025 4:57,home,Tablet,France,Google,116,0,0
session_814,user_2751,6/26/2025 4:58,product_page,Tablet,France,Google,70,0,0
session_815,user_2868,1/9/2025 6:57,home,Desktop,Germany,Direct,111,0,0
session_815,user_2868,1/9/2025 6:59,product_page,Desktop,Germany,Direct,100,0,0
session_816,user_1196,1/1/2025 0:09,home,Mobile,India,Email,134,0,0
session_816,user_1196,1/1/2025 0:10,product_page,Mobile,India,Email,51,0,0
session_817,user_2055,8/12/2025 12:15,home,Desktop,France,Google,39,0,0
session_817,user_2055,8/12/2025 12:16,product_page,Desktop,France,Google,28,0,0
session_818,user_1220,5/13/2025 21:18,home,Desktop,Germany,Direct,177,0,0
session_819,user_1693,8/13/2025 3:17,home,Desktop,USA,Google,65,0,0
session_819,user_1693,8/13/2025 3:20,product_page,Desktop,USA,Google,153,0,0
session_820,user_1285,5/25/2025 13:58,home,Tablet,France,Social Media,110,0,0
session_820,user_1285,5/25/2025 14:00,product_page,Tablet,France,Social Media,144,0,0
session_821,user_1010,8/26/2025 12:17,home,Mobile,Germany,Social Media,134,0,0
session_821,user_1010,8/26/2025 12:20,product_page,Mobile,Germany,Social Media,175,0,0
session_821,user_1010,8/26/2025 12:21,cart,Mobile,Germany,Social Media,39,3,0
session_822,user_2738,2/10/2025 18:41,home,Mobile,USA,Google,170,0,0
session_822,user_2738,2/10/2025 18:43,product_page,Mobile,USA,Google,149,0,0
session_823,user_2275,7/18/2025 2:13,home,Desktop,Australia,Direct,170,0,0
session_823,user_2275,7/18/2025 2:14,product_page,Desktop,Australia,Direct,42,3,0
session_823,user_2275,7/18/2025 2:16,cart,Desktop,Australia,Direct,131,3,0
session_824,user_2134,5/11/2025 21:32,home,Mobile,Canada,Social Media,40,0,0
session_824,user_2134,5/11/2025 21:35,product_page,Mobile,Canada,Social Media,135,0,0
session_825,user_1193,1/17/2025 8:53,home,Mobile,Canada,Google,180,0,1
session_825,user_1193,1/17/2025 8:54,product_page,Mobile,Canada,Google,60,2,1
session_825,user_1193,1/17/2025 8:56,cart,Mobile,Canada,Google,130,2,1
session_825,user_1193,1/17/2025 8:57,checkout,Mobile,Canada,Google,18,2,1
session_825,user_1193,1/17/2025 8:59,confirmation,Mobile,Canada,Google,160,0,1
session_826,user_1799,3/29/2025 21:54,home,Mobile,USA,Direct,69,0,0
session_826,user_1799,3/29/2025 21:54,product_page,Mobile,USA,Direct,25,0,0
session_826,user_1799,3/29/2025 21:55,cart,Mobile,USA,Direct,36,1,0
session_827,user_1747,8/31/2025 7:05,home,Mobile,Germany,Google,143,0,0
session_827,user_1747,8/31/2025 7:07,product_page,Mobile,Germany,Google,139,2,0
session_828,user_2991,6/18/2025 22:28,home,Mobile,France,Social Media,117,0,1
session_828,user_2991,6/18/2025 22:29,product_page,Mobile,France,Social Media,109,4,1
session_828,user_2991,6/18/2025 22:30,cart,Mobile,France,Social Media,62,4,1
session_828,user_2991,6/18/2025 22:33,checkout,Mobile,France,Social Media,176,4,1
session_828,user_2991,6/18/2025 22:35,confirmation,Mobile,France,Social Media,93,0,1
session_829,user_2035,2/28/2025 2:23,home,Mobile,Germany,Social Media,81,0,0
session_829,user_2035,2/28/2025 2:26,product_page,Mobile,Germany,Social Media,149,4,0
session_830,user_2408,2/12/2025 11:30,home,Desktop,UK,Social Media,46,0,1
session_830,user_2408,2/12/2025 11:31,product_page,Desktop,UK,Social Media,58,4,1
session_830,user_2408,2/12/2025 11:32,cart,Desktop,UK,Social Media,58,4,1
session_830,user_2408,2/12/2025 11:34,checkout,Desktop,UK,Social Media,124,4,1
session_830,user_2408,2/12/2025 11:36,confirmation,Desktop,UK,Social Media,103,0,1
session_831,user_1995,3/3/2025 9:42,home,Tablet,USA,Social Media,28,0,0
session_831,user_1995,3/3/2025 9:45,product_page,Tablet,USA,Social Media,159,4,0
session_832,user_1983,5/18/2025 7:12,home,Tablet,India,Social Media,45,0,0
session_833,user_1621,4/9/2025 0:02,home,Mobile,Australia,Social Media,69,0,0
session_834,user_2672,4/8/2025 9:21,home,Desktop,Australia,Email,71,0,0
session_834,user_2672,4/8/2025 9:22,product_page,Desktop,Australia,Email,77,1,0
session_834,user_2672,4/8/2025 9:22,cart,Desktop,Australia,Email,18,1,0
session_835,user_2809,6/18/2025 15:40,home,Desktop,Australia,Direct,129,0,0
session_835,user_2809,6/18/2025 15:43,product_page,Desktop,Australia,Direct,142,0,0
session_836,user_2831,7/26/2025 2:31,home,Mobile,UK,Email,174,0,0
session_837,user_2503,4/9/2025 21:27,home,Mobile,Australia,Social Media,46,0,0
session_837,user_2503,4/9/2025 21:27,product_page,Mobile,Australia,Social Media,57,4,0
session_838,user_2354,1/10/2025 13:50,home,Mobile,France,Direct,81,0,1
session_838,user_2354,1/10/2025 13:52,product_page,Mobile,France,Direct,123,0,1
session_838,user_2354,1/10/2025 13:53,cart,Mobile,France,Direct,40,5,1
session_838,user_2354,1/10/2025 13:53,checkout,Mobile,France,Direct,26,5,1
session_838,user_2354,1/10/2025 13:54,confirmation,Mobile,France,Direct,24,0,1
session_839,user_2620,7/22/2025 16:00,home,Desktop,India,Social Media,131,0,1
session_839,user_2620,7/22/2025 16:02,product_page,Desktop,India,Social Media,128,1,1
session_839,user_2620,7/22/2025 16:04,cart,Desktop,India,Social Media,165,1,1
session_839,user_2620,7/22/2025 16:06,checkout,Desktop,India,Social Media,118,1,1
session_839,user_2620,7/22/2025 16:08,confirmation,Desktop,India,Social Media,93,0,1
session_840,user_2765,1/2/2025 11:03,home,Mobile,Australia,Social Media,101,0,0
session_840,user_2765,1/2/2025 11:03,product_page,Mobile,Australia,Social Media,21,0,0
session_841,user_1616,8/22/2025 9:46,home,Tablet,Australia,Direct,102,0,0
session_842,user_2187,1/21/2025 6:44,home,Tablet,USA,Social Media,60,0,0
session_843,user_1346,1/19/2025 11:18,home,Tablet,India,Social Media,136,0,0
session_844,user_1967,8/8/2025 6:09,home,Mobile,India,Direct,102,0,0
session_844,user_1967,8/8/2025 6:11,product_page,Mobile,India,Direct,123,0,0
session_845,user_2675,7/13/2025 9:11,home,Mobile,France,Google,123,0,0
session_845,user_2675,7/13/2025 9:12,product_page,Mobile,France,Google,77,5,0
session_846,user_1693,8/14/2025 23:44,home,Tablet,USA,Email,176,0,0
session_846,user_1693,8/14/2025 23:44,product_page,Tablet,USA,Email,46,1,0
session_847,user_1099,8/22/2025 22:28,home,Mobile,India,Email,79,0,0
session_847,user_1099,8/22/2025 22:30,product_page,Mobile,India,Email,101,4,0
session_847,user_1099,8/22/2025 22:31,cart,Mobile,India,Email,79,4,0
session_848,user_2821,6/6/2025 23:16,home,Tablet,UK,Email,56,0,0
session_849,user_1229,6/4/2025 16:03,home,Mobile,France,Google,21,0,0
session_849,user_1229,6/4/2025 16:04,product_page,Mobile,France,Google,68,1,0
session_849,user_1229,6/4/2025 16:06,cart,Mobile,France,Google,99,1,0
session_850,user_1903,3/17/2025 14:53,home,Desktop,Australia,Google,76,0,0
session_850,user_1903,3/17/2025 14:54,product_page,Desktop,Australia,Google,107,3,0
session_850,user_1903,3/17/2025 14:56,cart,Desktop,Australia,Google,91,3,0
session_851,user_1748,1/17/2025 3:36,home,Mobile,Canada,Email,100,0,0
session_851,user_1748,1/17/2025 3:36,product_page,Mobile,Canada,Email,21,3,0
session_852,user_1187,2/26/2025 8:01,home,Mobile,Germany,Email,42,0,0
session_852,user_1187,2/26/2025 8:02,product_page,Mobile,Germany,Email,40,0,0
session_853,user_1282,3/1/2025 8:13,home,Tablet,France,Email,179,0,0
session_853,user_1282,3/1/2025 8:14,product_page,Tablet,France,Email,55,0,0
session_854,user_1925,2/10/2025 19:00,home,Desktop,UK,Email,153,0,0
session_854,user_1925,2/10/2025 19:00,product_page,Desktop,UK,Email,16,0,0
session_854,user_1925,2/10/2025 19:01,cart,Desktop,UK,Email,61,2,0
session_855,user_2134,5/10/2025 19:14,home,Mobile,Canada,Email,112,0,0
session_856,user_1385,3/4/2025 8:57,home,Mobile,France,Social Media,133,0,0
session_856,user_1385,3/4/2025 8:58,product_page,Mobile,France,Social Media,47,0,0
session_856,user_1385,3/4/2025 8:59,cart,Mobile,France,Social Media,102,0,0
session_856,user_1385,3/4/2025 9:01,checkout,Mobile,France,Social Media,100,2,0
session_857,user_1032,6/8/2025 5:06,home,Tablet,India,Social Media,128,0,0
session_858,user_1607,4/24/2025 16:43,home,Desktop,India,Google,42,0,0
session_858,user_1607,4/24/2025 16:44,product_page,Desktop,India,Google,24,0,0
session_859,user_2187,1/13/2025 4:30,home,Mobile,Germany,Google,168,0,0
session_859,user_2187,1/13/2025 4:33,product_page,Mobile,Germany,Google,179,0,0
session_860,user_1181,5/28/2025 13:37,home,Tablet,Germany,Direct,102,0,0
session_861,user_2230,7/16/2025 23:29,home,Tablet,India,Social Media,139,0,0
session_861,user_2230,7/16/2025 23:30,product_page,Tablet,India,Social Media,77,4,0
session_862,user_1677,8/15/2025 19:44,home,Desktop,India,Email,39,0,0
session_863,user_1917,1/18/2025 20:50,home,Tablet,USA,Social Media,63,0,0
session_863,user_1917,1/18/2025 20:52,product_page,Tablet,USA,Social Media,142,4,0
session_864,user_1155,8/16/2025 21:59,home,Mobile,Germany,Email,176,0,0
session_864,user_1155,8/16/2025 22:00,product_page,Mobile,Germany,Email,58,0,0
session_865,user_1021,1/23/2025 22:52,home,Desktop,Canada,Google,118,0,0
session_865,user_1021,1/23/2025 22:54,product_page,Desktop,Canada,Google,129,2,0
session_866,user_2499,4/20/2025 4:59,home,Desktop,UK,Social Media,43,0,0
session_866,user_2499,4/20/2025 5:01,product_page,Desktop,UK,Social Media,102,1,0
session_866,user_2499,4/20/2025 5:04,cart,Desktop,UK,Social Media,147,1,0
session_867,user_2524,3/12/2025 1:06,home,Mobile,USA,Google,87,0,1
session_867,user_2524,3/12/2025 1:07,product_page,Mobile,USA,Google,56,0,1
session_867,user_2524,3/12/2025 1:10,cart,Mobile,USA,Google,171,5,1
session_867,user_2524,3/12/2025 1:10,checkout,Mobile,USA,Google,38,5,1
session_867,user_2524,3/12/2025 1:12,confirmation,Mobile,USA,Google,89,0,1
session_868,user_2663,5/15/2025 7:56,home,Mobile,Canada,Direct,64,0,0
session_868,user_2663,5/15/2025 7:57,product_page,Mobile,Canada,Direct,42,5,0
session_869,user_2673,4/5/2025 9:02,home,Mobile,Australia,Email,104,0,0
session_869,user_2673,4/5/2025 9:03,product_page,Mobile,Australia,Email,48,2,0
session_869,user_2673,4/5/2025 9:05,cart,Mobile,Australia,Email,84,2,0
session_869,user_2673,4/5/2025 9:05,checkout,Mobile,Australia,Email,23,2,0
session_870,user_2449,5/14/2025 20:46,home,Mobile,France,Direct,20,0,0
session_870,user_2449,5/14/2025 20:48,product_page,Mobile,France,Direct,155,1,0
session_871,user_2655,3/11/2025 13:55,home,Desktop,UK,Direct,171,0,0
session_872,user_1942,3/4/2025 5:56,home,Tablet,UK,Direct,47,0,1
session_872,user_1942,3/4/2025 5:58,product_page,Tablet,UK,Direct,116,1,1
session_872,user_1942,3/4/2025 5:59,cart,Tablet,UK,Direct,85,1,1
session_872,user_1942,3/4/2025 6:00,checkout,Tablet,UK,Direct,62,1,1
session_872,user_1942,3/4/2025 6:02,confirmation,Tablet,UK,Direct,103,0,1
session_873,user_2261,1/4/2025 11:23,home,Desktop,India,Social Media,102,0,0
session_874,user_2368,1/6/2025 3:35,home,Mobile,India,Email,156,0,0
session_874,user_2368,1/6/2025 3:37,product_page,Mobile,India,Email,99,5,0
session_875,user_1083,1/10/2025 9:40,home,Mobile,USA,Google,160,0,0
session_875,user_1083,1/10/2025 9:41,product_page,Mobile,USA,Google,66,0,0
session_875,user_1083,1/10/2025 9:42,cart,Mobile,USA,Google,23,0,0
session_876,user_1611,2/28/2025 5:44,home,Mobile,UK,Email,18,0,0
session_877,user_2687,2/17/2025 17:34,home,Mobile,Canada,Google,87,0,1
session_877,user_2687,2/17/2025 17:37,product_page,Mobile,Canada,Google,162,0,1
session_877,user_2687,2/17/2025 17:39,cart,Mobile,Canada,Google,161,0,1
session_877,user_2687,2/17/2025 17:41,checkout,Mobile,Canada,Google,102,3,1
session_877,user_2687,2/17/2025 17:41,confirmation,Mobile,Canada,Google,15,0,1
session_878,user_2742,7/1/2025 6:16,home,Desktop,Canada,Email,60,0,0
session_878,user_2742,7/1/2025 6:16,product_page,Desktop,Canada,Email,39,5,0
session_879,user_2500,8/29/2025 18:39,home,Mobile,India,Direct,88,0,0
session_880,user_2767,5/4/2025 4:19,home,Tablet,UK,Direct,65,0,0
session_880,user_2767,5/4/2025 4:19,product_page,Tablet,UK,Direct,37,3,0
session_881,user_2178,7/28/2025 10:01,home,Desktop,UK,Social Media,102,0,1
session_881,user_2178,7/28/2025 10:04,product_page,Desktop,UK,Social Media,180,2,1
session_881,user_2178,7/28/2025 10:06,cart,Desktop,UK,Social Media,136,2,1
session_881,user_2178,7/28/2025 10:08,checkout,Desktop,UK,Social Media,140,2,1
session_881,user_2178,7/28/2025 10:10,confirmation,Desktop,UK,Social Media,114,0,1
session_882,user_2444,8/13/2025 11:55,home,Tablet,India,Social Media,145,0,0
session_882,user_2444,8/13/2025 11:58,product_page,Tablet,India,Social Media,158,0,0
session_883,user_1503,3/19/2025 11:22,home,Desktop,Germany,Email,98,0,0
session_883,user_1503,3/19/2025 11:24,product_page,Desktop,Germany,Email,112,2,0
session_884,user_2025,5/15/2025 21:46,home,Mobile,India,Email,66,0,0
session_884,user_2025,5/15/2025 21:49,product_page,Mobile,India,Email,168,3,0
session_885,user_2769,8/14/2025 5:21,home,Desktop,India,Social Media,177,0,0
session_885,user_2769,8/14/2025 5:23,product_page,Desktop,India,Social Media,110,3,0
session_886,user_2008,6/15/2025 18:16,home,Tablet,Canada,Social Media,33,0,1
session_886,user_2008,6/15/2025 18:17,product_page,Tablet,Canada,Social Media,80,3,1
session_886,user_2008,6/15/2025 18:20,cart,Tablet,Canada,Social Media,164,3,1
session_886,user_2008,6/15/2025 18:22,checkout,Tablet,Canada,Social Media,98,3,1
session_886,user_2008,6/15/2025 18:22,confirmation,Tablet,Canada,Social Media,33,0,1
session_887,user_2451,1/17/2025 12:22,home,Desktop,India,Email,146,0,0
session_887,user_2451,1/17/2025 12:23,product_page,Desktop,India,Email,86,1,0
session_887,user_2451,1/17/2025 12:26,cart,Desktop,India,Email,153,1,0
session_887,user_2451,1/17/2025 12:27,checkout,Desktop,India,Email,30,1,0
session_888,user_1033,4/28/2025 3:48,home,Tablet,Germany,Google,127,0,0
session_888,user_1033,4/28/2025 3:51,product_page,Tablet,Germany,Google,172,1,0
session_889,user_2205,6/6/2025 17:16,home,Desktop,USA,Email,74,0,0
session_889,user_2205,6/6/2025 17:17,product_page,Desktop,USA,Email,85,2,0
session_890,user_1751,6/18/2025 14:16,home,Desktop,Canada,Social Media,74,0,0
session_890,user_1751,6/18/2025 14:17,product_page,Desktop,Canada,Social Media,97,5,0
session_891,user_1754,7/3/2025 3:32,home,Desktop,UK,Email,105,0,0
session_891,user_1754,7/3/2025 3:34,product_page,Desktop,UK,Email,89,5,0
session_892,user_1933,2/10/2025 21:18,home,Mobile,UK,Direct,144,0,0
session_892,user_1933,2/10/2025 21:19,product_page,Mobile,UK,Direct,90,0,0
session_893,user_2719,3/16/2025 8:58,home,Desktop,Australia,Google,117,0,0
session_893,user_2719,3/16/2025 9:00,product_page,Desktop,Australia,Google,79,0,0
session_893,user_2719,3/16/2025 9:01,cart,Desktop,Australia,Google,78,3,0
session_893,user_2719,3/16/2025 9:03,checkout,Desktop,Australia,Google,117,3,0
session_894,user_1771,5/3/2025 13:26,home,Mobile,Australia,Email,42,0,0
session_894,user_1771,5/3/2025 13:27,product_page,Mobile,Australia,Email,35,0,0
session_894,user_1771,5/3/2025 13:29,cart,Mobile,Australia,Email,137,4,0
session_895,user_1580,6/24/2025 10:24,home,Mobile,UK,Social Media,106,0,0
session_896,user_2637,3/27/2025 17:07,home,Tablet,USA,Email,98,0,0
session_896,user_2637,3/27/2025 17:08,product_page,Tablet,USA,Email,111,3,0
session_897,user_2048,8/27/2025 4:04,home,Tablet,France,Google,121,0,0
session_897,user_2048,8/27/2025 4:05,product_page,Tablet,France,Google,74,1,0
session_898,user_1681,8/4/2025 18:46,home,Tablet,UK,Google,179,0,0
session_898,user_1681,8/4/2025 18:48,product_page,Tablet,UK,Google,140,3,0
session_899,user_2885,5/30/2025 21:36,home,Desktop,India,Email,153,0,0
session_899,user_2885,5/30/2025 21:37,product_page,Desktop,India,Email,44,5,0
session_899,user_2885,5/30/2025 21:38,cart,Desktop,India,Email,72,5,0
session_900,user_1468,4/28/2025 19:12,home,Desktop,India,Social Media,136,0,0
session_901,user_2643,1/14/2025 13:20,home,Desktop,India,Google,178,0,0
session_901,user_2643,1/14/2025 13:22,product_page,Desktop,India,Google,84,2,0
session_902,user_1020,4/15/2025 15:29,home,Mobile,Australia,Direct,92,0,0
session_902,user_1020,4/15/2025 15:30,product_page,Mobile,Australia,Direct,63,3,0
session_903,user_1252,8/4/2025 6:17,home,Tablet,India,Email,85,0,1
session_903,user_1252,8/4/2025 6:20,product_page,Tablet,India,Email,145,4,1
session_903,user_1252,8/4/2025 6:22,cart,Tablet,India,Email,132,4,1
session_903,user_1252,8/4/2025 6:24,checkout,Tablet,India,Email,131,4,1
session_903,user_1252,8/4/2025 6:26,confirmation,Tablet,India,Email,101,0,1
session_904,user_2004,8/9/2025 9:09,home,Tablet,India,Direct,108,0,0
session_904,user_2004,8/9/2025 9:10,product_page,Tablet,India,Direct,71,4,0
session_905,user_1307,3/17/2025 14:44,home,Mobile,UK,Direct,72,0,0
session_905,user_1307,3/17/2025 14:46,product_page,Mobile,UK,Direct,119,2,0
session_905,user_1307,3/17/2025 14:48,cart,Mobile,UK,Direct,120,2,0
session_906,user_2929,1/28/2025 14:10,home,Mobile,Australia,Email,80,0,0
session_906,user_2929,1/28/2025 14:12,product_page,Mobile,Australia,Email,138,5,0
session_907,user_1346,7/16/2025 0:35,home,Desktop,Germany,Google,66,0,0
session_907,user_1346,7/16/2025 0:38,product_page,Desktop,Germany,Google,178,3,0
session_908,user_1285,3/6/2025 0:27,home,Mobile,Germany,Direct,176,0,0
session_908,user_1285,3/6/2025 0:28,product_page,Mobile,Germany,Direct,48,5,0
session_909,user_1106,4/22/2025 16:41,home,Desktop,Germany,Email,38,0,0
session_909,user_1106,4/22/2025 16:43,product_page,Desktop,Germany,Email,125,2,0
session_910,user_2540,5/11/2025 2:32,home,Tablet,Germany,Google,155,0,0
session_911,user_2050,2/25/2025 20:32,home,Desktop,USA,Google,37,0,0
session_911,user_2050,2/25/2025 20:35,product_page,Desktop,USA,Google,165,0,0
session_912,user_1213,3/25/2025 23:41,home,Desktop,France,Google,168,0,1
session_912,user_1213,3/25/2025 23:42,product_page,Desktop,France,Google,53,5,1
session_912,user_1213,3/25/2025 23:44,cart,Desktop,France,Google,128,5,1
session_912,user_1213,3/25/2025 23:46,checkout,Desktop,France,Google,165,5,1
session_912,user_1213,3/25/2025 23:47,confirmation,Desktop,France,Google,27,0,1
session_913,user_2210,1/21/2025 15:48,home,Tablet,USA,Direct,57,0,0
session_913,user_2210,1/21/2025 15:49,product_page,Tablet,USA,Direct,108,4,0
session_914,user_1462,3/14/2025 10:01,home,Mobile,India,Social Media,90,0,0
session_914,user_1462,3/14/2025 10:03,product_page,Mobile,India,Social Media,132,2,0
session_915,user_2706,4/5/2025 2:27,home,Tablet,Canada,Direct,172,0,1
session_915,user_2706,4/5/2025 2:29,product_page,Tablet,Canada,Direct,102,1,1
session_915,user_2706,4/5/2025 2:32,cart,Tablet,Canada,Direct,143,1,1
session_915,user_2706,4/5/2025 2:32,checkout,Tablet,Canada,Direct,40,1,1
session_915,user_2706,4/5/2025 2:34,confirmation,Tablet,Canada,Direct,123,0,1
session_916,user_1500,8/12/2025 10:18,home,Desktop,USA,Google,58,0,0
session_916,user_1500,8/12/2025 10:21,product_page,Desktop,USA,Google,125,2,0
session_916,user_1500,8/12/2025 10:23,cart,Desktop,USA,Google,126,2,0
session_916,user_1500,8/12/2025 10:25,checkout,Desktop,USA,Google,115,2,0
session_917,user_2563,6/24/2025 22:34,home,Tablet,India,Direct,79,0,0
session_917,user_2563,6/24/2025 22:36,product_page,Tablet,India,Direct,135,0,0
session_918,user_2084,3/20/2025 11:17,home,Desktop,Australia,Google,165,0,0
session_918,user_2084,3/20/2025 11:19,product_page,Desktop,Australia,Google,94,3,0
session_919,user_2199,8/3/2025 20:48,home,Mobile,India,Social Media,78,0,1
session_919,user_2199,8/3/2025 20:50,product_page,Mobile,India,Social Media,143,0,1
session_919,user_2199,8/3/2025 20:52,cart,Mobile,India,Social Media,129,1,1
session_919,user_2199,8/3/2025 20:55,checkout,Mobile,India,Social Media,176,1,1
session_919,user_2199,8/3/2025 20:58,confirmation,Mobile,India,Social Media,164,0,1
session_920,user_1705,8/4/2025 18:10,home,Tablet,USA,Social Media,152,0,0
session_920,user_1705,8/4/2025 18:10,product_page,Tablet,USA,Social Media,18,3,0
session_921,user_1509,4/11/2025 11:06,home,Desktop,USA,Google,160,0,0
session_922,user_1091,5/31/2025 12:46,home,Desktop,France,Social Media,50,0,0
session_923,user_1971,5/16/2025 17:32,home,Mobile,Australia,Email,90,0,0
session_923,user_1971,5/16/2025 17:32,product_page,Mobile,Australia,Email,20,0,0
session_924,user_1021,8/22/2025 5:07,home,Desktop,Germany,Email,123,0,1
session_924,user_1021,8/22/2025 5:09,product_page,Desktop,Germany,Email,89,0,1
session_924,user_1021,8/22/2025 5:10,cart,Desktop,Germany,Email,55,3,1
session_924,user_1021,8/22/2025 5:12,checkout,Desktop,Germany,Email,124,3,1
session_924,user_1021,8/22/2025 5:13,confirmation,Desktop,Germany,Email,86,0,1
session_925,user_1731,6/30/2025 16:24,home,Desktop,France,Google,78,0,1
session_925,user_1731,6/30/2025 16:25,product_page,Desktop,France,Google,43,3,1
session_925,user_1731,6/30/2025 16:26,cart,Desktop,France,Google,102,3,1
session_925,user_1731,6/30/2025 16:27,checkout,Desktop,France,Google,39,3,1
session_925,user_1731,6/30/2025 16:29,confirmation,Desktop,France,Google,102,0,1
session_926,user_2652,2/22/2025 6:51,home,Mobile,India,Direct,69,0,0
session_926,user_2652,2/22/2025 6:53,product_page,Mobile,India,Direct,103,3,0
session_927,user_2629,8/28/2025 4:18,home,Desktop,UK,Google,85,0,0
session_927,user_2629,8/28/2025 4:20,product_page,Desktop,UK,Google,163,1,0
session_928,user_2716,2/5/2025 14:22,home,Mobile,Australia,Social Media,115,0,0
session_928,user_2716,2/5/2025 14:25,product_page,Mobile,Australia,Social Media,147,1,0
session_929,user_2093,1/2/2025 22:08,home,Tablet,Canada,Direct,58,0,0
session_929,user_2093,1/2/2025 22:09,product_page,Tablet,Canada,Direct,67,1,0
session_930,user_1016,7/25/2025 5:34,home,Mobile,Canada,Social Media,126,0,0
session_931,user_1530,1/28/2025 0:13,home,Tablet,Germany,Direct,115,0,0
session_931,user_1530,1/28/2025 0:16,product_page,Tablet,Germany,Direct,170,0,0
session_932,user_1060,2/7/2025 17:34,home,Mobile,India,Direct,98,0,0
session_932,user_1060,2/7/2025 17:35,product_page,Mobile,India,Direct,92,4,0
session_932,user_1060,2/7/2025 17:36,cart,Mobile,India,Direct,65,4,0
session_933,user_1614,7/30/2025 8:40,home,Desktop,Germany,Social Media,154,0,0
session_933,user_1614,7/30/2025 8:41,product_page,Desktop,Germany,Social Media,115,2,0
session_933,user_1614,7/30/2025 8:43,cart,Desktop,Germany,Social Media,78,2,0
session_933,user_1614,7/30/2025 8:45,checkout,Desktop,Germany,Social Media,160,2,0
session_934,user_1804,1/1/2025 17:59,home,Desktop,India,Email,27,0,0
session_934,user_1804,1/1/2025 18:02,product_page,Desktop,India,Email,178,0,0
session_935,user_2895,6/28/2025 18:11,home,Tablet,UK,Social Media,125,0,0
session_935,user_2895,6/28/2025 18:12,product_page,Tablet,UK,Social Media,41,2,0
session_936,user_1874,1/20/2025 6:56,home,Tablet,Canada,Direct,29,0,0
session_936,user_1874,1/20/2025 6:57,product_page,Tablet,Canada,Direct,34,0,0
session_936,user_1874,1/20/2025 6:58,cart,Tablet,Canada,Direct,56,0,0
session_937,user_1076,7/8/2025 20:49,home,Mobile,UK,Social Media,29,0,0
session_937,user_1076,7/8/2025 20:51,product_page,Mobile,UK,Social Media,157,1,0
session_938,user_2443,5/9/2025 9:53,home,Tablet,Canada,Social Media,135,0,0
session_938,user_2443,5/9/2025 9:54,product_page,Tablet,Canada,Social Media,93,1,0
session_939,user_2703,4/22/2025 19:23,home,Desktop,Canada,Google,143,0,0
session_939,user_2703,4/22/2025 19:26,product_page,Desktop,Canada,Google,156,3,0
session_940,user_1167,7/7/2025 13:44,home,Mobile,India,Email,29,0,0
session_940,user_1167,7/7/2025 13:45,product_page,Mobile,India,Email,29,0,0
session_941,user_2621,2/6/2025 5:41,home,Tablet,Canada,Social Media,51,0,0
session_942,user_1478,3/31/2025 3:50,home,Mobile,India,Direct,33,0,0
session_943,user_2815,6/10/2025 14:56,home,Desktop,Australia,Social Media,21,0,0
session_943,user_2815,6/10/2025 14:59,product_page,Desktop,Australia,Social Media,138,3,0
session_944,user_2784,6/12/2025 20:40,home,Tablet,Germany,Social Media,32,0,0
session_944,user_2784,6/12/2025 20:41,product_page,Tablet,Germany,Social Media,62,1,0
session_945,user_1457,7/19/2025 0:05,home,Tablet,USA,Google,148,0,0
session_945,user_1457,7/19/2025 0:08,product_page,Tablet,USA,Google,145,2,0
session_946,user_1884,8/9/2025 19:31,home,Mobile,Canada,Email,28,0,0
session_946,user_1884,8/9/2025 19:31,product_page,Mobile,Canada,Email,49,5,0
session_947,user_2600,8/3/2025 3:57,home,Desktop,UK,Email,163,0,0
session_948,user_2957,6/4/2025 21:34,home,Mobile,Germany,Direct,140,0,0
session_948,user_2957,6/4/2025 21:34,product_page,Mobile,Germany,Direct,45,4,0
session_949,user_2959,5/17/2025 15:54,home,Tablet,USA,Email,54,0,0
session_950,user_1353,8/1/2025 8:36,home,Desktop,UK,Email,160,0,0
session_950,user_1353,8/1/2025 8:39,product_page,Desktop,UK,Email,157,2,0
session_951,user_2758,2/28/2025 17:28,home,Desktop,Canada,Google,15,0,0
session_951,user_2758,2/28/2025 17:29,product_page,Desktop,Canada,Google,109,3,0
session_951,user_2758,2/28/2025 17:31,cart,Desktop,Canada,Google,93,3,0
session_952,user_2255,8/19/2025 5:04,home,Mobile,Canada,Email,57,0,1
session_952,user_2255,8/19/2025 5:06,product_page,Mobile,Canada,Email,80,4,1
session_952,user_2255,8/19/2025 5:08,cart,Mobile,Canada,Email,153,4,1
session_952,user_2255,8/19/2025 5:11,checkout,Mobile,Canada,Email,144,4,1
session_952,user_2255,8/19/2025 5:12,confirmation,Mobile,Canada,Email,52,0,1
session_953,user_2017,7/31/2025 2:53,home,Desktop,India,Email,19,0,0
session_953,user_2017,7/31/2025 2:54,product_page,Desktop,India,Email,90,2,0
session_954,user_2131,4/20/2025 11:57,home,Mobile,France,Social Media,86,0,0
session_954,user_2131,4/20/2025 11:58,product_page,Mobile,France,Social Media,46,5,0
session_954,user_2131,4/20/2025 11:59,cart,Mobile,France,Social Media,79,5,0
session_954,user_2131,4/20/2025 12:02,checkout,Mobile,France,Social Media,149,5,0
session_955,user_2342,8/1/2025 2:51,home,Desktop,Australia,Direct,177,0,0
session_955,user_2342,8/1/2025 2:52,product_page,Desktop,Australia,Direct,103,4,0
session_955,user_2342,8/1/2025 2:53,cart,Desktop,Australia,Direct,61,4,0
session_956,user_2465,3/31/2025 15:37,home,Desktop,India,Google,15,0,0
session_956,user_2465,3/31/2025 15:37,product_page,Desktop,India,Google,39,2,0
session_957,user_2491,1/25/2025 12:10,home,Desktop,Germany,Email,143,0,0
session_958,user_1322,8/16/2025 3:07,home,Mobile,Canada,Direct,58,0,0
session_958,user_1322,8/16/2025 3:10,product_page,Mobile,Canada,Direct,127,0,0
session_959,user_1075,5/20/2025 5:40,home,Tablet,France,Google,111,0,1
session_959,user_1075,5/20/2025 5:43,product_page,Tablet,France,Google,160,1,1
session_959,user_1075,5/20/2025 5:43,cart,Tablet,France,Google,33,1,1
session_959,user_1075,5/20/2025 5:45,checkout,Tablet,France,Google,113,1,1
session_959,user_1075,5/20/2025 5:46,confirmation,Tablet,France,Google,22,0,1
session_960,user_2637,6/18/2025 0:05,home,Desktop,Germany,Direct,167,0,0
session_961,user_1982,8/2/2025 20:13,home,Desktop,USA,Email,176,0,0
session_962,user_1679,7/30/2025 19:30,home,Mobile,Germany,Google,17,0,0
session_962,user_1679,7/30/2025 19:32,product_page,Mobile,Germany,Google,162,0,0
session_963,user_2871,7/15/2025 17:59,home,Tablet,Australia,Email,164,0,0
session_963,user_2871,7/15/2025 17:59,product_page,Tablet,Australia,Email,16,0,0
session_964,user_1064,6/3/2025 15:24,home,Tablet,India,Direct,150,0,0
session_964,user_1064,6/3/2025 15:26,product_page,Tablet,India,Direct,80,0,0
session_964,user_1064,6/3/2025 15:27,cart,Tablet,India,Direct,67,0,0
session_965,user_2891,3/13/2025 0:22,home,Tablet,Germany,Google,132,0,0
session_966,user_2310,7/19/2025 0:13,home,Desktop,UK,Google,83,0,0
session_966,user_2310,7/19/2025 0:15,product_page,Desktop,UK,Google,90,0,0
session_967,user_2459,4/14/2025 18:45,home,Mobile,Canada,Direct,78,0,0
session_968,user_1192,7/30/2025 6:54,home,Desktop,France,Social Media,45,0,0
session_968,user_1192,7/30/2025 6:57,product_page,Desktop,France,Social Media,176,0,0
session_969,user_1304,5/27/2025 19:20,home,Desktop,Canada,Google,42,0,0
session_970,user_2233,4/11/2025 5:16,home,Desktop,France,Email,127,0,1
session_970,user_2233,4/11/2025 5:16,product_page,Desktop,France,Email,38,1,1
session_970,user_2233,4/11/2025 5:18,cart,Desktop,France,Email,75,1,1
session_970,user_2233,4/11/2025 5:21,checkout,Desktop,France,Email,171,1,1
session_970,user_2233,4/11/2025 5:23,confirmation,Desktop,France,Email,125,0,1
session_971,user_1959,1/31/2025 12:46,home,Desktop,USA,Google,132,0,0
session_971,user_1959,1/31/2025 12:49,product_page,Desktop,USA,Google,161,0,0
session_971,user_1959,1/31/2025 12:51,cart,Desktop,USA,Google,116,4,0
session_972,user_1254,5/17/2025 0:08,home,Mobile,Germany,Google,73,0,0
session_972,user_1254,5/17/2025 0:08,product_page,Mobile,Germany,Google,39,0,0
session_973,user_2837,5/11/2025 20:18,home,Tablet,Canada,Direct,162,0,0
session_973,user_2837,5/11/2025 20:20,product_page,Tablet,Canada,Direct,135,4,0
session_973,user_2837,5/11/2025 20:22,cart,Tablet,Canada,Direct,134,4,0
session_974,user_2439,2/21/2025 5:55,home,Desktop,France,Direct,146,0,0
session_974,user_2439,2/21/2025 5:55,product_page,Desktop,France,Direct,24,0,0
session_975,user_1160,7/12/2025 23:34,home,Tablet,Canada,Google,46,0,0
session_975,user_1160,7/12/2025 23:35,product_page,Tablet,Canada,Google,74,4,0
session_976,user_1558,6/24/2025 21:38,home,Desktop,UK,Email,171,0,0
session_976,user_1558,6/24/2025 21:40,product_page,Desktop,UK,Email,123,5,0
session_977,user_1383,3/25/2025 9:40,home,Mobile,France,Direct,107,0,1
session_977,user_1383,3/25/2025 9:41,product_page,Mobile,France,Direct,37,2,1
session_977,user_1383,3/25/2025 9:42,cart,Mobile,France,Direct,40,2,1
session_977,user_1383,3/25/2025 9:44,checkout,Mobile,France,Direct,154,2,1
session_977,user_1383,3/25/2025 9:47,confirmation,Mobile,France,Direct,140,0,1
session_978,user_2170,1/20/2025 9:35,home,Tablet,France,Email,141,0,0
session_979,user_1109,6/26/2025 21:06,home,Desktop,Germany,Email,82,0,0
session_979,user_1109,6/26/2025 21:08,product_page,Desktop,Germany,Email,98,0,0
session_979,user_1109,6/26/2025 21:11,cart,Desktop,Germany,Email,152,0,0
session_980,user_2646,5/3/2025 13:49,home,Tablet,USA,Social Media,93,0,0
session_981,user_2230,3/14/2025 12:11,home,Tablet,Australia,Social Media,121,0,1
session_981,user_2230,3/14/2025 12:14,product_page,Tablet,Australia,Social Media,175,4,1
session_981,user_2230,3/14/2025 12:17,cart,Tablet,Australia,Social Media,165,4,1
session_981,user_2230,3/14/2025 12:17,checkout,Tablet,Australia,Social Media,44,4,1
session_981,user_2230,3/14/2025 12:18,confirmation,Tablet,Australia,Social Media,18,0,1
session_982,user_2004,7/30/2025 21:51,home,Desktop,USA,Direct,176,0,0
session_982,user_2004,7/30/2025 21:52,product_page,Desktop,USA,Direct,40,0,0
session_983,user_1772,1/11/2025 11:41,home,Tablet,India,Google,35,0,1
session_983,user_1772,1/11/2025 11:42,product_page,Tablet,India,Google,66,0,1
session_983,user_1772,1/11/2025 11:45,cart,Tablet,India,Google,176,3,1
session_983,user_1772,1/11/2025 11:48,checkout,Tablet,India,Google,164,3,1
session_983,user_1772,1/11/2025 11:50,confirmation,Tablet,India,Google,108,0,1
session_984,user_1144,4/19/2025 2:08,home,Desktop,Canada,Social Media,59,0,0
session_984,user_1144,4/19/2025 2:09,product_page,Desktop,Canada,Social Media,33,3,0
session_985,user_2575,8/4/2025 12:00,home,Desktop,UK,Google,26,0,1
session_985,user_2575,8/4/2025 12:00,product_page,Desktop,UK,Google,24,0,1
session_985,user_2575,8/4/2025 12:00,cart,Desktop,UK,Google,26,0,1
session_985,user_2575,8/4/2025 12:01,checkout,Desktop,UK,Google,28,3,1
session_985,user_2575,8/4/2025 12:04,confirmation,Desktop,UK,Google,166,0,1
session_986,user_1472,6/18/2025 19:43,home,Mobile,India,Google,50,0,0
session_986,user_1472,6/18/2025 19:45,product_page,Mobile,India,Google,146,5,0
session_987,user_2860,1/1/2025 5:55,home,Desktop,USA,Email,134,0,1
session_987,user_2860,1/1/2025 5:57,product_page,Desktop,USA,Email,167,3,1
session_987,user_2860,1/1/2025 5:59,cart,Desktop,USA,Email,68,3,1
session_987,user_2860,1/1/2025 6:00,checkout,Desktop,USA,Email,110,3,1
session_987,user_2860,1/1/2025 6:01,confirmation,Desktop,USA,Email,29,0,1
session_988,user_1295,2/20/2025 2:42,home,Tablet,UK,Email,24,0,1
session_988,user_1295,2/20/2025 2:43,product_page,Tablet,UK,Email,18,0,1
session_988,user_1295,2/20/2025 2:45,cart,Tablet,UK,Email,126,0,1
session_988,user_1295,2/20/2025 2:45,checkout,Tablet,UK,Email,19,1,1
session_988,user_1295,2/20/2025 2:47,confirmation,Tablet,UK,Email,89,0,1
session_989,user_1276,2/7/2025 15:20,home,Tablet,Canada,Direct,20,0,0
session_990,user_2691,1/17/2025 11:14,home,Desktop,USA,Email,116,0,1
session_990,user_2691,1/17/2025 11:14,product_page,Desktop,USA,Email,25,3,1
session_990,user_2691,1/17/2025 11:17,cart,Desktop,USA,Email,162,3,1
session_990,user_2691,1/17/2025 11:19,checkout,Desktop,USA,Email,153,3,1
session_990,user_2691,1/17/2025 11:21,confirmation,Desktop,USA,Email,74,0,1
session_991,user_2141,7/29/2025 19:35,home,Desktop,Australia,Email,106,0,0
session_992,user_1847,5/18/2025 22:11,home,Mobile,Australia,Google,16,0,0
session_992,user_1847,5/18/2025 22:14,product_page,Mobile,Australia,Google,179,4,0
session_992,user_1847,5/18/2025 22:15,cart,Mobile,Australia,Google,56,4,0
session_993,user_1437,2/4/2025 9:55,home,Mobile,Australia,Social Media,133,0,0
session_993,user_1437,2/4/2025 9:58,product_page,Mobile,Australia,Social Media,174,5,0
session_994,user_2043,6/13/2025 9:41,home,Mobile,Germany,Direct,66,0,0
session_994,user_2043,6/13/2025 9:42,product_page,Mobile,Germany,Direct,109,2,0
session_994,user_2043,6/13/2025 9:43,cart,Mobile,Germany,Direct,56,2,0
session_994,user_2043,6/13/2025 9:46,checkout,Mobile,Germany,Direct,165,2,0
session_995,user_2892,2/2/2025 19:43,home,Mobile,USA,Google,66,0,0
session_995,user_2892,2/2/2025 19:46,product_page,Mobile,USA,Google,173,5,0
session_996,user_2729,5/15/2025 23:49,home,Desktop,France,Social Media,151,0,0
session_996,user_2729,5/15/2025 23:52,product_page,Desktop,France,Social Media,167,0,0
session_997,user_1069,2/23/2025 7:23,home,Desktop,USA,Direct,50,0,1
session_997,user_1069,2/23/2025 7:25,product_page,Desktop,USA,Direct,73,4,1
session_997,user_1069,2/23/2025 7:28,cart,Desktop,USA,Direct,180,4,1
session_997,user_1069,2/23/2025 7:28,checkout,Desktop,USA,Direct,50,4,1
session_997,user_1069,2/23/2025 7:31,confirmation,Desktop,USA,Direct,139,0,1
session_998,user_1190,1/9/2025 4:22,home,Desktop,Australia,Social Media,44,0,0
session_998,user_1190,1/9/2025 4:22,product_page,Desktop,Australia,Social Media,39,0,0
session_999,user_1153,6/30/2025 3:19,home,Mobile,UK,Google,157,0,0
session_999,user_1153,6/30/2025 3:22,product_page,Mobile,UK,Google,164,0,0
session_999,user_1153,6/30/2025 3:23,cart,Mobile,UK,Google,81,0,0
session_1000,user_1551,8/25/2025 9:34,home,Mobile,France,Email,45,0,1
session_1000,user_1551,8/25/2025 9:35,product_page,Mobile,France,Email,90,3,1
session_1000,user_1551,8/25/2025 9:38,cart,Mobile,France,Email,151,3,1
session_1000,user_1551,8/25/2025 9:40,checkout,Mobile,France,Email,152,3,1
session_1000,user_1551,8/25/2025 9:41,confirmation,Mobile,France,Email,36,0,1
session_1001,user_2877,3/27/2025 20:11,home,Desktop,Germany,Direct,145,0,0
session_1001,user_2877,3/27/2025 20:13,product_page,Desktop,Germany,Direct,102,5,0
session_1001,user_2877,3/27/2025 20:13,cart,Desktop,Germany,Direct,17,5,0
session_1002,user_1834,2/11/2025 10:53,home,Mobile,Canada,Direct,98,0,1
session_1002,user_1834,2/11/2025 10:53,product_page,Mobile,Canada,Direct,21,3,1
session_1002,user_1834,2/11/2025 10:55,cart,Mobile,Canada,Direct,105,3,1
session_1002,user_1834,2/11/2025 10:56,checkout,Mobile,Canada,Direct,95,3,1
session_1002,user_1834,2/11/2025 10:58,confirmation,Mobile,Canada,Direct,123,0,1
session_1003,user_1216,7/27/2025 22:14,home,Mobile,India,Social Media,56,0,0
session_1003,user_1216,7/27/2025 22:16,product_page,Mobile,India,Social Media,165,4,0
session_1004,user_1154,3/5/2025 13:49,home,Mobile,Canada,Social Media,147,0,0
session_1005,user_1252,6/27/2025 11:42,home,Tablet,Germany,Google,78,0,0
session_1005,user_1252,6/27/2025 11:43,product_page,Tablet,Germany,Google,90,2,0
session_1006,user_1471,1/3/2025 8:21,home,Mobile,USA,Email,138,0,0
session_1007,user_1010,1/20/2025 23:48,home,Mobile,France,Social Media,118,0,1
session_1007,user_1010,1/20/2025 23:49,product_page,Mobile,France,Social Media,30,5,1
session_1007,user_1010,1/20/2025 23:52,cart,Mobile,France,Social Media,172,5,1
session_1007,user_1010,1/20/2025 23:54,checkout,Mobile,France,Social Media,150,5,1
session_1007,user_1010,1/20/2025 23:56,confirmation,Mobile,France,Social Media,117,0,1
session_1008,user_1722,2/23/2025 5:15,home,Tablet,Canada,Social Media,51,0,0
session_1008,user_1722,2/23/2025 5:16,product_page,Tablet,Canada,Social Media,104,4,0
session_1009,user_1796,8/16/2025 7:49,home,Tablet,Australia,Social Media,59,0,0
session_1009,user_1796,8/16/2025 7:50,product_page,Tablet,Australia,Social Media,56,0,0
session_1009,user_1796,8/16/2025 7:50,cart,Tablet,Australia,Social Media,21,2,0
session_1010,user_2634,3/29/2025 9:27,home,Mobile,Canada,Social Media,122,0,0
session_1010,user_2634,3/29/2025 9:29,product_page,Mobile,Canada,Social Media,105,3,0
session_1010,user_2634,3/29/2025 9:31,cart,Mobile,Canada,Social Media,128,3,0
session_1011,user_2682,3/13/2025 12:16,home,Desktop,Germany,Direct,32,0,0
session_1011,user_2682,3/13/2025 12:18,product_page,Desktop,Germany,Direct,126,3,0
session_1012,user_2220,4/13/2025 1:30,home,Desktop,USA,Social Media,56,0,0
session_1012,user_2220,4/13/2025 1:32,product_page,Desktop,USA,Social Media,109,2,0
session_1013,user_1989,2/2/2025 15:50,home,Mobile,France,Google,174,0,0
session_1013,user_1989,2/2/2025 15:50,product_page,Mobile,France,Google,23,0,0
session_1014,user_1188,3/5/2025 17:25,home,Desktop,Germany,Social Media,52,0,0
session_1014,user_1188,3/5/2025 17:27,product_page,Desktop,Germany,Social Media,142,5,0
session_1015,user_2597,1/19/2025 8:34,home,Mobile,Australia,Google,111,0,1
session_1015,user_2597,1/19/2025 8:34,product_page,Mobile,Australia,Google,28,2,1
session_1015,user_2597,1/19/2025 8:36,cart,Mobile,Australia,Google,98,2,1
session_1015,user_2597,1/19/2025 8:37,checkout,Mobile,Australia,Google,63,2,1
session_1015,user_2597,1/19/2025 8:39,confirmation,Mobile,Australia,Google,132,0,1
session_1016,user_2752,7/9/2025 17:47,home,Tablet,France,Direct,111,0,0
session_1016,user_2752,7/9/2025 17:49,product_page,Tablet,France,Direct,158,2,0
session_1016,user_2752,7/9/2025 17:51,cart,Tablet,France,Direct,90,2,0
session_1016,user_2752,7/9/2025 17:52,checkout,Tablet,France,Direct,62,2,0
session_1017,user_2046,5/9/2025 6:39,home,Tablet,Canada,Google,141,0,0
session_1017,user_2046,5/9/2025 6:41,product_page,Tablet,Canada,Google,153,0,0
session_1018,user_2475,5/12/2025 17:24,home,Tablet,France,Email,146,0,1
session_1018,user_2475,5/12/2025 17:27,product_page,Tablet,France,Email,154,4,1
session_1018,user_2475,5/12/2025 17:27,cart,Tablet,France,Email,29,4,1
session_1018,user_2475,5/12/2025 17:30,checkout,Tablet,France,Email,175,4,1
session_1018,user_2475,5/12/2025 17:31,confirmation,Tablet,France,Email,40,0,1
session_1019,user_2063,7/7/2025 18:47,home,Mobile,India,Social Media,24,0,1
session_1019,user_2063,7/7/2025 18:49,product_page,Mobile,India,Social Media,108,1,1
session_1019,user_2063,7/7/2025 18:51,cart,Mobile,India,Social Media,122,1,1
session_1019,user_2063,7/7/2025 18:52,checkout,Mobile,India,Social Media,80,1,1
session_1019,user_2063,7/7/2025 18:54,confirmation,Mobile,India,Social Media,132,0,1
session_1020,user_1489,5/14/2025 8:16,home,Mobile,Germany,Direct,73,0,0
session_1020,user_1489,5/14/2025 8:16,product_page,Mobile,Germany,Direct,15,0,0
session_1021,user_1740,7/12/2025 19:48,home,Tablet,France,Direct,61,0,0
session_1021,user_1740,7/12/2025 19:49,product_page,Tablet,France,Direct,57,1,0
session_1022,user_1477,8/24/2025 3:45,home,Tablet,USA,Social Media,145,0,1
session_1022,user_1477,8/24/2025 3:46,product_page,Tablet,USA,Social Media,74,0,1
session_1022,user_1477,8/24/2025 3:49,cart,Tablet,USA,Social Media,165,3,1
session_1022,user_1477,8/24/2025 3:52,checkout,Tablet,USA,Social Media,155,3,1
session_1022,user_1477,8/24/2025 3:53,confirmation,Tablet,USA,Social Media,75,0,1
session_1023,user_2410,4/29/2025 1:28,home,Desktop,France,Social Media,52,0,0
session_1023,user_2410,4/29/2025 1:29,product_page,Desktop,France,Social Media,116,5,0
session_1023,user_2410,4/29/2025 1:31,cart,Desktop,France,Social Media,79,5,0
session_1024,user_2179,3/18/2025 0:25,home,Tablet,France,Google,128,0,0
session_1024,user_2179,3/18/2025 0:26,product_page,Tablet,France,Google,66,4,0
session_1025,user_2874,1/23/2025 17:20,home,Tablet,Australia,Direct,67,0,1
session_1025,user_2874,1/23/2025 17:20,product_page,Tablet,Australia,Direct,24,0,1
session_1025,user_2874,1/23/2025 17:21,cart,Tablet,Australia,Direct,36,0,1
session_1025,user_2874,1/23/2025 17:21,checkout,Tablet,Australia,Direct,36,1,1
session_1025,user_2874,1/23/2025 17:23,confirmation,Tablet,Australia,Direct,97,0,1
session_1026,user_2997,2/22/2025 18:50,home,Mobile,USA,Social Media,22,0,0
session_1026,user_2997,2/22/2025 18:51,product_page,Mobile,USA,Social Media,72,0,0
session_1027,user_1571,4/30/2025 22:36,home,Mobile,France,Google,121,0,1
session_1027,user_1571,4/30/2025 22:39,product_page,Mobile,France,Google,166,3,1
session_1027,user_1571,4/30/2025 22:41,cart,Mobile,France,Google,99,3,1
session_1027,user_1571,4/30/2025 22:43,checkout,Mobile,France,Google,164,3,1
session_1027,user_1571,4/30/2025 22:45,confirmation,Mobile,France,Google,93,0,1
session_1028,user_1178,7/24/2025 11:14,home,Tablet,Australia,Google,140,0,1
session_1028,user_1178,7/24/2025 11:15,product_page,Tablet,Australia,Google,62,5,1
session_1028,user_1178,7/24/2025 11:18,cart,Tablet,Australia,Google,145,5,1
session_1028,user_1178,7/24/2025 11:19,checkout,Tablet,Australia,Google,79,5,1
session_1028,user_1178,7/24/2025 11:21,confirmation,Tablet,Australia,Google,108,0,1
session_1029,user_1181,6/3/2025 23:29,home,Desktop,France,Google,168,0,0
session_1029,user_1181,6/3/2025 23:31,product_page,Desktop,France,Google,125,0,0
session_1030,user_2600,4/20/2025 23:26,home,Desktop,UK,Direct,15,0,0
session_1030,user_2600,4/20/2025 23:29,product_page,Desktop,UK,Direct,173,0,0
session_1031,user_2932,8/14/2025 7:16,home,Mobile,USA,Direct,65,0,1
session_1031,user_2932,8/14/2025 7:18,product_page,Mobile,USA,Direct,127,3,1
session_1031,user_2932,8/14/2025 7:19,cart,Mobile,USA,Direct,52,3,1
session_1031,user_2932,8/14/2025 7:20,checkout,Mobile,USA,Direct,43,3,1
session_1031,user_2932,8/14/2025 7:22,confirmation,Mobile,USA,Direct,132,0,1
session_1032,user_1447,8/6/2025 12:57,home,Mobile,India,Email,135,0,1
session_1032,user_1447,8/6/2025 12:58,product_page,Mobile,India,Email,40,0,1
session_1032,user_1447,8/6/2025 13:00,cart,Mobile,India,Email,155,0,1
session_1032,user_1447,8/6/2025 13:02,checkout,Mobile,India,Email,79,1,1
session_1032,user_1447,8/6/2025 13:05,confirmation,Mobile,India,Email,174,0,1
session_1033,user_2912,4/13/2025 11:48,home,Desktop,India,Direct,98,0,1
session_1033,user_2912,4/13/2025 11:49,product_page,Desktop,India,Direct,103,0,1
session_1033,user_2912,4/13/2025 11:51,cart,Desktop,India,Direct,92,0,1
session_1033,user_2912,4/13/2025 11:51,checkout,Desktop,India,Direct,40,1,1
session_1033,user_2912,4/13/2025 11:54,confirmation,Desktop,India,Direct,154,0,1
session_1034,user_1258,1/28/2025 20:52,home,Desktop,Canada,Email,151,0,0
session_1034,user_1258,1/28/2025 20:54,product_page,Desktop,Canada,Email,85,0,0
session_1035,user_1548,1/1/2025 12:08,home,Tablet,Australia,Google,90,0,0
session_1035,user_1548,1/1/2025 12:11,product_page,Tablet,Australia,Google,169,2,0
session_1036,user_2985,2/17/2025 0:12,home,Tablet,France,Social Media,21,0,0
session_1036,user_2985,2/17/2025 0:12,product_page,Tablet,France,Social Media,53,0,0
session_1037,user_2861,7/7/2025 8:26,home,Mobile,Germany,Email,62,0,0
session_1037,user_2861,7/7/2025 8:29,product_page,Mobile,Germany,Email,168,0,0
session_1038,user_1806,4/3/2025 11:06,home,Mobile,India,Social Media,128,0,1
session_1038,user_1806,4/3/2025 11:06,product_page,Mobile,India,Social Media,30,0,1
session_1038,user_1806,4/3/2025 11:09,cart,Mobile,India,Social Media,171,4,1
session_1038,user_1806,4/3/2025 11:11,checkout,Mobile,India,Social Media,95,4,1
session_1038,user_1806,4/3/2025 11:12,confirmation,Mobile,India,Social Media,101,0,1
session_1039,user_1161,3/6/2025 23:22,home,Desktop,Germany,Social Media,180,0,0
session_1039,user_1161,3/6/2025 23:24,product_page,Desktop,Germany,Social Media,107,2,0
session_1039,user_1161,3/6/2025 23:25,cart,Desktop,Germany,Social Media,33,2,0
session_1040,user_2629,4/19/2025 16:51,home,Mobile,USA,Email,70,0,1
session_1040,user_2629,4/19/2025 16:53,product_page,Mobile,USA,Email,171,4,1
session_1040,user_2629,4/19/2025 16:55,cart,Mobile,USA,Email,94,4,1
session_1040,user_2629,4/19/2025 16:56,checkout,Mobile,USA,Email,80,4,1
session_1040,user_2629,4/19/2025 16:59,confirmation,Mobile,USA,Email,135,0,1
session_1041,user_1746,5/6/2025 23:36,home,Mobile,USA,Email,43,0,0
session_1041,user_1746,5/6/2025 23:38,product_page,Mobile,USA,Email,126,0,0
session_1041,user_1746,5/6/2025 23:39,cart,Mobile,USA,Email,55,2,0
session_1042,user_1867,3/1/2025 4:50,home,Tablet,Australia,Social Media,48,0,0
session_1043,user_1466,8/22/2025 6:25,home,Tablet,Canada,Email,127,0,0
session_1044,user_2118,7/29/2025 2:14,home,Tablet,UK,Direct,173,0,0
session_1044,user_2118,7/29/2025 2:14,product_page,Tablet,UK,Direct,47,4,0
session_1045,user_2691,8/16/2025 12:12,home,Mobile,USA,Direct,79,0,1
session_1045,user_2691,8/16/2025 12:15,product_page,Mobile,USA,Direct,159,0,1
session_1045,user_2691,8/16/2025 12:17,cart,Mobile,USA,Direct,155,0,1
session_1045,user_2691,8/16/2025 12:18,checkout,Mobile,USA,Direct,69,2,1
session_1045,user_2691,8/16/2025 12:21,confirmation,Mobile,USA,Direct,169,0,1
session_1046,user_1525,5/30/2025 2:48,home,Mobile,USA,Email,94,0,0
session_1046,user_1525,5/30/2025 2:49,product_page,Mobile,USA,Email,71,0,0
session_1047,user_1438,1/25/2025 23:31,home,Mobile,France,Email,105,0,0
session_1047,user_1438,1/25/2025 23:34,product_page,Mobile,France,Email,146,3,0
session_1048,user_1331,4/9/2025 16:49,home,Desktop,Canada,Direct,83,0,0
session_1048,user_1331,4/9/2025 16:50,product_page,Desktop,Canada,Direct,36,0,0
session_1049,user_1240,5/18/2025 8:57,home,Desktop,USA,Google,117,0,1
session_1049,user_1240,5/18/2025 8:58,product_page,Desktop,USA,Google,69,0,1
session_1049,user_1240,5/18/2025 8:58,cart,Desktop,USA,Google,28,0,1
session_1049,user_1240,5/18/2025 9:00,checkout,Desktop,USA,Google,102,2,1
session_1049,user_1240,5/18/2025 9:02,confirmation,Desktop,USA,Google,104,0,1
session_1050,user_2475,4/17/2025 4:11,home,Tablet,India,Direct,128,0,0
session_1050,user_2475,4/17/2025 4:12,product_page,Tablet,India,Direct,50,2,0
session_1051,user_1382,5/17/2025 11:05,home,Mobile,UK,Direct,26,0,1
session_1051,user_1382,5/17/2025 11:06,product_page,Mobile,UK,Direct,78,0,1
session_1051,user_1382,5/17/2025 11:07,cart,Mobile,UK,Direct,56,0,1
session_1051,user_1382,5/17/2025 11:07,checkout,Mobile,UK,Direct,17,1,1
session_1051,user_1382,5/17/2025 11:10,confirmation,Mobile,UK,Direct,173,0,1
session_1052,user_1710,5/21/2025 8:01,home,Mobile,Australia,Email,56,0,0
session_1052,user_1710,5/21/2025 8:03,product_page,Mobile,Australia,Email,171,0,0
session_1052,user_1710,5/21/2025 8:06,cart,Mobile,Australia,Email,174,0,0
session_1052,user_1710,5/21/2025 8:07,checkout,Mobile,Australia,Email,17,2,0
session_1053,user_1443,5/8/2025 4:39,home,Desktop,France,Google,85,0,0
session_1053,user_1443,5/8/2025 4:41,product_page,Desktop,France,Google,146,2,0
session_1053,user_1443,5/8/2025 4:43,cart,Desktop,France,Google,101,2,0
session_1054,user_2837,4/11/2025 17:57,home,Desktop,Canada,Email,113,0,1
session_1054,user_2837,4/11/2025 17:57,product_page,Desktop,Canada,Email,33,0,1
session_1054,user_2837,4/11/2025 17:59,cart,Desktop,Canada,Email,97,0,1
session_1054,user_2837,4/11/2025 18:00,checkout,Desktop,Canada,Email,78,3,1
session_1054,user_2837,4/11/2025 18:02,confirmation,Desktop,Canada,Email,121,0,1
session_1055,user_1506,1/1/2025 5:00,home,Tablet,USA,Google,55,0,0
session_1055,user_1506,1/1/2025 5:02,product_page,Tablet,USA,Google,129,1,0
session_1056,user_1488,5/8/2025 20:30,home,Mobile,India,Direct,155,0,0
session_1056,user_1488,5/8/2025 20:31,product_page,Mobile,India,Direct,49,1,0
session_1057,user_2951,7/10/2025 11:59,home,Mobile,UK,Direct,105,0,0
session_1057,user_2951,7/10/2025 12:02,product_page,Mobile,UK,Direct,151,0,0
session_1058,user_1272,1/4/2025 9:16,home,Tablet,UK,Social Media,48,0,0
session_1058,user_1272,1/4/2025 9:18,product_page,Tablet,UK,Social Media,153,3,0
session_1059,user_1381,3/17/2025 12:12,home,Mobile,Canada,Google,173,0,0
session_1059,user_1381,3/17/2025 12:15,product_page,Mobile,Canada,Google,153,0,0
session_1060,user_1617,2/11/2025 3:56,home,Tablet,USA,Direct,137,0,0
session_1060,user_1617,2/11/2025 3:58,product_page,Tablet,USA,Direct,141,0,0
session_1061,user_1328,5/27/2025 16:29,home,Mobile,USA,Social Media,21,0,1
session_1061,user_1328,5/27/2025 16:31,product_page,Mobile,USA,Social Media,157,3,1
session_1061,user_1328,5/27/2025 16:32,cart,Mobile,USA,Social Media,37,3,1
session_1061,user_1328,5/27/2025 16:33,checkout,Mobile,USA,Social Media,46,3,1
session_1061,user_1328,5/27/2025 16:34,confirmation,Mobile,USA,Social Media,81,0,1
session_1062,user_2713,1/6/2025 4:50,home,Mobile,France,Google,89,0,1
session_1062,user_2713,1/6/2025 4:52,product_page,Mobile,France,Google,102,3,1
session_1062,user_2713,1/6/2025 4:53,cart,Mobile,France,Google,73,3,1
session_1062,user_2713,1/6/2025 4:54,checkout,Mobile,France,Google,33,3,1
session_1062,user_2713,1/6/2025 4:54,confirmation,Mobile,France,Google,35,0,1
session_1063,user_1114,7/4/2025 20:08,home,Mobile,Germany,Social Media,178,0,0
session_1063,user_1114,7/4/2025 20:09,product_page,Mobile,Germany,Social Media,91,2,0
session_1064,user_2115,8/13/2025 14:48,home,Desktop,USA,Email,84,0,0
session_1064,user_2115,8/13/2025 14:48,product_page,Desktop,USA,Email,29,2,0
session_1065,user_2718,3/24/2025 7:15,home,Tablet,France,Google,43,0,0
session_1066,user_2347,1/28/2025 20:20,home,Tablet,Australia,Google,169,0,0
session_1066,user_2347,1/28/2025 20:22,product_page,Tablet,Australia,Google,120,0,0
session_1067,user_1459,2/4/2025 21:52,home,Mobile,Australia,Google,79,0,0
session_1068,user_2032,8/24/2025 18:18,home,Tablet,Germany,Direct,34,0,0
session_1068,user_2032,8/24/2025 18:18,product_page,Tablet,Germany,Direct,36,2,0
session_1069,user_2948,7/23/2025 3:18,home,Tablet,Germany,Direct,91,0,0
session_1069,user_2948,7/23/2025 3:19,product_page,Tablet,Germany,Direct,86,1,0
session_1070,user_1569,4/30/2025 14:49,home,Tablet,India,Social Media,156,0,0
session_1070,user_1569,4/30/2025 14:50,product_page,Tablet,India,Social Media,92,0,0
session_1070,user_1569,4/30/2025 14:53,cart,Tablet,India,Social Media,133,1,0
session_1071,user_2602,2/27/2025 3:03,home,Desktop,Germany,Social Media,58,0,0
session_1071,user_2602,2/27/2025 3:05,product_page,Desktop,Germany,Social Media,149,4,0
session_1072,user_1364,7/23/2025 17:27,home,Mobile,USA,Google,139,0,0
session_1072,user_1364,7/23/2025 17:29,product_page,Mobile,USA,Google,98,0,0
session_1073,user_2463,1/7/2025 4:40,home,Mobile,UK,Google,43,0,1
session_1073,user_2463,1/7/2025 4:42,product_page,Mobile,UK,Google,107,0,1
session_1073,user_2463,1/7/2025 4:43,cart,Mobile,UK,Google,60,5,1
session_1073,user_2463,1/7/2025 4:45,checkout,Mobile,UK,Google,118,5,1
session_1073,user_2463,1/7/2025 4:47,confirmation,Mobile,UK,Google,123,0,1
session_1074,user_2249,7/26/2025 17:28,home,Desktop,France,Direct,124,0,1
session_1074,user_2249,7/26/2025 17:30,product_page,Desktop,France,Direct,150,0,1
session_1074,user_2249,7/26/2025 17:32,cart,Desktop,France,Direct,68,0,1
session_1074,user_2249,7/26/2025 17:33,checkout,Desktop,France,Direct,107,3,1
session_1074,user_2249,7/26/2025 17:34,confirmation,Desktop,France,Direct,18,0,1
session_1075,user_1013,2/13/2025 1:15,home,Desktop,Australia,Google,57,0,0
session_1075,user_1013,2/13/2025 1:18,product_page,Desktop,Australia,Google,180,4,0
session_1076,user_2114,2/6/2025 13:39,home,Desktop,UK,Google,30,0,0
session_1076,user_2114,2/6/2025 13:42,product_page,Desktop,UK,Google,145,0,0
session_1077,user_2086,8/27/2025 15:06,home,Desktop,Australia,Google,75,0,0
session_1078,user_2831,7/12/2025 15:30,home,Desktop,Germany,Email,20,0,0
session_1079,user_1802,7/14/2025 3:19,home,Mobile,UK,Direct,162,0,0
session_1079,user_1802,7/14/2025 3:19,product_page,Mobile,UK,Direct,16,0,0
session_1080,user_2805,5/31/2025 0:16,home,Tablet,Germany,Social Media,130,0,0
session_1080,user_2805,5/31/2025 0:17,product_page,Tablet,Germany,Social Media,68,0,0
session_1080,user_2805,5/31/2025 0:18,cart,Tablet,Germany,Social Media,80,5,0
session_1081,user_2776,4/21/2025 3:29,home,Tablet,UK,Google,67,0,0
session_1082,user_1058,3/31/2025 3:00,home,Mobile,Germany,Google,138,0,0
session_1083,user_1410,4/7/2025 18:13,home,Tablet,USA,Direct,121,0,0
session_1083,user_1410,4/7/2025 18:15,product_page,Tablet,USA,Direct,116,0,0
session_1084,user_2396,5/31/2025 4:01,home,Desktop,Australia,Email,51,0,0
session_1085,user_1894,1/11/2025 4:27,home,Mobile,UK,Direct,171,0,0
session_1085,user_1894,1/11/2025 4:29,product_page,Mobile,UK,Direct,122,2,0
session_1085,user_1894,1/11/2025 4:31,cart,Mobile,UK,Direct,122,2,0
session_1086,user_1227,4/14/2025 15:24,home,Mobile,India,Social Media,35,0,0
session_1087,user_2824,4/30/2025 11:18,home,Mobile,France,Email,19,0,0
session_1087,user_2824,4/30/2025 11:19,product_page,Mobile,France,Email,58,1,0
session_1088,user_1902,4/25/2025 7:22,home,Desktop,UK,Google,78,0,1
session_1088,user_1902,4/25/2025 7:25,product_page,Desktop,UK,Google,161,5,1
session_1088,user_1902,4/25/2025 7:27,cart,Desktop,UK,Google,137,5,1
session_1088,user_1902,4/25/2025 7:29,checkout,Desktop,UK,Google,100,5,1
session_1088,user_1902,4/25/2025 7:31,confirmation,Desktop,UK,Google,109,0,1
session_1089,user_1004,2/3/2025 8:57,home,Tablet,Germany,Google,98,0,0
session_1090,user_2322,2/7/2025 2:36,home,Mobile,Australia,Google,148,0,0
session_1090,user_2322,2/7/2025 2:37,product_page,Mobile,Australia,Google,58,3,0
session_1091,user_2296,5/24/2025 22:17,home,Desktop,Canada,Email,158,0,0
session_1091,user_2296,5/24/2025 22:18,product_page,Desktop,Canada,Email,61,4,0
session_1092,user_1786,8/26/2025 0:54,home,Desktop,Germany,Email,143,0,0
session_1092,user_1786,8/26/2025 0:57,product_page,Desktop,Germany,Email,176,2,0
session_1093,user_1006,5/10/2025 11:35,home,Desktop,USA,Direct,100,0,0
session_1093,user_1006,5/10/2025 11:37,product_page,Desktop,USA,Direct,148,4,0
session_1094,user_2289,5/26/2025 22:54,home,Mobile,Germany,Google,118,0,0
session_1095,user_1541,3/8/2025 8:19,home,Tablet,USA,Direct,17,0,0
session_1095,user_1541,3/8/2025 8:20,product_page,Tablet,USA,Direct,64,0,0
session_1096,user_2861,2/16/2025 11:03,home,Tablet,France,Email,102,0,0
session_1096,user_2861,2/16/2025 11:05,product_page,Tablet,France,Email,123,1,0
session_1097,user_1261,5/24/2025 10:50,home,Mobile,India,Direct,117,0,0
session_1098,user_1905,6/8/2025 4:07,home,Tablet,USA,Google,43,0,0
session_1098,user_1905,6/8/2025 4:08,product_page,Tablet,USA,Google,59,0,0
session_1099,user_1113,8/4/2025 21:20,home,Desktop,Australia,Direct,126,0,0
session_1100,user_2939,7/29/2025 13:25,home,Mobile,Germany,Social Media,15,0,1
session_1100,user_2939,7/29/2025 13:28,product_page,Mobile,Germany,Social Media,164,5,1
session_1100,user_2939,7/29/2025 13:31,cart,Mobile,Germany,Social Media,152,5,1
session_1100,user_2939,7/29/2025 13:32,checkout,Mobile,Germany,Social Media,100,5,1
session_1100,user_2939,7/29/2025 13:33,confirmation,Mobile,Germany,Social Media,49,0,1
session_1101,user_1514,8/13/2025 21:20,home,Tablet,Canada,Google,167,0,0
session_1102,user_2941,6/4/2025 20:23,home,Tablet,France,Email,95,0,0
session_1103,user_1864,3/26/2025 15:15,home,Desktop,India,Social Media,89,0,0
session_1104,user_2189,5/12/2025 16:50,home,Desktop,India,Google,96,0,0
session_1104,user_2189,5/12/2025 16:51,product_page,Desktop,India,Google,50,0,0
session_1105,user_1594,2/12/2025 7:45,home,Mobile,UK,Google,15,0,0
session_1105,user_1594,2/12/2025 7:46,product_page,Mobile,UK,Google,24,1,0
session_1106,user_2314,8/23/2025 7:47,home,Desktop,India,Google,110,0,0
session_1106,user_2314,8/23/2025 7:49,product_page,Desktop,India,Google,85,0,0
session_1107,user_1643,7/22/2025 15:28,home,Desktop,France,Direct,123,0,0
session_1107,user_1643,7/22/2025 15:30,product_page,Desktop,France,Direct,134,2,0
session_1108,user_2048,5/17/2025 4:56,home,Mobile,France,Direct,43,0,1
session_1108,user_2048,5/17/2025 4:57,product_page,Mobile,France,Direct,61,1,1
session_1108,user_2048,5/17/2025 4:59,cart,Mobile,France,Direct,93,1,1
session_1108,user_2048,5/17/2025 5:00,checkout,Mobile,France,Direct,90,1,1
session_1108,user_2048,5/17/2025 5:01,confirmation,Mobile,France,Direct,54,0,1
session_1109,user_1775,7/31/2025 16:07,home,Tablet,India,Google,18,0,0
session_1109,user_1775,7/31/2025 16:09,product_page,Tablet,India,Google,167,0,0
session_1110,user_1534,1/17/2025 20:28,home,Mobile,USA,Social Media,70,0,1
session_1110,user_1534,1/17/2025 20:30,product_page,Mobile,USA,Social Media,102,1,1
session_1110,user_1534,1/17/2025 20:30,cart,Mobile,USA,Social Media,16,1,1
session_1110,user_1534,1/17/2025 20:32,checkout,Mobile,USA,Social Media,96,1,1
session_1110,user_1534,1/17/2025 20:32,confirmation,Mobile,USA,Social Media,33,0,1
session_1111,user_2964,4/5/2025 7:22,home,Desktop,Germany,Email,116,0,1
session_1111,user_2964,4/5/2025 7:24,product_page,Desktop,Germany,Email,139,2,1
session_1111,user_2964,4/5/2025 7:25,cart,Desktop,Germany,Email,85,2,1
session_1111,user_2964,4/5/2025 7:28,checkout,Desktop,Germany,Email,134,2,1
session_1111,user_2964,4/5/2025 7:29,confirmation,Desktop,Germany,Email,82,0,1
session_1112,user_1323,8/19/2025 3:29,home,Desktop,France,Direct,168,0,1
session_1112,user_1323,8/19/2025 3:31,product_page,Desktop,France,Direct,95,0,1
session_1112,user_1323,8/19/2025 3:32,cart,Desktop,France,Direct,94,2,1
session_1112,user_1323,8/19/2025 3:35,checkout,Desktop,France,Direct,155,2,1
session_1112,user_1323,8/19/2025 3:36,confirmation,Desktop,France,Direct,47,0,1
session_1113,user_1495,7/8/2025 12:44,home,Tablet,India,Google,132,0,0
session_1114,user_1515,6/24/2025 13:11,home,Desktop,UK,Google,176,0,0
session_1114,user_1515,6/24/2025 13:14,product_page,Desktop,UK,Google,164,2,0
session_1115,user_1926,8/10/2025 10:08,home,Tablet,Australia,Google,57,0,1
session_1115,user_1926,8/10/2025 10:10,product_page,Tablet,Australia,Google,152,0,1
session_1115,user_1926,8/10/2025 10:13,cart,Tablet,Australia,Google,171,0,1
session_1115,user_1926,8/10/2025 10:15,checkout,Tablet,Australia,Google,122,3,1
session_1115,user_1926,8/10/2025 10:18,confirmation,Tablet,Australia,Google,149,0,1
session_1116,user_2121,7/22/2025 8:03,home,Desktop,Canada,Email,82,0,1
session_1116,user_2121,7/22/2025 8:04,product_page,Desktop,Canada,Email,79,3,1
session_1116,user_2121,7/22/2025 8:05,cart,Desktop,Canada,Email,36,3,1
session_1116,user_2121,7/22/2025 8:06,checkout,Desktop,Canada,Email,68,3,1
session_1116,user_2121,7/22/2025 8:08,confirmation,Desktop,Canada,Email,125,0,1
session_1117,user_1834,5/14/2025 17:11,home,Tablet,USA,Google,130,0,1
session_1117,user_1834,5/14/2025 17:11,product_page,Tablet,USA,Google,28,0,1
session_1117,user_1834,5/14/2025 17:13,cart,Tablet,USA,Google,75,0,1
session_1117,user_1834,5/14/2025 17:16,checkout,Tablet,USA,Google,171,2,1
session_1117,user_1834,5/14/2025 17:18,confirmation,Tablet,USA,Google,161,0,1
session_1118,user_1295,4/27/2025 9:22,home,Mobile,France,Direct,171,0,1
session_1118,user_1295,4/27/2025 9:24,product_page,Mobile,France,Direct,109,0,1
session_1118,user_1295,4/27/2025 9:26,cart,Mobile,France,Direct,93,0,1
session_1118,user_1295,4/27/2025 9:28,checkout,Mobile,France,Direct,158,2,1
session_1118,user_1295,4/27/2025 9:30,confirmation,Mobile,France,Direct,120,0,1
session_1119,user_2694,3/16/2025 5:41,home,Desktop,USA,Email,78,0,0
session_1119,user_2694,3/16/2025 5:44,product_page,Desktop,USA,Email,146,5,0
session_1119,user_2694,3/16/2025 5:45,cart,Desktop,USA,Email,73,5,0
session_1119,user_2694,3/16/2025 5:46,checkout,Desktop,USA,Email,84,5,0
session_1120,user_2661,8/11/2025 13:34,home,Mobile,UK,Email,74,0,0
session_1120,user_2661,8/11/2025 13:36,product_page,Mobile,UK,Email,120,0,0
session_1121,user_2862,1/3/2025 17:49,home,Mobile,Germany,Social Media,126,0,0
session_1121,user_2862,1/3/2025 17:51,product_page,Mobile,Germany,Social Media,139,0,0
session_1121,user_2862,1/3/2025 17:52,cart,Mobile,Germany,Social Media,49,0,0
session_1122,user_1188,2/2/2025 19:04,home,Mobile,Germany,Direct,82,0,0
session_1122,user_1188,2/2/2025 19:06,product_page,Mobile,Germany,Direct,139,0,0
session_1123,user_2354,6/3/2025 17:05,home,Mobile,France,Google,40,0,0
session_1123,user_2354,6/3/2025 17:06,product_page,Mobile,France,Google,56,5,0
session_1124,user_2092,3/26/2025 1:55,home,Desktop,USA,Social Media,38,0,0
session_1124,user_2092,3/26/2025 1:56,product_page,Desktop,USA,Social Media,97,1,0
session_1125,user_1200,5/21/2025 19:51,home,Desktop,India,Direct,76,0,1
session_1125,user_1200,5/21/2025 19:54,product_page,Desktop,India,Direct,175,0,1
session_1125,user_1200,5/21/2025 19:55,cart,Desktop,India,Direct,38,2,1
session_1125,user_1200,5/21/2025 19:58,checkout,Desktop,India,Direct,170,2,1
session_1125,user_1200,5/21/2025 20:01,confirmation,Desktop,India,Direct,179,0,1
session_1126,user_1317,4/23/2025 12:45,home,Mobile,Canada,Direct,81,0,0
session_1127,user_1734,6/25/2025 23:52,home,Desktop,France,Google,104,0,0
session_1128,user_2038,6/20/2025 23:56,home,Mobile,Canada,Direct,96,0,1
session_1128,user_2038,6/20/2025 23:56,product_page,Mobile,Canada,Direct,25,0,1
session_1128,user_2038,6/20/2025 23:59,cart,Mobile,Canada,Direct,155,0,1
session_1128,user_2038,6/21/2025 0:00,checkout,Mobile,Canada,Direct,68,2,1
session_1128,user_2038,6/21/2025 0:01,confirmation,Mobile,Canada,Direct,91,0,1
session_1129,user_1332,8/3/2025 12:11,home,Mobile,France,Google,113,0,0
session_1129,user_1332,8/3/2025 12:13,product_page,Mobile,France,Google,130,5,0
session_1129,user_1332,8/3/2025 12:15,cart,Mobile,France,Google,115,5,0
session_1130,user_1785,1/29/2025 11:20,home,Mobile,India,Email,150,0,1
session_1130,user_1785,1/29/2025 11:21,product_page,Mobile,India,Email,75,1,1
session_1130,user_1785,1/29/2025 11:24,cart,Mobile,India,Email,167,1,1
session_1130,user_1785,1/29/2025 11:27,checkout,Mobile,India,Email,148,1,1
session_1130,user_1785,1/29/2025 11:28,confirmation,Mobile,India,Email,76,0,1
session_1131,user_2995,1/10/2025 3:41,home,Mobile,Canada,Google,108,0,0
session_1131,user_2995,1/10/2025 3:42,product_page,Mobile,Canada,Google,72,0,0
session_1132,user_1295,3/21/2025 10:24,home,Desktop,India,Email,139,0,1
session_1132,user_1295,3/21/2025 10:26,product_page,Desktop,India,Email,120,5,1
session_1132,user_1295,3/21/2025 10:27,cart,Desktop,India,Email,64,5,1
session_1132,user_1295,3/21/2025 10:30,checkout,Desktop,India,Email,159,5,1
session_1132,user_1295,3/21/2025 10:33,confirmation,Desktop,India,Email,157,0,1
session_1133,user_1525,4/7/2025 14:31,home,Desktop,Canada,Direct,89,0,0
session_1133,user_1525,4/7/2025 14:32,product_page,Desktop,Canada,Direct,83,0,0
session_1134,user_2880,4/13/2025 8:55,home,Mobile,France,Google,45,0,1
session_1134,user_2880,4/13/2025 8:55,product_page,Mobile,France,Google,49,3,1
session_1134,user_2880,4/13/2025 8:58,cart,Mobile,France,Google,163,3,1
session_1134,user_2880,4/13/2025 9:00,checkout,Mobile,France,Google,128,3,1
session_1134,user_2880,4/13/2025 9:01,confirmation,Mobile,France,Google,20,0,1
session_1135,user_1764,7/6/2025 19:09,home,Tablet,Canada,Social Media,101,0,0
session_1135,user_1764,7/6/2025 19:11,product_page,Tablet,Canada,Social Media,126,3,0
session_1136,user_1701,8/9/2025 9:34,home,Mobile,Australia,Direct,123,0,0
session_1136,user_1701,8/9/2025 9:35,product_page,Mobile,Australia,Direct,45,3,0
session_1137,user_2415,7/31/2025 7:30,home,Mobile,France,Email,127,0,1
session_1137,user_2415,7/31/2025 7:32,product_page,Mobile,France,Email,94,0,1
session_1137,user_2415,7/31/2025 7:33,cart,Mobile,France,Email,46,5,1
session_1137,user_2415,7/31/2025 7:34,checkout,Mobile,France,Email,94,5,1
session_1137,user_2415,7/31/2025 7:35,confirmation,Mobile,France,Email,59,0,1
session_1138,user_1009,1/22/2025 5:38,home,Tablet,Canada,Google,126,0,0
session_1138,user_1009,1/22/2025 5:40,product_page,Tablet,Canada,Google,127,0,0
session_1139,user_2774,8/13/2025 7:46,home,Mobile,Germany,Google,94,0,0
session_1139,user_2774,8/13/2025 7:47,product_page,Mobile,Germany,Google,96,0,0
session_1139,user_2774,8/13/2025 7:50,cart,Mobile,Germany,Google,165,5,0
session_1140,user_1657,7/7/2025 4:09,home,Mobile,UK,Direct,88,0,0
session_1141,user_2636,3/30/2025 0:02,home,Tablet,USA,Email,145,0,1
session_1141,user_2636,3/30/2025 0:04,product_page,Tablet,USA,Email,128,0,1
session_1141,user_2636,3/30/2025 0:07,cart,Tablet,USA,Email,162,0,1
session_1141,user_2636,3/30/2025 0:09,checkout,Tablet,USA,Email,150,1,1
session_1141,user_2636,3/30/2025 0:10,confirmation,Tablet,USA,Email,30,0,1
session_1142,user_1317,3/20/2025 3:47,home,Tablet,Canada,Email,71,0,0
session_1142,user_1317,3/20/2025 3:48,product_page,Tablet,Canada,Email,48,0,0
session_1143,user_2588,7/11/2025 5:51,home,Desktop,Germany,Email,143,0,0
session_1143,user_2588,7/11/2025 5:54,product_page,Desktop,Germany,Email,156,0,0
session_1143,user_2588,7/11/2025 5:54,cart,Desktop,Germany,Email,36,0,0
session_1143,user_2588,7/11/2025 5:56,checkout,Desktop,Germany,Email,74,3,0
session_1144,user_2040,1/23/2025 21:38,home,Desktop,Australia,Email,110,0,0
session_1144,user_2040,1/23/2025 21:39,product_page,Desktop,Australia,Email,34,0,0
session_1145,user_1716,6/18/2025 17:36,home,Desktop,France,Email,93,0,0
session_1145,user_1716,6/18/2025 17:36,product_page,Desktop,France,Email,35,4,0
session_1145,user_1716,6/18/2025 17:38,cart,Desktop,France,Email,134,4,0
session_1145,user_1716,6/18/2025 17:40,checkout,Desktop,France,Email,120,4,0
session_1146,user_1033,6/13/2025 17:18,home,Mobile,USA,Social Media,145,0,1
session_1146,user_1033,6/13/2025 17:19,product_page,Mobile,USA,Social Media,27,5,1
session_1146,user_1033,6/13/2025 17:19,cart,Mobile,USA,Social Media,37,5,1
session_1146,user_1033,6/13/2025 17:21,checkout,Mobile,USA,Social Media,128,5,1
session_1146,user_1033,6/13/2025 17:22,confirmation,Mobile,USA,Social Media,40,0,1
session_1147,user_2850,3/20/2025 11:49,home,Desktop,Australia,Social Media,47,0,1
session_1147,user_2850,3/20/2025 11:51,product_page,Desktop,Australia,Social Media,109,1,1
session_1147,user_2850,3/20/2025 11:54,cart,Desktop,Australia,Social Media,173,1,1
session_1147,user_2850,3/20/2025 11:55,checkout,Desktop,Australia,Social Media,60,1,1
session_1147,user_2850,3/20/2025 11:56,confirmation,Desktop,Australia,Social Media,89,0,1
session_1148,user_1098,6/28/2025 3:46,home,Desktop,Australia,Email,95,0,0
session_1148,user_1098,6/28/2025 3:46,product_page,Desktop,Australia,Email,33,0,0
session_1149,user_1423,7/12/2025 2:59,home,Tablet,Germany,Social Media,148,0,0
session_1149,user_1423,7/12/2025 3:01,product_page,Tablet,Germany,Social Media,75,3,0
session_1149,user_1423,7/12/2025 3:02,cart,Tablet,Germany,Social Media,101,3,0
session_1150,user_1625,6/23/2025 19:45,home,Tablet,India,Email,132,0,0
session_1151,user_1025,5/1/2025 14:01,home,Mobile,France,Direct,165,0,1
session_1151,user_1025,5/1/2025 14:03,product_page,Mobile,France,Direct,101,5,1
session_1151,user_1025,5/1/2025 14:04,cart,Mobile,France,Direct,34,5,1
session_1151,user_1025,5/1/2025 14:05,checkout,Mobile,France,Direct,93,5,1
session_1151,user_1025,5/1/2025 14:07,confirmation,Mobile,France,Direct,113,0,1
session_1152,user_2800,2/28/2025 4:57,home,Tablet,UK,Social Media,143,0,0
session_1152,user_2800,2/28/2025 4:58,product_page,Tablet,UK,Social Media,57,0,0
session_1153,user_1416,1/29/2025 6:47,home,Mobile,UK,Social Media,16,0,0
session_1153,user_1416,1/29/2025 6:47,product_page,Mobile,UK,Social Media,34,0,0
session_1154,user_1131,5/24/2025 3:08,home,Desktop,Germany,Email,160,0,0
session_1154,user_1131,5/24/2025 3:11,product_page,Desktop,Germany,Email,147,0,0
session_1155,user_1102,2/11/2025 15:47,home,Desktop,UK,Social Media,130,0,1
session_1155,user_1102,2/11/2025 15:50,product_page,Desktop,UK,Social Media,130,0,1
session_1155,user_1102,2/11/2025 15:52,cart,Desktop,UK,Social Media,151,1,1
session_1155,user_1102,2/11/2025 15:55,checkout,Desktop,UK,Social Media,169,1,1
session_1155,user_1102,2/11/2025 15:56,confirmation,Desktop,UK,Social Media,92,0,1
session_1156,user_1589,3/12/2025 6:36,home,Mobile,France,Social Media,132,0,0
session_1157,user_2147,4/10/2025 23:31,home,Mobile,France,Direct,72,0,0
session_1157,user_2147,4/10/2025 23:32,product_page,Mobile,France,Direct,99,0,0
session_1158,user_2251,2/26/2025 14:06,home,Mobile,India,Google,74,0,0
session_1158,user_2251,2/26/2025 14:08,product_page,Mobile,India,Google,113,5,0
session_1159,user_2007,8/1/2025 18:42,home,Mobile,Canada,Email,50,0,0
session_1159,user_2007,8/1/2025 18:44,product_page,Mobile,Canada,Email,110,1,0
session_1160,user_2843,1/25/2025 0:26,home,Desktop,India,Direct,140,0,0
session_1160,user_2843,1/25/2025 0:28,product_page,Desktop,India,Direct,150,3,0
session_1161,user_2917,3/5/2025 21:14,home,Mobile,France,Google,78,0,1
session_1161,user_2917,3/5/2025 21:15,product_page,Mobile,France,Google,59,3,1
session_1161,user_2917,3/5/2025 21:17,cart,Mobile,France,Google,114,3,1
session_1161,user_2917,3/5/2025 21:19,checkout,Mobile,France,Google,142,3,1
session_1161,user_2917,3/5/2025 21:20,confirmation,Mobile,France,Google,33,0,1
session_1162,user_2698,6/14/2025 0:45,home,Mobile,India,Social Media,85,0,0
session_1162,user_2698,6/14/2025 0:45,product_page,Mobile,India,Social Media,20,0,0
session_1163,user_2427,6/8/2025 4:40,home,Tablet,Germany,Email,67,0,0
session_1164,user_1863,3/1/2025 9:09,home,Mobile,India,Direct,89,0,0
session_1164,user_1863,3/1/2025 9:12,product_page,Mobile,India,Direct,177,4,0
session_1164,user_1863,3/1/2025 9:15,cart,Mobile,India,Direct,176,4,0
session_1165,user_1342,7/23/2025 17:04,home,Desktop,USA,Direct,94,0,0
session_1165,user_1342,7/23/2025 17:06,product_page,Desktop,USA,Direct,171,5,0
session_1166,user_1607,7/4/2025 5:26,home,Tablet,India,Google,113,0,0
session_1166,user_1607,7/4/2025 5:27,product_page,Tablet,India,Google,67,4,0
session_1166,user_1607,7/4/2025 5:28,cart,Tablet,India,Google,57,4,0
session_1167,user_1671,3/10/2025 6:57,home,Desktop,UK,Direct,64,0,0
session_1167,user_1671,3/10/2025 6:59,product_page,Desktop,UK,Direct,124,0,0
session_1168,user_1606,7/19/2025 18:16,home,Tablet,UK,Direct,155,0,0
session_1168,user_1606,7/19/2025 18:17,product_page,Tablet,UK,Direct,31,2,0
session_1168,user_1606,7/19/2025 18:19,cart,Tablet,UK,Direct,128,2,0
session_1168,user_1606,7/19/2025 18:22,checkout,Tablet,UK,Direct,152,2,0
session_1169,user_1203,7/30/2025 1:35,home,Tablet,France,Email,32,0,1
session_1169,user_1203,7/30/2025 1:37,product_page,Tablet,France,Email,142,0,1
session_1169,user_1203,7/30/2025 1:38,cart,Tablet,France,Email,22,0,1
session_1169,user_1203,7/30/2025 1:40,checkout,Tablet,France,Email,129,1,1
session_1169,user_1203,7/30/2025 1:41,confirmation,Tablet,France,Email,72,0,1
session_1170,user_2340,7/10/2025 15:06,home,Tablet,Germany,Social Media,172,0,0
session_1171,user_2899,2/24/2025 4:35,home,Tablet,Australia,Direct,177,0,0
session_1171,user_2899,2/24/2025 4:37,product_page,Tablet,Australia,Direct,84,0,0
session_1172,user_2887,8/17/2025 22:11,home,Desktop,Australia,Email,178,0,1
session_1172,user_2887,8/17/2025 22:12,product_page,Desktop,Australia,Email,45,3,1
session_1172,user_2887,8/17/2025 22:13,cart,Desktop,Australia,Email,76,3,1
session_1172,user_2887,8/17/2025 22:14,checkout,Desktop,Australia,Email,47,3,1
session_1172,user_2887,8/17/2025 22:15,confirmation,Desktop,Australia,Email,71,0,1
session_1173,user_2145,1/30/2025 12:41,home,Desktop,UK,Social Media,67,0,0
session_1173,user_2145,1/30/2025 12:43,product_page,Desktop,UK,Social Media,142,2,0
session_1174,user_2623,5/17/2025 10:02,home,Mobile,India,Social Media,121,0,0
session_1174,user_2623,5/17/2025 10:05,product_page,Mobile,India,Social Media,175,3,0
session_1175,user_2022,8/8/2025 22:03,home,Tablet,India,Google,177,0,1
session_1175,user_2022,8/8/2025 22:06,product_page,Tablet,India,Google,169,0,1
session_1175,user_2022,8/8/2025 22:08,cart,Tablet,India,Google,127,1,1
session_1175,user_2022,8/8/2025 22:09,checkout,Tablet,India,Google,65,1,1
session_1175,user_2022,8/8/2025 22:11,confirmation,Tablet,India,Google,116,0,1
session_1176,user_2059,1/1/2025 1:20,home,Desktop,UK,Social Media,130,0,0
session_1176,user_2059,1/1/2025 1:20,product_page,Desktop,UK,Social Media,45,4,0
session_1177,user_1680,4/13/2025 14:24,home,Desktop,Canada,Google,172,0,0
session_1177,user_1680,4/13/2025 14:25,product_page,Desktop,Canada,Google,52,0,0
session_1178,user_1015,5/10/2025 3:28,home,Desktop,Canada,Google,63,0,1
session_1178,user_1015,5/10/2025 3:29,product_page,Desktop,Canada,Google,52,4,1
session_1178,user_1015,5/10/2025 3:31,cart,Desktop,Canada,Google,154,4,1
session_1178,user_1015,5/10/2025 3:32,checkout,Desktop,Canada,Google,79,4,1
session_1178,user_1015,5/10/2025 3:33,confirmation,Desktop,Canada,Google,17,0,1
session_1179,user_1090,5/25/2025 0:23,home,Mobile,UK,Google,111,0,0
session_1180,user_1678,7/9/2025 2:08,home,Mobile,Australia,Google,171,0,0
session_1180,user_1678,7/9/2025 2:10,product_page,Mobile,Australia,Google,91,0,0
session_1181,user_1622,3/26/2025 21:15,home,Tablet,Canada,Email,135,0,1
session_1181,user_1622,3/26/2025 21:17,product_page,Tablet,Canada,Email,109,0,1
session_1181,user_1622,3/26/2025 21:19,cart,Tablet,Canada,Email,127,4,1
session_1181,user_1622,3/26/2025 21:22,checkout,Tablet,Canada,Email,180,4,1
session_1181,user_1622,3/26/2025 21:25,confirmation,Tablet,Canada,Email,176,0,1
session_1182,user_2891,4/25/2025 2:18,home,Desktop,India,Social Media,180,0,0
session_1182,user_2891,4/25/2025 2:18,product_page,Desktop,India,Social Media,25,1,0
session_1183,user_1977,2/5/2025 3:27,home,Mobile,UK,Social Media,116,0,0
session_1183,user_1977,2/5/2025 3:30,product_page,Mobile,UK,Social Media,171,4,0
session_1184,user_1977,8/13/2025 13:55,home,Desktop,Canada,Social Media,18,0,0
session_1184,user_1977,8/13/2025 13:56,product_page,Desktop,Canada,Social Media,86,0,0
session_1185,user_2265,3/29/2025 23:13,home,Mobile,Germany,Social Media,157,0,0
session_1185,user_2265,3/29/2025 23:14,product_page,Mobile,Germany,Social Media,66,5,0
session_1185,user_2265,3/29/2025 23:14,cart,Mobile,Germany,Social Media,52,5,0
session_1185,user_2265,3/29/2025 23:16,checkout,Mobile,Germany,Social Media,101,5,0
session_1186,user_2708,6/27/2025 14:45,home,Mobile,Australia,Direct,38,0,0
session_1186,user_2708,6/27/2025 14:46,product_page,Mobile,Australia,Direct,56,0,0
session_1187,user_2851,1/5/2025 4:42,home,Desktop,Germany,Email,46,0,1
session_1187,user_2851,1/5/2025 4:43,product_page,Desktop,Germany,Email,52,4,1
session_1187,user_2851,1/5/2025 4:45,cart,Desktop,Germany,Email,144,4,1
session_1187,user_2851,1/5/2025 4:48,checkout,Desktop,Germany,Email,140,4,1
session_1187,user_2851,1/5/2025 4:50,confirmation,Desktop,Germany,Email,141,0,1
session_1188,user_1202,7/18/2025 14:43,home,Desktop,Germany,Direct,137,0,0
session_1188,user_1202,7/18/2025 14:45,product_page,Desktop,Germany,Direct,139,4,0
session_1189,user_2442,6/12/2025 11:16,home,Mobile,Canada,Google,178,0,0
session_1189,user_2442,6/12/2025 11:17,product_page,Mobile,Canada,Google,47,5,0
session_1190,user_1650,1/10/2025 18:47,home,Mobile,Germany,Direct,116,0,0
session_1190,user_1650,1/10/2025 18:48,product_page,Mobile,Germany,Direct,67,5,0
session_1191,user_1740,3/15/2025 15:52,home,Tablet,Australia,Email,49,0,0
session_1191,user_1740,3/15/2025 15:54,product_page,Tablet,Australia,Email,164,3,0
session_1192,user_1538,6/24/2025 0:16,home,Desktop,India,Google,77,0,0
session_1192,user_1538,6/24/2025 0:19,product_page,Desktop,India,Google,154,5,0
session_1192,user_1538,6/24/2025 0:20,cart,Desktop,India,Google,86,5,0
session_1193,user_1199,2/16/2025 2:29,home,Desktop,India,Direct,168,0,0
session_1193,user_1199,2/16/2025 2:32,product_page,Desktop,India,Direct,140,1,0
session_1194,user_1978,8/31/2025 21:10,home,Tablet,Germany,Direct,127,0,0
session_1195,user_2009,4/27/2025 7:16,home,Desktop,USA,Google,69,0,0
session_1195,user_2009,4/27/2025 7:18,product_page,Desktop,USA,Google,107,3,0
session_1196,user_1008,4/28/2025 7:28,home,Tablet,USA,Google,158,0,1
session_1196,user_1008,4/28/2025 7:30,product_page,Tablet,USA,Google,112,1,1
session_1196,user_1008,4/28/2025 7:31,cart,Tablet,USA,Google,41,1,1
session_1196,user_1008,4/28/2025 7:32,checkout,Tablet,USA,Google,96,1,1
session_1196,user_1008,4/28/2025 7:34,confirmation,Tablet,USA,Google,79,0,1
session_1197,user_1194,1/27/2025 4:36,home,Tablet,Australia,Google,102,0,1
session_1197,user_1194,1/27/2025 4:37,product_page,Tablet,Australia,Google,53,0,1
session_1197,user_1194,1/27/2025 4:39,cart,Tablet,Australia,Google,157,0,1
session_1197,user_1194,1/27/2025 4:40,checkout,Tablet,Australia,Google,70,3,1
session_1197,user_1194,1/27/2025 4:43,confirmation,Tablet,Australia,Google,131,0,1
session_1198,user_2481,7/17/2025 0:47,home,Tablet,India,Google,178,0,0
session_1199,user_2843,5/3/2025 18:49,home,Mobile,UK,Direct,175,0,0
session_1199,user_2843,5/3/2025 18:50,product_page,Mobile,UK,Direct,64,0,0
session_1200,user_2364,2/16/2025 18:25,home,Tablet,USA,Google,174,0,0
session_1200,user_2364,2/16/2025 18:26,product_page,Tablet,USA,Google,72,0,0
session_1200,user_2364,2/16/2025 18:26,cart,Tablet,USA,Google,16,0,0
session_1201,user_2032,7/17/2025 16:49,home,Desktop,UK,Google,121,0,0
session_1201,user_2032,7/17/2025 16:51,product_page,Desktop,UK,Google,127,0,0
session_1201,user_2032,7/17/2025 16:52,cart,Desktop,UK,Google,57,0,0
session_1201,user_2032,7/17/2025 16:55,checkout,Desktop,UK,Google,171,1,0
session_1202,user_2792,2/2/2025 4:53,home,Desktop,UK,Email,149,0,0
session_1202,user_2792,2/2/2025 4:55,product_page,Desktop,UK,Email,118,1,0
session_1203,user_1783,7/2/2025 7:21,home,Desktop,Germany,Direct,121,0,0
session_1203,user_1783,7/2/2025 7:22,product_page,Desktop,Germany,Direct,45,5,0
session_1204,user_1846,5/27/2025 0:07,home,Tablet,France,Email,101,0,0
session_1204,user_1846,5/27/2025 0:09,product_page,Tablet,France,Email,118,4,0
session_1205,user_2045,1/20/2025 9:49,home,Tablet,Australia,Direct,49,0,0
session_1205,user_2045,1/20/2025 9:51,product_page,Tablet,Australia,Direct,131,2,0
session_1206,user_1041,6/19/2025 10:29,home,Desktop,France,Social Media,136,0,1
session_1206,user_1041,6/19/2025 10:31,product_page,Desktop,France,Social Media,167,0,1
session_1206,user_1041,6/19/2025 10:34,cart,Desktop,France,Social Media,168,4,1
session_1206,user_1041,6/19/2025 10:36,checkout,Desktop,France,Social Media,119,4,1
session_1206,user_1041,6/19/2025 10:38,confirmation,Desktop,France,Social Media,86,0,1
session_1207,user_1689,1/27/2025 2:08,home,Mobile,UK,Direct,84,0,0
session_1208,user_2160,3/6/2025 2:46,home,Tablet,India,Email,81,0,0
session_1208,user_2160,3/6/2025 2:49,product_page,Tablet,India,Email,170,2,0
session_1209,user_2004,8/26/2025 22:39,home,Tablet,India,Direct,161,0,0
session_1209,user_2004,8/26/2025 22:41,product_page,Tablet,India,Direct,168,0,0
session_1210,user_2416,2/6/2025 8:56,home,Desktop,UK,Google,58,0,0
session_1210,user_2416,2/6/2025 8:56,product_page,Desktop,UK,Google,20,5,0
session_1211,user_2496,1/26/2025 3:41,home,Mobile,UK,Google,172,0,1
session_1211,user_2496,1/26/2025 3:41,product_page,Mobile,UK,Google,24,4,1
session_1211,user_2496,1/26/2025 3:42,cart,Mobile,UK,Google,55,4,1
session_1211,user_2496,1/26/2025 3:44,checkout,Mobile,UK,Google,90,4,1
session_1211,user_2496,1/26/2025 3:45,confirmation,Mobile,UK,Google,63,0,1
session_1212,user_2204,5/21/2025 23:01,home,Mobile,Canada,Social Media,43,0,0
session_1212,user_2204,5/21/2025 23:02,product_page,Mobile,Canada,Social Media,33,0,0
session_1213,user_1641,3/17/2025 22:46,home,Tablet,USA,Email,152,0,1
session_1213,user_1641,3/17/2025 22:48,product_page,Tablet,USA,Email,152,4,1
session_1213,user_1641,3/17/2025 22:50,cart,Tablet,USA,Email,115,4,1
session_1213,user_1641,3/17/2025 22:52,checkout,Tablet,USA,Email,106,4,1
session_1213,user_1641,3/17/2025 22:53,confirmation,Tablet,USA,Email,34,0,1
session_1214,user_2091,1/9/2025 16:59,home,Desktop,USA,Email,15,0,1
session_1214,user_2091,1/9/2025 17:01,product_page,Desktop,USA,Email,106,2,1
session_1214,user_2091,1/9/2025 17:02,cart,Desktop,USA,Email,56,2,1
session_1214,user_2091,1/9/2025 17:05,checkout,Desktop,USA,Email,151,2,1
session_1214,user_2091,1/9/2025 17:05,confirmation,Desktop,USA,Email,40,0,1
session_1215,user_2141,5/16/2025 9:11,home,Desktop,UK,Direct,73,0,0
session_1216,user_2068,4/25/2025 6:22,home,Mobile,USA,Direct,108,0,0
session_1217,user_1257,2/1/2025 13:58,home,Tablet,USA,Google,27,0,0
session_1217,user_1257,2/1/2025 14:00,product_page,Tablet,USA,Google,101,1,0
session_1218,user_3001,8/3/2025 8:27,home,Mobile,Australia,Google,58,0,0
session_1218,user_3001,8/3/2025 8:29,product_page,Mobile,Australia,Google,125,3,0
session_1219,user_2885,3/24/2025 21:31,home,Mobile,Germany,Google,158,0,0
session_1219,user_2885,3/24/2025 21:31,product_page,Mobile,Germany,Google,37,0,0
session_1220,user_1041,7/2/2025 16:54,home,Tablet,Canada,Email,41,0,0
session_1220,user_1041,7/2/2025 16:54,product_page,Tablet,Canada,Email,27,0,0
session_1220,user_1041,7/2/2025 16:55,cart,Tablet,Canada,Email,53,1,0
session_1221,user_1808,4/14/2025 17:10,home,Mobile,France,Google,38,0,0
session_1222,user_2588,7/26/2025 11:40,home,Desktop,Germany,Direct,178,0,0
session_1223,user_1858,3/15/2025 9:16,home,Tablet,Canada,Email,42,0,0
session_1223,user_1858,3/15/2025 9:19,product_page,Tablet,Canada,Email,157,0,0
session_1224,user_1732,3/18/2025 15:41,home,Tablet,Canada,Email,37,0,0
session_1224,user_1732,3/18/2025 15:42,product_page,Tablet,Canada,Email,70,0,0
session_1225,user_1083,8/24/2025 16:02,home,Tablet,UK,Direct,178,0,0
session_1225,user_1083,8/24/2025 16:04,product_page,Tablet,UK,Direct,80,0,0
session_1226,user_1196,7/29/2025 9:41,home,Desktop,India,Google,123,0,1
session_1226,user_1196,7/29/2025 9:43,product_page,Desktop,India,Google,112,0,1
session_1226,user_1196,7/29/2025 9:45,cart,Desktop,India,Google,160,1,1
session_1226,user_1196,7/29/2025 9:48,checkout,Desktop,India,Google,157,1,1
session_1226,user_1196,7/29/2025 9:50,confirmation,Desktop,India,Google,112,0,1
session_1227,user_1066,4/6/2025 19:05,home,Mobile,USA,Google,107,0,0
session_1227,user_1066,4/6/2025 19:08,product_page,Mobile,USA,Google,160,5,0
session_1227,user_1066,4/6/2025 19:09,cart,Mobile,USA,Google,46,5,0
session_1228,user_1118,1/15/2025 3:55,home,Tablet,Australia,Google,58,0,0
session_1229,user_1954,6/22/2025 6:15,home,Mobile,UK,Email,119,0,1
session_1229,user_1954,6/22/2025 6:18,product_page,Mobile,UK,Email,161,1,1
session_1229,user_1954,6/22/2025 6:20,cart,Mobile,UK,Email,160,1,1
session_1229,user_1954,6/22/2025 6:22,checkout,Mobile,UK,Email,75,1,1
session_1229,user_1954,6/22/2025 6:24,confirmation,Mobile,UK,Email,166,0,1
session_1230,user_1485,2/22/2025 2:53,home,Mobile,UK,Direct,23,0,0
session_1231,user_2987,3/9/2025 21:17,home,Tablet,France,Google,139,0,1
session_1231,user_2987,3/9/2025 21:18,product_page,Tablet,France,Google,80,0,1
session_1231,user_2987,3/9/2025 21:19,cart,Tablet,France,Google,56,1,1
session_1231,user_2987,3/9/2025 21:19,checkout,Tablet,France,Google,20,1,1
session_1231,user_2987,3/9/2025 21:20,confirmation,Tablet,France,Google,49,0,1
session_1232,user_1237,3/19/2025 8:04,home,Desktop,India,Email,119,0,0
session_1233,user_1378,5/19/2025 2:32,home,Tablet,UK,Direct,167,0,1
session_1233,user_1378,5/19/2025 2:33,product_page,Tablet,UK,Direct,57,4,1
session_1233,user_1378,5/19/2025 2:36,cart,Tablet,UK,Direct,159,4,1
session_1233,user_1378,5/19/2025 2:36,checkout,Tablet,UK,Direct,18,4,1
session_1233,user_1378,5/19/2025 2:37,confirmation,Tablet,UK,Direct,85,0,1
session_1234,user_1215,3/14/2025 21:22,home,Tablet,USA,Direct,122,0,0
session_1235,user_2357,1/28/2025 14:39,home,Mobile,Canada,Google,96,0,0
session_1236,user_2250,1/30/2025 18:47,home,Mobile,Germany,Social Media,59,0,0
session_1236,user_2250,1/30/2025 18:48,product_page,Mobile,Germany,Social Media,46,0,0
session_1237,user_1890,8/10/2025 6:22,home,Mobile,Germany,Email,82,0,0
session_1237,user_1890,8/10/2025 6:24,product_page,Mobile,Germany,Email,113,5,0
session_1238,user_2345,5/1/2025 8:19,home,Mobile,USA,Google,120,0,0
session_1238,user_2345,5/1/2025 8:21,product_page,Mobile,USA,Google,116,4,0
session_1239,user_1080,7/6/2025 5:35,home,Desktop,Germany,Email,88,0,0
session_1239,user_1080,7/6/2025 5:37,product_page,Desktop,Germany,Email,116,0,0
session_1240,user_1858,3/12/2025 16:16,home,Tablet,Australia,Google,117,0,0
session_1241,user_1616,2/2/2025 3:56,home,Tablet,Germany,Social Media,138,0,0
session_1241,user_1616,2/2/2025 3:57,product_page,Tablet,Germany,Social Media,85,0,0
session_1241,user_1616,2/2/2025 3:58,cart,Tablet,Germany,Social Media,56,0,0
session_1241,user_1616,2/2/2025 3:59,checkout,Tablet,Germany,Social Media,59,2,0
session_1242,user_1771,5/3/2025 14:45,home,Tablet,Australia,Email,97,0,0
session_1242,user_1771,5/3/2025 14:45,product_page,Tablet,Australia,Email,27,0,0
session_1243,user_2159,4/26/2025 15:23,home,Mobile,UK,Social Media,145,0,1
session_1243,user_2159,4/26/2025 15:26,product_page,Mobile,UK,Social Media,166,4,1
session_1243,user_2159,4/26/2025 15:28,cart,Mobile,UK,Social Media,156,4,1
session_1243,user_2159,4/26/2025 15:30,checkout,Mobile,UK,Social Media,111,4,1
session_1243,user_2159,4/26/2025 15:32,confirmation,Mobile,UK,Social Media,131,0,1
session_1244,user_2635,1/12/2025 5:53,home,Desktop,Australia,Direct,21,0,0
session_1245,user_1243,8/27/2025 16:07,home,Mobile,Canada,Email,32,0,0
session_1246,user_2305,5/1/2025 22:28,home,Desktop,India,Direct,63,0,0
session_1247,user_1474,3/31/2025 9:42,home,Tablet,France,Google,68,0,1
session_1247,user_1474,3/31/2025 9:45,product_page,Tablet,France,Google,141,0,1
session_1247,user_1474,3/31/2025 9:47,cart,Tablet,France,Google,163,0,1
session_1247,user_1474,3/31/2025 9:50,checkout,Tablet,France,Google,141,1,1
session_1247,user_1474,3/31/2025 9:51,confirmation,Tablet,France,Google,69,0,1
session_1248,user_1949,6/5/2025 10:52,home,Tablet,France,Google,99,0,0
session_1248,user_1949,6/5/2025 10:54,product_page,Tablet,France,Google,131,4,0
session_1249,user_2949,4/11/2025 14:42,home,Desktop,UK,Google,155,0,0
session_1249,user_2949,4/11/2025 14:44,product_page,Desktop,UK,Google,123,0,0
session_1250,user_1616,6/18/2025 11:29,home,Tablet,UK,Email,46,0,0
session_1250,user_1616,6/18/2025 11:30,product_page,Tablet,UK,Email,48,0,0
session_1251,user_1840,2/22/2025 3:51,home,Tablet,Germany,Email,42,0,0
session_1251,user_1840,2/22/2025 3:53,product_page,Tablet,Germany,Email,114,0,0
session_1252,user_1923,7/28/2025 16:43,home,Tablet,Germany,Direct,161,0,0
session_1253,user_1598,1/9/2025 13:09,home,Mobile,USA,Direct,36,0,1
session_1253,user_1598,1/9/2025 13:09,product_page,Mobile,USA,Direct,30,1,1
session_1253,user_1598,1/9/2025 13:10,cart,Mobile,USA,Direct,30,1,1
session_1253,user_1598,1/9/2025 13:11,checkout,Mobile,USA,Direct,61,1,1
session_1253,user_1598,1/9/2025 13:11,confirmation,Mobile,USA,Direct,33,0,1
session_1254,user_2451,6/16/2025 22:36,home,Mobile,Germany,Email,60,0,0
session_1254,user_2451,6/16/2025 22:37,product_page,Mobile,Germany,Email,62,3,0
session_1254,user_2451,6/16/2025 22:39,cart,Mobile,Germany,Email,113,3,0
session_1254,user_2451,6/16/2025 22:40,checkout,Mobile,Germany,Email,82,3,0
session_1255,user_2471,3/25/2025 10:22,home,Tablet,Canada,Direct,105,0,0
session_1255,user_2471,3/25/2025 10:24,product_page,Tablet,Canada,Direct,99,0,0
session_1255,user_2471,3/25/2025 10:25,cart,Tablet,Canada,Direct,59,2,0
session_1256,user_1583,6/16/2025 10:16,home,Mobile,UK,Google,84,0,0
session_1256,user_1583,6/16/2025 10:18,product_page,Mobile,UK,Google,114,5,0
session_1257,user_1138,2/8/2025 8:04,home,Desktop,Australia,Email,52,0,1
session_1257,user_1138,2/8/2025 8:04,product_page,Desktop,Australia,Email,49,3,1
session_1257,user_1138,2/8/2025 8:06,cart,Desktop,Australia,Email,110,3,1
session_1257,user_1138,2/8/2025 8:09,checkout,Desktop,Australia,Email,174,3,1
session_1257,user_1138,2/8/2025 8:10,confirmation,Desktop,Australia,Email,65,0,1
session_1258,user_1763,4/7/2025 18:56,home,Mobile,USA,Social Media,165,0,0
session_1258,user_1763,4/7/2025 18:58,product_page,Mobile,USA,Social Media,118,0,0
session_1259,user_1038,1/29/2025 22:20,home,Tablet,France,Social Media,34,0,0
session_1259,user_1038,1/29/2025 22:22,product_page,Tablet,France,Social Media,92,3,0
session_1259,user_1038,1/29/2025 22:24,cart,Tablet,France,Social Media,117,3,0
session_1259,user_1038,1/29/2025 22:26,checkout,Tablet,France,Social Media,170,3,0
session_1260,user_1036,7/12/2025 14:24,home,Mobile,Australia,Google,148,0,0
session_1260,user_1036,7/12/2025 14:26,product_page,Mobile,Australia,Google,168,1,0
session_1260,user_1036,7/12/2025 14:29,cart,Mobile,Australia,Google,151,1,0
session_1260,user_1036,7/12/2025 14:30,checkout,Mobile,Australia,Google,63,1,0
session_1261,user_2051,6/7/2025 18:28,home,Mobile,France,Social Media,81,0,0
session_1261,user_2051,6/7/2025 18:30,product_page,Mobile,France,Social Media,124,0,0
session_1262,user_2839,3/28/2025 7:37,home,Desktop,India,Google,95,0,1
session_1262,user_2839,3/28/2025 7:39,product_page,Desktop,India,Google,106,0,1
session_1262,user_2839,3/28/2025 7:41,cart,Desktop,India,Google,132,0,1
session_1262,user_2839,3/28/2025 7:42,checkout,Desktop,India,Google,42,2,1
session_1262,user_2839,3/28/2025 7:43,confirmation,Desktop,India,Google,72,0,1
session_1263,user_2498,7/7/2025 11:43,home,Mobile,UK,Direct,50,0,0
session_1263,user_2498,7/7/2025 11:43,product_page,Mobile,UK,Direct,42,0,0
session_1264,user_1524,6/12/2025 2:03,home,Tablet,Australia,Email,116,0,0
session_1264,user_1524,6/12/2025 2:05,product_page,Tablet,Australia,Email,105,0,0
session_1265,user_2917,2/1/2025 1:42,home,Mobile,Australia,Email,39,0,1
session_1265,user_2917,2/1/2025 1:44,product_page,Mobile,Australia,Email,124,1,1
session_1265,user_2917,2/1/2025 1:45,cart,Mobile,Australia,Email,25,1,1
session_1265,user_2917,2/1/2025 1:47,checkout,Mobile,Australia,Email,158,1,1
session_1265,user_2917,2/1/2025 1:48,confirmation,Mobile,Australia,Email,42,0,1
session_1266,user_1161,7/3/2025 0:20,home,Mobile,USA,Social Media,123,0,1
session_1266,user_1161,7/3/2025 0:22,product_page,Mobile,USA,Social Media,112,3,1
session_1266,user_1161,7/3/2025 0:24,cart,Mobile,USA,Social Media,119,3,1
session_1266,user_1161,7/3/2025 0:26,checkout,Mobile,USA,Social Media,116,3,1
session_1266,user_1161,7/3/2025 0:28,confirmation,Mobile,USA,Social Media,141,0,1
session_1267,user_2189,2/8/2025 11:45,home,Mobile,Australia,Google,68,0,0
session_1267,user_2189,2/8/2025 11:48,product_page,Mobile,Australia,Google,145,5,0
session_1268,user_1183,5/7/2025 6:43,home,Desktop,UK,Social Media,175,0,0
session_1268,user_1183,5/7/2025 6:45,product_page,Desktop,UK,Social Media,130,0,0
session_1269,user_1676,1/26/2025 8:51,home,Mobile,France,Email,127,0,0
session_1270,user_1479,7/10/2025 10:03,home,Tablet,India,Direct,82,0,0
session_1270,user_1479,7/10/2025 10:05,product_page,Tablet,India,Direct,114,0,0
session_1271,user_1052,8/10/2025 19:07,home,Tablet,Canada,Direct,45,0,0
session_1271,user_1052,8/10/2025 19:10,product_page,Tablet,Canada,Direct,169,4,0
session_1272,user_1324,7/9/2025 7:36,home,Mobile,France,Email,105,0,1
session_1272,user_1324,7/9/2025 7:36,product_page,Mobile,France,Email,15,3,1
session_1272,user_1324,7/9/2025 7:37,cart,Mobile,France,Email,68,3,1
session_1272,user_1324,7/9/2025 7:38,checkout,Mobile,France,Email,35,3,1
session_1272,user_1324,7/9/2025 7:39,confirmation,Mobile,France,Email,104,0,1
session_1273,user_1709,4/26/2025 16:31,home,Tablet,UK,Direct,68,0,1
session_1273,user_1709,4/26/2025 16:32,product_page,Tablet,UK,Direct,34,5,1
session_1273,user_1709,4/26/2025 16:33,cart,Tablet,UK,Direct,115,5,1
session_1273,user_1709,4/26/2025 16:35,checkout,Tablet,UK,Direct,82,5,1
session_1273,user_1709,4/26/2025 16:35,confirmation,Tablet,UK,Direct,29,0,1
session_1274,user_2361,2/17/2025 7:03,home,Tablet,India,Email,24,0,0
session_1275,user_1174,8/20/2025 9:24,home,Tablet,Canada,Google,55,0,0
session_1276,user_1650,4/3/2025 23:09,home,Mobile,Canada,Google,103,0,0
session_1276,user_1650,4/3/2025 23:09,product_page,Mobile,Canada,Google,26,3,0
session_1276,user_1650,4/3/2025 23:10,cart,Mobile,Canada,Google,24,3,0
session_1277,user_1347,8/10/2025 22:16,home,Tablet,Canada,Google,98,0,0
session_1277,user_1347,8/10/2025 22:19,product_page,Tablet,Canada,Google,163,0,0
session_1278,user_1422,7/15/2025 18:42,home,Mobile,Australia,Email,27,0,0
session_1278,user_1422,7/15/2025 18:43,product_page,Mobile,Australia,Email,62,0,0
session_1279,user_2165,6/27/2025 11:06,home,Mobile,Australia,Social Media,132,0,1
session_1279,user_2165,6/27/2025 11:08,product_page,Mobile,Australia,Social Media,104,0,1
session_1279,user_2165,6/27/2025 11:10,cart,Mobile,Australia,Social Media,101,1,1
session_1279,user_2165,6/27/2025 11:11,checkout,Mobile,Australia,Social Media,109,1,1
session_1279,user_2165,6/27/2025 11:12,confirmation,Mobile,Australia,Social Media,43,0,1
session_1280,user_1998,8/28/2025 22:40,home,Tablet,Australia,Direct,133,0,0
session_1280,user_1998,8/28/2025 22:42,product_page,Tablet,Australia,Direct,105,2,0
session_1280,user_1998,8/28/2025 22:43,cart,Tablet,Australia,Direct,101,2,0
session_1281,user_1950,5/19/2025 14:09,home,Desktop,Canada,Social Media,91,0,0
session_1282,user_2231,3/3/2025 18:44,home,Tablet,Canada,Direct,87,0,0
session_1282,user_2231,3/3/2025 18:45,product_page,Tablet,Canada,Direct,48,2,0
session_1282,user_2231,3/3/2025 18:45,cart,Tablet,Canada,Direct,23,2,0
session_1283,user_2746,8/16/2025 16:09,home,Tablet,Germany,Email,26,0,0
session_1284,user_2656,2/16/2025 18:32,home,Desktop,Germany,Google,177,0,1
session_1284,user_2656,2/16/2025 18:33,product_page,Desktop,Germany,Google,59,1,1
session_1284,user_2656,2/16/2025 18:35,cart,Desktop,Germany,Google,109,1,1
session_1284,user_2656,2/16/2025 18:37,checkout,Desktop,Germany,Google,143,1,1
session_1284,user_2656,2/16/2025 18:37,confirmation,Desktop,Germany,Google,15,0,1
session_1285,user_2395,6/15/2025 13:01,home,Mobile,Germany,Direct,106,0,1
session_1285,user_2395,6/15/2025 13:04,product_page,Mobile,Germany,Direct,171,5,1
session_1285,user_2395,6/15/2025 13:05,cart,Mobile,Germany,Direct,64,5,1
session_1285,user_2395,6/15/2025 13:07,checkout,Mobile,Germany,Direct,114,5,1
session_1285,user_2395,6/15/2025 13:08,confirmation,Mobile,Germany,Direct,49,0,1
session_1286,user_1394,1/2/2025 0:02,home,Desktop,India,Direct,161,0,0
session_1286,user_1394,1/2/2025 0:03,product_page,Desktop,India,Direct,68,4,0
session_1287,user_2912,2/9/2025 21:52,home,Desktop,Germany,Social Media,95,0,0
session_1287,user_2912,2/9/2025 21:54,product_page,Desktop,Germany,Social Media,89,4,0
session_1288,user_1746,3/26/2025 12:28,home,Desktop,India,Direct,63,0,0
session_1288,user_1746,3/26/2025 12:29,product_page,Desktop,India,Direct,45,0,0
session_1289,user_2544,1/29/2025 10:14,home,Mobile,USA,Direct,164,0,0
session_1289,user_2544,1/29/2025 10:15,product_page,Mobile,USA,Direct,96,3,0
session_1290,user_2557,6/20/2025 7:43,home,Mobile,Australia,Google,34,0,0
session_1290,user_2557,6/20/2025 7:45,product_page,Mobile,Australia,Google,109,4,0
session_1290,user_2557,6/20/2025 7:48,cart,Mobile,Australia,Google,163,4,0
session_1291,user_1406,3/8/2025 18:45,home,Tablet,France,Google,125,0,1
session_1291,user_1406,3/8/2025 18:47,product_page,Tablet,France,Google,123,0,1
session_1291,user_1406,3/8/2025 18:49,cart,Tablet,France,Google,137,3,1
session_1291,user_1406,3/8/2025 18:51,checkout,Tablet,France,Google,100,3,1
session_1291,user_1406,3/8/2025 18:53,confirmation,Tablet,France,Google,96,0,1
session_1292,user_1180,5/23/2025 8:09,home,Tablet,France,Google,81,0,1
session_1292,user_1180,5/23/2025 8:10,product_page,Tablet,France,Google,72,3,1
session_1292,user_1180,5/23/2025 8:11,cart,Tablet,France,Google,86,3,1
session_1292,user_1180,5/23/2025 8:12,checkout,Tablet,France,Google,38,3,1
session_1292,user_1180,5/23/2025 8:15,confirmation,Tablet,France,Google,179,0,1
session_1293,user_1281,7/10/2025 14:38,home,Tablet,India,Email,63,0,1
session_1293,user_1281,7/10/2025 14:40,product_page,Tablet,India,Email,109,0,1
session_1293,user_1281,7/10/2025 14:41,cart,Tablet,India,Email,98,4,1
session_1293,user_1281,7/10/2025 14:42,checkout,Tablet,India,Email,29,4,1
session_1293,user_1281,7/10/2025 14:42,confirmation,Tablet,India,Email,20,0,1
session_1294,user_2941,3/16/2025 3:16,home,Mobile,Canada,Social Media,105,0,0
session_1294,user_2941,3/16/2025 3:17,product_page,Mobile,Canada,Social Media,49,3,0
session_1295,user_1642,2/14/2025 9:15,home,Tablet,UK,Email,78,0,0
session_1295,user_1642,2/14/2025 9:16,product_page,Tablet,UK,Email,65,0,0
session_1296,user_2158,2/15/2025 1:12,home,Mobile,Germany,Email,173,0,0
session_1297,user_1615,7/9/2025 7:59,home,Desktop,France,Email,30,0,0
session_1297,user_1615,7/9/2025 8:01,product_page,Desktop,France,Email,140,4,0
session_1298,user_1567,3/3/2025 9:36,home,Mobile,Germany,Google,141,0,1
session_1298,user_1567,3/3/2025 9:38,product_page,Mobile,Germany,Google,119,3,1
session_1298,user_1567,3/3/2025 9:40,cart,Mobile,Germany,Google,97,3,1
session_1298,user_1567,3/3/2025 9:43,checkout,Mobile,Germany,Google,156,3,1
session_1298,user_1567,3/3/2025 9:43,confirmation,Mobile,Germany,Google,46,0,1
session_1299,user_1729,7/12/2025 14:02,home,Tablet,India,Social Media,175,0,0
session_1299,user_1729,7/12/2025 14:04,product_page,Tablet,India,Social Media,159,3,0
session_1300,user_1202,6/7/2025 17:01,home,Tablet,India,Email,120,0,0
session_1301,user_1204,1/27/2025 15:59,home,Mobile,Canada,Google,134,0,0
session_1301,user_1204,1/27/2025 16:01,product_page,Mobile,Canada,Google,113,0,0
session_1301,user_1204,1/27/2025 16:01,cart,Mobile,Canada,Google,31,0,0
session_1301,user_1204,1/27/2025 16:03,checkout,Mobile,Canada,Google,107,3,0
session_1302,user_1512,4/7/2025 10:07,home,Tablet,Germany,Google,125,0,0
session_1303,user_2564,7/4/2025 16:56,home,Desktop,USA,Direct,139,0,0
session_1303,user_2564,7/4/2025 16:59,product_page,Desktop,USA,Direct,149,0,0
session_1304,user_1804,6/6/2025 2:08,home,Desktop,USA,Direct,42,0,0
session_1304,user_1804,6/6/2025 2:09,product_page,Desktop,USA,Direct,73,0,0
session_1305,user_1526,7/3/2025 21:03,home,Mobile,Canada,Email,143,0,0
session_1305,user_1526,7/3/2025 21:05,product_page,Mobile,Canada,Email,109,0,0
session_1306,user_2641,4/5/2025 20:14,home,Mobile,UK,Direct,79,0,0
session_1306,user_2641,4/5/2025 20:14,product_page,Mobile,UK,Direct,19,4,0
session_1307,user_1283,2/10/2025 7:24,home,Tablet,Germany,Social Media,98,0,0
session_1307,user_1283,2/10/2025 7:27,product_page,Tablet,Germany,Social Media,148,3,0
session_1308,user_1744,5/31/2025 9:08,home,Tablet,Canada,Email,77,0,0
session_1308,user_1744,5/31/2025 9:09,product_page,Tablet,Canada,Email,87,5,0
session_1309,user_2214,4/11/2025 6:37,home,Tablet,Canada,Google,117,0,0
session_1309,user_2214,4/11/2025 6:40,product_page,Tablet,Canada,Google,142,2,0
session_1310,user_2683,6/23/2025 7:07,home,Tablet,USA,Google,66,0,0
session_1310,user_2683,6/23/2025 7:09,product_page,Tablet,USA,Google,80,0,0
session_1310,user_2683,6/23/2025 7:10,cart,Tablet,USA,Google,66,4,0
session_1311,user_2426,5/12/2025 7:12,home,Tablet,France,Direct,130,0,1
session_1311,user_2426,5/12/2025 7:15,product_page,Tablet,France,Direct,136,0,1
session_1311,user_2426,5/12/2025 7:17,cart,Tablet,France,Direct,131,1,1
session_1311,user_2426,5/12/2025 7:18,checkout,Tablet,France,Direct,71,1,1
session_1311,user_2426,5/12/2025 7:18,confirmation,Tablet,France,Direct,29,0,1
session_1312,user_1570,8/21/2025 0:49,home,Mobile,UK,Social Media,70,0,1
session_1312,user_1570,8/21/2025 0:49,product_page,Mobile,UK,Social Media,30,2,1
session_1312,user_1570,8/21/2025 0:52,cart,Mobile,UK,Social Media,180,2,1
session_1312,user_1570,8/21/2025 0:55,checkout,Mobile,UK,Social Media,173,2,1
session_1312,user_1570,8/21/2025 0:57,confirmation,Mobile,UK,Social Media,85,0,1
session_1313,user_2370,1/22/2025 17:49,home,Tablet,Canada,Direct,132,0,0
session_1314,user_2893,4/19/2025 4:35,home,Desktop,India,Direct,145,0,0
session_1314,user_2893,4/19/2025 4:37,product_page,Desktop,India,Direct,141,0,0
session_1315,user_1592,7/29/2025 9:01,home,Tablet,Germany,Direct,38,0,0
session_1316,user_1299,3/20/2025 4:55,home,Mobile,Germany,Email,170,0,0
session_1316,user_1299,3/20/2025 4:56,product_page,Mobile,Germany,Email,84,4,0
session_1317,user_2292,6/21/2025 16:12,home,Tablet,UK,Direct,68,0,0
session_1317,user_2292,6/21/2025 16:13,product_page,Tablet,UK,Direct,44,2,0
session_1318,user_2785,3/16/2025 5:50,home,Desktop,UK,Social Media,146,0,0
session_1318,user_2785,3/16/2025 5:52,product_page,Desktop,UK,Social Media,148,0,0
session_1319,user_2790,4/12/2025 0:19,home,Desktop,Canada,Direct,152,0,1
session_1319,user_2790,4/12/2025 0:20,product_page,Desktop,Canada,Direct,49,4,1
session_1319,user_2790,4/12/2025 0:23,cart,Desktop,Canada,Direct,178,4,1
session_1319,user_2790,4/12/2025 0:25,checkout,Desktop,Canada,Direct,143,4,1
session_1319,user_2790,4/12/2025 0:27,confirmation,Desktop,Canada,Direct,105,0,1
session_1320,user_2398,7/19/2025 2:06,home,Tablet,France,Social Media,150,0,0
session_1320,user_2398,7/19/2025 2:07,product_page,Tablet,France,Social Media,103,0,0
session_1321,user_1106,3/2/2025 21:06,home,Mobile,Australia,Social Media,19,0,1
session_1321,user_1106,3/2/2025 21:07,product_page,Mobile,Australia,Social Media,28,0,1
session_1321,user_1106,3/2/2025 21:09,cart,Mobile,Australia,Social Media,133,0,1
session_1321,user_1106,3/2/2025 21:10,checkout,Mobile,Australia,Social Media,54,1,1
session_1321,user_1106,3/2/2025 21:10,confirmation,Mobile,Australia,Social Media,37,0,1
session_1322,user_2560,3/19/2025 0:18,home,Mobile,UK,Social Media,107,0,1
session_1322,user_2560,3/19/2025 0:20,product_page,Mobile,UK,Social Media,151,0,1
session_1322,user_2560,3/19/2025 0:21,cart,Mobile,UK,Social Media,29,2,1
session_1322,user_2560,3/19/2025 0:22,checkout,Mobile,UK,Social Media,80,2,1
session_1322,user_2560,3/19/2025 0:24,confirmation,Mobile,UK,Social Media,128,0,1
session_1323,user_1073,3/6/2025 8:17,home,Mobile,USA,Direct,151,0,0
session_1324,user_2855,4/1/2025 10:37,home,Desktop,Germany,Email,179,0,0
session_1324,user_2855,4/1/2025 10:39,product_page,Desktop,Germany,Email,115,0,0
session_1325,user_2470,2/10/2025 12:59,home,Tablet,USA,Email,67,0,0
session_1325,user_2470,2/10/2025 13:01,product_page,Tablet,USA,Email,120,4,0
session_1326,user_2922,8/13/2025 1:13,home,Mobile,Germany,Email,124,0,0
session_1327,user_2925,7/30/2025 19:02,home,Tablet,India,Social Media,174,0,0
session_1328,user_1348,4/20/2025 1:18,home,Tablet,UK,Google,38,0,0
session_1329,user_2869,1/2/2025 9:03,home,Desktop,India,Direct,73,0,0
session_1330,user_2985,3/31/2025 22:02,home,Mobile,Canada,Social Media,125,0,0
session_1331,user_1576,6/15/2025 10:01,home,Tablet,France,Social Media,58,0,1
session_1331,user_1576,6/15/2025 10:03,product_page,Tablet,France,Social Media,116,0,1
session_1331,user_1576,6/15/2025 10:04,cart,Tablet,France,Social Media,56,1,1
session_1331,user_1576,6/15/2025 10:04,checkout,Tablet,France,Social Media,24,1,1
session_1331,user_1576,6/15/2025 10:06,confirmation,Tablet,France,Social Media,83,0,1
session_1332,user_2502,1/17/2025 16:15,home,Desktop,Germany,Email,28,0,0
session_1332,user_2502,1/17/2025 16:17,product_page,Desktop,Germany,Email,106,1,0
session_1333,user_1276,7/16/2025 23:12,home,Desktop,USA,Email,23,0,1
session_1333,user_1276,7/16/2025 23:13,product_page,Desktop,USA,Email,45,1,1
session_1333,user_1276,7/16/2025 23:15,cart,Desktop,USA,Email,158,1,1
session_1333,user_1276,7/16/2025 23:16,checkout,Desktop,USA,Email,23,1,1
session_1333,user_1276,7/16/2025 23:17,confirmation,Desktop,USA,Email,76,0,1
session_1334,user_2956,7/31/2025 9:07,home,Mobile,Australia,Social Media,51,0,1
session_1334,user_2956,7/31/2025 9:08,product_page,Mobile,Australia,Social Media,50,0,1
session_1334,user_2956,7/31/2025 9:10,cart,Mobile,Australia,Social Media,125,2,1
session_1334,user_2956,7/31/2025 9:13,checkout,Mobile,Australia,Social Media,137,2,1
session_1334,user_2956,7/31/2025 9:15,confirmation,Mobile,Australia,Social Media,123,0,1
session_1335,user_2770,5/3/2025 14:19,home,Desktop,USA,Email,61,0,1
session_1335,user_2770,5/3/2025 14:21,product_page,Desktop,USA,Email,105,5,1
session_1335,user_2770,5/3/2025 14:22,cart,Desktop,USA,Email,67,5,1
session_1335,user_2770,5/3/2025 14:23,checkout,Desktop,USA,Email,79,5,1
session_1335,user_2770,5/3/2025 14:26,confirmation,Desktop,USA,Email,152,0,1
session_1336,user_1807,4/17/2025 7:00,home,Desktop,India,Email,76,0,0
session_1336,user_1807,4/17/2025 7:02,product_page,Desktop,India,Email,160,3,0
session_1337,user_2843,3/23/2025 0:39,home,Mobile,Canada,Google,170,0,0
session_1338,user_1967,5/3/2025 6:08,home,Desktop,UK,Social Media,171,0,0
session_1338,user_1967,5/3/2025 6:09,product_page,Desktop,UK,Social Media,38,0,0
session_1338,user_1967,5/3/2025 6:11,cart,Desktop,UK,Social Media,140,0,0
session_1338,user_1967,5/3/2025 6:12,checkout,Desktop,UK,Social Media,54,3,0
session_1339,user_2985,7/23/2025 23:45,home,Mobile,France,Google,59,0,0
session_1339,user_2985,7/23/2025 23:47,product_page,Mobile,France,Google,108,5,0
session_1339,user_2985,7/23/2025 23:48,cart,Mobile,France,Google,53,5,0
session_1340,user_2948,3/11/2025 19:55,home,Tablet,USA,Social Media,71,0,1
session_1340,user_2948,3/11/2025 19:56,product_page,Tablet,USA,Social Media,97,2,1
session_1340,user_2948,3/11/2025 19:59,cart,Tablet,USA,Social Media,168,2,1
session_1340,user_2948,3/11/2025 20:02,checkout,Tablet,USA,Social Media,165,2,1
session_1340,user_2948,3/11/2025 20:03,confirmation,Tablet,USA,Social Media,85,0,1
session_1341,user_2903,2/19/2025 5:43,home,Mobile,USA,Google,43,0,0
session_1341,user_2903,2/19/2025 5:45,product_page,Mobile,USA,Google,144,0,0
session_1341,user_2903,2/19/2025 5:47,cart,Mobile,USA,Google,107,4,0
session_1342,user_1512,1/27/2025 14:01,home,Desktop,Australia,Direct,107,0,1
session_1342,user_1512,1/27/2025 14:03,product_page,Desktop,Australia,Direct,80,0,1
session_1342,user_1512,1/27/2025 14:04,cart,Desktop,Australia,Direct,73,3,1
session_1342,user_1512,1/27/2025 14:06,checkout,Desktop,Australia,Direct,132,3,1
session_1342,user_1512,1/27/2025 14:07,confirmation,Desktop,Australia,Direct,26,0,1
session_1343,user_1213,1/26/2025 20:42,home,Mobile,France,Direct,135,0,0
session_1343,user_1213,1/26/2025 20:43,product_page,Mobile,France,Direct,45,1,0
session_1344,user_2045,3/11/2025 14:03,home,Tablet,Australia,Email,99,0,1
session_1344,user_2045,3/11/2025 14:04,product_page,Tablet,Australia,Email,33,0,1
session_1344,user_2045,3/11/2025 14:06,cart,Tablet,Australia,Email,152,0,1
session_1344,user_2045,3/11/2025 14:08,checkout,Tablet,Australia,Email,114,1,1
session_1344,user_2045,3/11/2025 14:10,confirmation,Tablet,Australia,Email,90,0,1
session_1345,user_1620,2/11/2025 3:55,home,Tablet,France,Social Media,36,0,0
session_1345,user_1620,2/11/2025 3:57,product_page,Tablet,France,Social Media,119,4,0
session_1346,user_2029,6/3/2025 9:18,home,Tablet,Canada,Social Media,56,0,0
session_1346,user_2029,6/3/2025 9:21,product_page,Tablet,Canada,Social Media,176,4,0
session_1347,user_2203,8/24/2025 12:15,home,Mobile,USA,Direct,180,0,0
session_1347,user_2203,8/24/2025 12:15,product_page,Mobile,USA,Direct,17,1,0
session_1348,user_1971,2/11/2025 15:04,home,Tablet,India,Direct,97,0,0
session_1349,user_1957,7/19/2025 16:50,home,Tablet,USA,Google,62,0,0
session_1349,user_1957,7/19/2025 16:51,product_page,Tablet,USA,Google,73,0,0
session_1350,user_2826,7/28/2025 4:16,home,Tablet,USA,Social Media,54,0,1
session_1350,user_2826,7/28/2025 4:16,product_page,Tablet,USA,Social Media,36,3,1
session_1350,user_2826,7/28/2025 4:19,cart,Tablet,USA,Social Media,136,3,1
session_1350,user_2826,7/28/2025 4:20,checkout,Tablet,USA,Social Media,60,3,1
session_1350,user_2826,7/28/2025 4:20,confirmation,Tablet,USA,Social Media,20,0,1
session_1351,user_1774,1/10/2025 12:41,home,Mobile,Canada,Email,98,0,0
session_1351,user_1774,1/10/2025 12:44,product_page,Mobile,Canada,Email,163,5,0
session_1352,user_1381,5/5/2025 5:14,home,Tablet,Canada,Google,83,0,0
session_1352,user_1381,5/5/2025 5:16,product_page,Tablet,Canada,Google,115,2,0
session_1353,user_1961,2/23/2025 8:32,home,Desktop,UK,Email,99,0,0
session_1353,user_1961,2/23/2025 8:33,product_page,Desktop,UK,Email,102,4,0
session_1354,user_2182,3/7/2025 12:37,home,Desktop,India,Google,170,0,0
session_1354,user_2182,3/7/2025 12:37,product_page,Desktop,India,Google,20,5,0
session_1355,user_2373,7/11/2025 22:07,home,Mobile,Canada,Social Media,151,0,0
session_1356,user_1161,4/7/2025 6:05,home,Desktop,France,Email,82,0,0
session_1357,user_1634,5/27/2025 23:12,home,Tablet,Canada,Google,39,0,0
session_1357,user_1634,5/27/2025 23:14,product_page,Tablet,Canada,Google,96,4,0
session_1358,user_1155,1/16/2025 13:38,home,Mobile,France,Direct,24,0,0
session_1358,user_1155,1/16/2025 13:38,product_page,Mobile,France,Direct,26,2,0
session_1359,user_1384,4/8/2025 5:57,home,Tablet,India,Direct,95,0,0
session_1359,user_1384,4/8/2025 5:59,product_page,Tablet,India,Direct,110,5,0
session_1360,user_2122,5/20/2025 11:52,home,Mobile,India,Email,23,0,0
session_1360,user_2122,5/20/2025 11:52,product_page,Mobile,India,Email,24,3,0
session_1361,user_2545,5/26/2025 21:13,home,Desktop,India,Email,154,0,0
session_1362,user_1878,8/9/2025 12:51,home,Tablet,USA,Direct,147,0,0
session_1362,user_1878,8/9/2025 12:52,product_page,Tablet,USA,Direct,110,5,0
session_1363,user_1198,4/27/2025 15:13,home,Mobile,UK,Direct,125,0,0
session_1363,user_1198,4/27/2025 15:14,product_page,Mobile,UK,Direct,72,4,0
session_1364,user_1602,8/5/2025 5:36,home,Mobile,UK,Email,89,0,0
session_1364,user_1602,8/5/2025 5:36,product_page,Mobile,UK,Email,31,1,0
session_1365,user_1873,7/23/2025 4:07,home,Desktop,Canada,Social Media,173,0,0
session_1365,user_1873,7/23/2025 4:09,product_page,Desktop,Canada,Social Media,120,1,0
session_1366,user_1493,8/12/2025 20:14,home,Tablet,France,Direct,76,0,0
session_1366,user_1493,8/12/2025 20:16,product_page,Tablet,France,Direct,84,3,0
session_1367,user_1683,7/26/2025 6:13,home,Mobile,USA,Direct,104,0,0
session_1367,user_1683,7/26/2025 6:13,product_page,Mobile,USA,Direct,40,0,0
session_1368,user_2613,6/17/2025 8:23,home,Tablet,USA,Email,93,0,0
session_1369,user_1397,7/11/2025 14:51,home,Tablet,Australia,Email,118,0,1
session_1369,user_1397,7/11/2025 14:53,product_page,Tablet,Australia,Email,78,5,1
session_1369,user_1397,7/11/2025 14:55,cart,Tablet,Australia,Email,112,5,1
session_1369,user_1397,7/11/2025 14:56,checkout,Tablet,Australia,Email,87,5,1
session_1369,user_1397,7/11/2025 14:58,confirmation,Tablet,Australia,Email,114,0,1
session_1370,user_1095,7/9/2025 22:20,home,Tablet,UK,Direct,74,0,0
session_1370,user_1095,7/9/2025 22:20,product_page,Tablet,UK,Direct,20,0,0
session_1371,user_2297,8/13/2025 9:50,home,Tablet,USA,Email,107,0,0
session_1371,user_2297,8/13/2025 9:52,product_page,Tablet,USA,Email,112,1,0
session_1372,user_2643,4/27/2025 20:24,home,Mobile,Canada,Social Media,128,0,0
session_1373,user_2250,5/28/2025 18:30,home,Tablet,Germany,Social Media,116,0,0
session_1373,user_2250,5/28/2025 18:33,product_page,Tablet,Germany,Social Media,163,1,0
session_1374,user_2106,5/7/2025 14:49,home,Mobile,Australia,Google,62,0,0
session_1375,user_2732,6/22/2025 3:48,home,Desktop,Canada,Social Media,43,0,1
session_1375,user_2732,6/22/2025 3:50,product_page,Desktop,Canada,Social Media,100,0,1
session_1375,user_2732,6/22/2025 3:51,cart,Desktop,Canada,Social Media,93,5,1
session_1375,user_2732,6/22/2025 3:54,checkout,Desktop,Canada,Social Media,162,5,1
session_1375,user_2732,6/22/2025 3:54,confirmation,Desktop,Canada,Social Media,18,0,1
session_1376,user_2969,4/13/2025 14:12,home,Tablet,UK,Social Media,128,0,0
session_1377,user_1779,3/10/2025 12:14,home,Tablet,USA,Social Media,93,0,0
session_1377,user_1779,3/10/2025 12:16,product_page,Tablet,USA,Social Media,153,0,0
session_1378,user_1638,6/6/2025 5:49,home,Desktop,Australia,Google,65,0,0
session_1378,user_1638,6/6/2025 5:50,product_page,Desktop,Australia,Google,53,0,0
session_1379,user_2698,2/17/2025 3:19,home,Mobile,Australia,Email,37,0,0
session_1379,user_2698,2/17/2025 3:21,product_page,Mobile,Australia,Email,150,1,0
session_1379,user_2698,2/17/2025 3:23,cart,Mobile,Australia,Email,92,1,0
session_1380,user_1964,1/10/2025 19:22,home,Tablet,Germany,Google,131,0,0
session_1380,user_1964,1/10/2025 19:22,product_page,Tablet,Germany,Google,42,0,0
session_1381,user_1043,6/14/2025 17:30,home,Desktop,Canada,Social Media,75,0,0
session_1381,user_1043,6/14/2025 17:31,product_page,Desktop,Canada,Social Media,32,4,0
session_1382,user_2103,1/31/2025 8:56,home,Tablet,India,Google,84,0,0
session_1382,user_2103,1/31/2025 8:59,product_page,Tablet,India,Google,167,4,0
session_1383,user_2882,2/15/2025 23:10,home,Desktop,UK,Google,173,0,0
session_1383,user_2882,2/15/2025 23:12,product_page,Desktop,UK,Google,134,3,0
session_1384,user_2989,5/3/2025 18:00,home,Desktop,USA,Social Media,64,0,0
session_1384,user_2989,5/3/2025 18:02,product_page,Desktop,USA,Social Media,112,2,0
session_1385,user_1111,6/24/2025 2:06,home,Tablet,UK,Google,141,0,0
session_1386,user_1767,5/17/2025 6:41,home,Mobile,Canada,Social Media,131,0,0
session_1386,user_1767,5/17/2025 6:43,product_page,Mobile,Canada,Social Media,99,2,0
session_1386,user_1767,5/17/2025 6:45,cart,Mobile,Canada,Social Media,100,2,0
session_1387,user_1067,6/25/2025 23:05,home,Desktop,Canada,Google,92,0,0
session_1387,user_1067,6/25/2025 23:06,product_page,Desktop,Canada,Google,57,5,0
session_1388,user_2574,7/21/2025 17:43,home,Mobile,India,Direct,115,0,0
session_1388,user_2574,7/21/2025 17:44,product_page,Mobile,India,Direct,47,1,0
session_1389,user_1236,2/13/2025 23:54,home,Tablet,India,Social Media,66,0,1
session_1389,user_1236,2/13/2025 23:56,product_page,Tablet,India,Social Media,82,3,1
session_1389,user_1236,2/13/2025 23:58,cart,Tablet,India,Social Media,159,3,1
session_1389,user_1236,2/14/2025 0:00,checkout,Tablet,India,Social Media,134,3,1
session_1389,user_1236,2/14/2025 0:03,confirmation,Tablet,India,Social Media,152,0,1
session_1390,user_1108,8/9/2025 15:08,home,Desktop,USA,Social Media,154,0,0
session_1391,user_1297,8/14/2025 12:31,home,Mobile,India,Direct,92,0,0
session_1391,user_1297,8/14/2025 12:32,product_page,Mobile,India,Direct,63,0,0
session_1392,user_2786,6/11/2025 10:44,home,Desktop,India,Direct,110,0,0
session_1392,user_2786,6/11/2025 10:46,product_page,Desktop,India,Direct,104,0,0
session_1393,user_2963,8/14/2025 12:19,home,Desktop,UK,Google,107,0,1
session_1393,user_2963,8/14/2025 12:20,product_page,Desktop,UK,Google,61,4,1
session_1393,user_2963,8/14/2025 12:22,cart,Desktop,UK,Google,127,4,1
session_1393,user_2963,8/14/2025 12:22,checkout,Desktop,UK,Google,19,4,1
session_1393,user_2963,8/14/2025 12:24,confirmation,Desktop,UK,Google,119,0,1
session_1394,user_2866,6/4/2025 11:21,home,Desktop,USA,Social Media,133,0,0
session_1394,user_2866,6/4/2025 11:23,product_page,Desktop,USA,Social Media,81,1,0
session_1395,user_2413,4/24/2025 16:36,home,Mobile,UK,Google,92,0,0
session_1395,user_2413,4/24/2025 16:37,product_page,Mobile,UK,Google,68,5,0
session_1396,user_1178,1/24/2025 11:58,home,Desktop,UK,Social Media,25,0,0
session_1396,user_1178,1/24/2025 11:59,product_page,Desktop,UK,Social Media,87,0,0
session_1397,user_1352,5/20/2025 6:52,home,Mobile,Germany,Social Media,170,0,0
session_1397,user_1352,5/20/2025 6:54,product_page,Mobile,Germany,Social Media,83,0,0
session_1398,user_1235,6/24/2025 17:33,home,Mobile,India,Google,82,0,0
session_1398,user_1235,6/24/2025 17:34,product_page,Mobile,India,Google,81,4,0
session_1398,user_1235,6/24/2025 17:36,cart,Mobile,India,Google,101,4,0
session_1399,user_1381,2/1/2025 20:49,home,Desktop,France,Google,99,0,0
session_1399,user_1381,2/1/2025 20:51,product_page,Desktop,France,Google,133,0,0
session_1400,user_1801,2/23/2025 15:35,home,Mobile,Germany,Google,109,0,0
session_1400,user_1801,2/23/2025 15:38,product_page,Mobile,Germany,Google,174,0,0
session_1401,user_2946,8/29/2025 1:13,home,Desktop,Germany,Direct,107,0,0
session_1402,user_1318,6/9/2025 1:11,home,Tablet,Australia,Email,172,0,0
session_1402,user_1318,6/9/2025 1:13,product_page,Tablet,Australia,Email,142,3,0
session_1403,user_2039,2/19/2025 6:57,home,Mobile,Canada,Google,174,0,0
session_1403,user_2039,2/19/2025 6:58,product_page,Mobile,Canada,Google,29,0,0
session_1404,user_1656,1/26/2025 11:22,home,Tablet,France,Social Media,133,0,0
session_1404,user_1656,1/26/2025 11:24,product_page,Tablet,France,Social Media,88,0,0
session_1405,user_2225,4/26/2025 5:52,home,Desktop,France,Direct,98,0,0
session_1405,user_2225,4/26/2025 5:55,product_page,Desktop,France,Direct,134,0,0
session_1405,user_2225,4/26/2025 5:57,cart,Desktop,France,Direct,169,3,0
session_1406,user_2272,4/21/2025 17:05,home,Tablet,Canada,Social Media,132,0,1
session_1406,user_2272,4/21/2025 17:07,product_page,Tablet,Canada,Social Media,154,1,1
session_1406,user_2272,4/21/2025 17:10,cart,Tablet,Canada,Social Media,167,1,1
session_1406,user_2272,4/21/2025 17:11,checkout,Tablet,Canada,Social Media,57,1,1
session_1406,user_2272,4/21/2025 17:12,confirmation,Tablet,Canada,Social Media,79,0,1
session_1407,user_1686,8/22/2025 0:23,home,Tablet,France,Email,72,0,0
session_1407,user_1686,8/22/2025 0:24,product_page,Tablet,France,Email,93,5,0
session_1408,user_2409,1/26/2025 10:09,home,Tablet,Germany,Social Media,109,0,0
session_1408,user_2409,1/26/2025 10:11,product_page,Tablet,Germany,Social Media,139,3,0
session_1409,user_2900,3/22/2025 10:24,home,Desktop,UK,Email,172,0,0
session_1409,user_2900,3/22/2025 10:26,product_page,Desktop,UK,Email,146,0,0
session_1410,user_1358,7/27/2025 20:04,home,Tablet,Canada,Social Media,48,0,0
session_1411,user_2149,1/21/2025 16:14,home,Mobile,USA,Google,145,0,0
session_1412,user_2254,1/15/2025 20:45,home,Desktop,Germany,Google,125,0,0
session_1412,user_2254,1/15/2025 20:47,product_page,Desktop,Germany,Google,142,5,0
session_1413,user_1354,7/27/2025 11:42,home,Mobile,Canada,Email,65,0,0
session_1413,user_1354,7/27/2025 11:44,product_page,Mobile,Canada,Email,158,4,0
session_1414,user_2957,4/25/2025 5:26,home,Tablet,Canada,Google,152,0,0
session_1414,user_2957,4/25/2025 5:28,product_page,Tablet,Canada,Google,109,0,0
session_1415,user_1544,5/15/2025 2:02,home,Tablet,USA,Email,50,0,1
session_1415,user_1544,5/15/2025 2:05,product_page,Tablet,USA,Email,171,0,1
session_1415,user_1544,5/15/2025 2:06,cart,Tablet,USA,Email,74,4,1
session_1415,user_1544,5/15/2025 2:07,checkout,Tablet,USA,Email,75,4,1
session_1415,user_1544,5/15/2025 2:08,confirmation,Tablet,USA,Email,43,0,1
session_1416,user_1894,1/14/2025 14:53,home,Desktop,France,Email,164,0,0
session_1416,user_1894,1/14/2025 14:55,product_page,Desktop,France,Email,113,1,0
session_1417,user_1881,8/25/2025 20:57,home,Mobile,India,Direct,154,0,0
session_1417,user_1881,8/25/2025 20:59,product_page,Mobile,India,Direct,109,0,0
session_1417,user_1881,8/25/2025 21:02,cart,Mobile,India,Direct,177,0,0
session_1417,user_1881,8/25/2025 21:03,checkout,Mobile,India,Direct,50,1,0
session_1418,user_2423,4/26/2025 8:12,home,Desktop,USA,Direct,147,0,0
session_1418,user_2423,4/26/2025 8:14,product_page,Desktop,USA,Direct,143,5,0
session_1419,user_1129,6/4/2025 6:56,home,Tablet,Germany,Email,89,0,0
session_1419,user_1129,6/4/2025 6:56,product_page,Tablet,Germany,Email,45,0,0
session_1420,user_2841,2/5/2025 8:27,home,Desktop,UK,Google,113,0,0
session_1420,user_2841,2/5/2025 8:28,product_page,Desktop,UK,Google,46,0,0
session_1421,user_2609,8/22/2025 6:06,home,Mobile,India,Direct,179,0,0
session_1421,user_2609,8/22/2025 6:07,product_page,Mobile,India,Direct,33,0,0
session_1421,user_2609,8/22/2025 6:08,cart,Mobile,India,Direct,82,1,0
session_1422,user_2204,8/20/2025 10:41,home,Tablet,Australia,Direct,144,0,0
session_1422,user_2204,8/20/2025 10:42,product_page,Tablet,Australia,Direct,21,2,0
session_1423,user_1905,8/1/2025 7:58,home,Mobile,France,Google,125,0,0
session_1423,user_1905,8/1/2025 8:00,product_page,Mobile,France,Google,162,2,0
session_1424,user_2631,7/19/2025 20:48,home,Desktop,USA,Google,58,0,1
session_1424,user_2631,7/19/2025 20:50,product_page,Desktop,USA,Google,129,0,1
session_1424,user_2631,7/19/2025 20:51,cart,Desktop,USA,Google,73,0,1
session_1424,user_2631,7/19/2025 20:54,checkout,Desktop,USA,Google,130,1,1
session_1424,user_2631,7/19/2025 20:56,confirmation,Desktop,USA,Google,170,0,1
session_1425,user_1569,3/2/2025 18:24,home,Desktop,USA,Google,25,0,0
session_1426,user_1207,1/9/2025 10:15,home,Desktop,UK,Email,65,0,0
session_1426,user_1207,1/9/2025 10:17,product_page,Desktop,UK,Email,138,5,0
session_1427,user_1849,5/14/2025 15:05,home,Tablet,France,Social Media,87,0,0
session_1428,user_2867,1/7/2025 14:34,home,Desktop,UK,Social Media,53,0,0
session_1428,user_2867,1/7/2025 14:35,product_page,Desktop,UK,Social Media,58,0,0
session_1428,user_2867,1/7/2025 14:38,cart,Desktop,UK,Social Media,168,4,0
session_1429,user_1255,1/31/2025 14:46,home,Desktop,India,Direct,177,0,0
session_1430,user_2057,3/15/2025 8:09,home,Desktop,India,Social Media,29,0,0
session_1430,user_2057,3/15/2025 8:11,product_page,Desktop,India,Social Media,146,2,0
session_1430,user_2057,3/15/2025 8:14,cart,Desktop,India,Social Media,144,2,0
session_1430,user_2057,3/15/2025 8:15,checkout,Desktop,India,Social Media,112,2,0
session_1431,user_1200,4/22/2025 16:25,home,Tablet,Germany,Direct,177,0,0
session_1431,user_1200,4/22/2025 16:27,product_page,Tablet,Germany,Direct,136,5,0
session_1432,user_1570,2/28/2025 13:19,home,Desktop,USA,Direct,40,0,0
session_1432,user_1570,2/28/2025 13:22,product_page,Desktop,USA,Direct,164,0,0
session_1433,user_2187,6/10/2025 21:25,home,Tablet,UK,Direct,62,0,1
session_1433,user_2187,6/10/2025 21:26,product_page,Tablet,UK,Direct,81,0,1
session_1433,user_2187,6/10/2025 21:28,cart,Tablet,UK,Direct,108,0,1
session_1433,user_2187,6/10/2025 21:29,checkout,Tablet,UK,Direct,84,2,1
session_1433,user_2187,6/10/2025 21:30,confirmation,Tablet,UK,Direct,56,0,1
session_1434,user_2757,3/16/2025 12:15,home,Mobile,UK,Email,147,0,0
session_1434,user_2757,3/16/2025 12:16,product_page,Mobile,UK,Email,55,3,0
session_1434,user_2757,3/16/2025 12:17,cart,Mobile,UK,Email,69,3,0
session_1435,user_1767,1/8/2025 14:41,home,Tablet,France,Direct,64,0,0
session_1435,user_1767,1/8/2025 14:42,product_page,Tablet,France,Direct,67,1,0
session_1436,user_2255,6/21/2025 11:47,home,Tablet,India,Google,78,0,0
session_1436,user_2255,6/21/2025 11:49,product_page,Tablet,India,Google,102,1,0
session_1437,user_2683,6/11/2025 7:04,home,Desktop,USA,Direct,77,0,0
session_1437,user_2683,6/11/2025 7:04,product_page,Desktop,USA,Direct,48,3,0
session_1437,user_2683,6/11/2025 7:07,cart,Desktop,USA,Direct,172,3,0
session_1437,user_2683,6/11/2025 7:09,checkout,Desktop,USA,Direct,90,3,0
session_1438,user_1867,3/15/2025 14:50,home,Desktop,USA,Google,165,0,0
session_1438,user_1867,3/15/2025 14:50,product_page,Desktop,USA,Google,26,2,0
session_1439,user_2647,3/6/2025 3:24,home,Mobile,USA,Email,59,0,0
session_1440,user_2626,5/2/2025 19:32,home,Mobile,Canada,Direct,37,0,0
session_1441,user_1057,8/6/2025 14:39,home,Desktop,USA,Google,16,0,0
session_1442,user_1224,4/12/2025 20:04,home,Tablet,USA,Direct,177,0,1
session_1442,user_1224,4/12/2025 20:06,product_page,Tablet,USA,Direct,146,0,1
session_1442,user_1224,4/12/2025 20:08,cart,Tablet,USA,Direct,81,4,1
session_1442,user_1224,4/12/2025 20:08,checkout,Tablet,USA,Direct,15,4,1
session_1442,user_1224,4/12/2025 20:10,confirmation,Tablet,USA,Direct,92,0,1
session_1443,user_1839,5/31/2025 19:17,home,Desktop,Germany,Google,130,0,0
session_1443,user_1839,5/31/2025 19:19,product_page,Desktop,Germany,Google,162,5,0
session_1444,user_1951,1/28/2025 3:40,home,Tablet,UK,Social Media,162,0,0
session_1445,user_1012,3/23/2025 11:07,home,Desktop,UK,Social Media,53,0,0
session_1445,user_1012,3/23/2025 11:09,product_page,Desktop,UK,Social Media,131,0,0
session_1446,user_1267,6/19/2025 15:42,home,Mobile,Germany,Email,157,0,0
session_1446,user_1267,6/19/2025 15:43,product_page,Mobile,Germany,Email,40,5,0
session_1447,user_2582,2/12/2025 20:03,home,Mobile,Germany,Direct,17,0,0
session_1447,user_2582,2/12/2025 20:04,product_page,Mobile,Germany,Direct,75,3,0
session_1447,user_2582,2/12/2025 20:05,cart,Mobile,Germany,Direct,21,3,0
session_1448,user_2437,7/7/2025 17:37,home,Desktop,UK,Social Media,140,0,0
session_1448,user_2437,7/7/2025 17:37,product_page,Desktop,UK,Social Media,26,5,0
session_1449,user_1139,5/19/2025 14:54,home,Tablet,India,Direct,118,0,0
session_1449,user_1139,5/19/2025 14:56,product_page,Tablet,India,Direct,107,4,0
session_1449,user_1139,5/19/2025 14:57,cart,Tablet,India,Direct,31,4,0
session_1449,user_1139,5/19/2025 14:58,checkout,Tablet,India,Direct,76,4,0
session_1450,user_2404,4/22/2025 23:38,home,Tablet,Canada,Google,154,0,1
session_1450,user_2404,4/22/2025 23:39,product_page,Tablet,Canada,Google,44,0,1
session_1450,user_2404,4/22/2025 23:39,cart,Tablet,Canada,Google,17,2,1
session_1450,user_2404,4/22/2025 23:41,checkout,Tablet,Canada,Google,109,2,1
session_1450,user_2404,4/22/2025 23:43,confirmation,Tablet,Canada,Google,108,0,1
session_1451,user_2175,5/31/2025 6:31,home,Mobile,UK,Email,78,0,0
session_1451,user_2175,5/31/2025 6:33,product_page,Mobile,UK,Email,141,0,0
session_1451,user_2175,5/31/2025 6:35,cart,Mobile,UK,Email,106,0,0
session_1452,user_2393,5/30/2025 7:11,home,Tablet,France,Email,175,0,0
session_1452,user_2393,5/30/2025 7:14,product_page,Tablet,France,Email,170,4,0
session_1453,user_2996,5/31/2025 11:45,home,Mobile,France,Email,91,0,0
session_1453,user_2996,5/31/2025 11:47,product_page,Mobile,France,Email,151,2,0
session_1454,user_1191,1/26/2025 2:21,home,Mobile,Canada,Google,93,0,0
session_1454,user_1191,1/26/2025 2:23,product_page,Mobile,Canada,Google,131,0,0
session_1455,user_2250,6/15/2025 14:08,home,Desktop,France,Email,158,0,0
session_1455,user_2250,6/15/2025 14:11,product_page,Desktop,France,Email,180,2,0
session_1455,user_2250,6/15/2025 14:12,cart,Desktop,France,Email,49,2,0
session_1456,user_1696,1/23/2025 2:13,home,Tablet,UK,Google,98,0,0
session_1456,user_1696,1/23/2025 2:15,product_page,Tablet,UK,Google,118,4,0
session_1457,user_1351,7/21/2025 5:13,home,Tablet,Australia,Email,163,0,1
session_1457,user_1351,7/21/2025 5:14,product_page,Tablet,Australia,Email,62,1,1
session_1457,user_1351,7/21/2025 5:16,cart,Tablet,Australia,Email,123,1,1
session_1457,user_1351,7/21/2025 5:17,checkout,Tablet,Australia,Email,51,1,1
session_1457,user_1351,7/21/2025 5:19,confirmation,Tablet,Australia,Email,125,0,1
session_1458,user_2820,7/17/2025 12:42,home,Desktop,France,Email,29,0,0
session_1458,user_2820,7/17/2025 12:44,product_page,Desktop,France,Email,117,0,0
session_1459,user_1826,7/5/2025 17:59,home,Tablet,Germany,Google,67,0,1
session_1459,user_1826,7/5/2025 18:01,product_page,Tablet,Germany,Google,123,0,1
session_1459,user_1826,7/5/2025 18:03,cart,Tablet,Germany,Google,114,2,1
session_1459,user_1826,7/5/2025 18:05,checkout,Tablet,Germany,Google,127,2,1
session_1459,user_1826,7/5/2025 18:08,confirmation,Tablet,Germany,Google,154,0,1
session_1460,user_2312,6/14/2025 19:56,home,Mobile,India,Social Media,166,0,0
session_1460,user_2312,6/14/2025 19:58,product_page,Mobile,India,Social Media,97,0,0
session_1461,user_2924,5/5/2025 19:55,home,Tablet,Canada,Email,99,0,0
session_1462,user_2992,1/14/2025 23:53,home,Tablet,USA,Email,84,0,0
session_1462,user_2992,1/14/2025 23:55,product_page,Tablet,USA,Email,111,0,0
session_1463,user_2281,3/19/2025 9:27,home,Desktop,USA,Google,180,0,1
session_1463,user_2281,3/19/2025 9:30,product_page,Desktop,USA,Google,150,0,1
session_1463,user_2281,3/19/2025 9:31,cart,Desktop,USA,Google,65,3,1
session_1463,user_2281,3/19/2025 9:32,checkout,Desktop,USA,Google,76,3,1
session_1463,user_2281,3/19/2025 9:34,confirmation,Desktop,USA,Google,120,0,1
session_1464,user_2663,6/14/2025 17:26,home,Mobile,France,Social Media,59,0,0
session_1465,user_2036,4/23/2025 0:40,home,Desktop,UK,Google,25,0,0
session_1465,user_2036,4/23/2025 0:42,product_page,Desktop,UK,Google,89,0,0
session_1466,user_2210,1/29/2025 17:56,home,Tablet,Germany,Email,50,0,0
session_1466,user_2210,1/29/2025 17:56,product_page,Tablet,Germany,Email,45,0,0
session_1466,user_2210,1/29/2025 17:59,cart,Tablet,Germany,Email,156,5,0
session_1467,user_1838,6/11/2025 14:22,home,Tablet,UK,Google,152,0,0
session_1467,user_1838,6/11/2025 14:22,product_page,Tablet,UK,Google,21,4,0
session_1468,user_1657,8/10/2025 8:30,home,Tablet,Germany,Email,89,0,0
session_1468,user_1657,8/10/2025 8:33,product_page,Tablet,Germany,Email,165,0,0
session_1468,user_1657,8/10/2025 8:33,cart,Tablet,Germany,Email,26,5,0
session_1469,user_1038,4/18/2025 18:39,home,Desktop,India,Email,119,0,0
session_1469,user_1038,4/18/2025 18:40,product_page,Desktop,India,Email,70,0,0
session_1470,user_1334,4/5/2025 11:15,home,Mobile,USA,Direct,131,0,0
session_1471,user_1074,2/25/2025 5:13,home,Tablet,India,Social Media,138,0,1
session_1471,user_1074,2/25/2025 5:15,product_page,Tablet,India,Social Media,145,0,1
session_1471,user_1074,2/25/2025 5:17,cart,Tablet,India,Social Media,86,0,1
session_1471,user_1074,2/25/2025 5:17,checkout,Tablet,India,Social Media,33,3,1
session_1471,user_1074,2/25/2025 5:19,confirmation,Tablet,India,Social Media,121,0,1
session_1472,user_2765,8/1/2025 17:47,home,Mobile,USA,Social Media,45,0,0
session_1473,user_2705,1/10/2025 6:09,home,Tablet,UK,Google,20,0,1
session_1473,user_2705,1/10/2025 6:11,product_page,Tablet,UK,Google,102,5,1
session_1473,user_2705,1/10/2025 6:11,cart,Tablet,UK,Google,15,5,1
session_1473,user_2705,1/10/2025 6:14,checkout,Tablet,UK,Google,165,5,1
session_1473,user_2705,1/10/2025 6:15,confirmation,Tablet,UK,Google,48,0,1
session_1474,user_1271,2/8/2025 5:43,home,Mobile,UK,Direct,139,0,0
session_1475,user_2675,1/25/2025 21:55,home,Tablet,Germany,Google,91,0,0
session_1476,user_1685,7/9/2025 12:14,home,Tablet,UK,Direct,55,0,1
session_1476,user_1685,7/9/2025 12:16,product_page,Tablet,UK,Direct,102,0,1
session_1476,user_1685,7/9/2025 12:17,cart,Tablet,UK,Direct,29,0,1
session_1476,user_1685,7/9/2025 12:18,checkout,Tablet,UK,Direct,60,2,1
session_1476,user_1685,7/9/2025 12:19,confirmation,Tablet,UK,Direct,65,0,1
session_1477,user_1012,5/2/2025 18:48,home,Desktop,UK,Email,46,0,0
session_1478,user_1919,5/21/2025 9:40,home,Tablet,USA,Direct,83,0,0
session_1478,user_1919,5/21/2025 9:42,product_page,Tablet,USA,Direct,121,0,0
session_1478,user_1919,5/21/2025 9:45,cart,Tablet,USA,Direct,175,0,0
session_1479,user_1406,8/15/2025 3:05,home,Tablet,Canada,Direct,55,0,0
session_1479,user_1406,8/15/2025 3:05,product_page,Tablet,Canada,Direct,25,0,0
session_1480,user_2756,2/16/2025 16:58,home,Desktop,Germany,Google,104,0,0
session_1481,user_1790,7/22/2025 4:36,home,Desktop,India,Email,23,0,0
session_1481,user_1790,7/22/2025 4:37,product_page,Desktop,India,Email,17,0,0
session_1482,user_1273,7/14/2025 20:13,home,Mobile,Germany,Email,47,0,1
session_1482,user_1273,7/14/2025 20:16,product_page,Mobile,Germany,Email,162,3,1
session_1482,user_1273,7/14/2025 20:17,cart,Mobile,Germany,Email,109,3,1
session_1482,user_1273,7/14/2025 20:20,checkout,Mobile,Germany,Email,158,3,1
session_1482,user_1273,7/14/2025 20:21,confirmation,Mobile,Germany,Email,33,0,1
session_1483,user_1611,5/10/2025 4:24,home,Tablet,France,Social Media,169,0,0
session_1483,user_1611,5/10/2025 4:27,product_page,Tablet,France,Social Media,173,2,0
session_1484,user_2590,2/9/2025 17:45,home,Mobile,Germany,Social Media,97,0,0
session_1484,user_2590,2/9/2025 17:46,product_page,Mobile,Germany,Social Media,82,0,0
session_1485,user_1041,6/20/2025 14:15,home,Tablet,Canada,Google,96,0,0
session_1485,user_1041,6/20/2025 14:16,product_page,Tablet,Canada,Google,40,4,0
session_1486,user_1601,5/10/2025 6:31,home,Desktop,Germany,Direct,33,0,1
session_1486,user_1601,5/10/2025 6:34,product_page,Desktop,Germany,Direct,142,5,1
session_1486,user_1601,5/10/2025 6:34,cart,Desktop,Germany,Direct,17,5,1
session_1486,user_1601,5/10/2025 6:35,checkout,Desktop,Germany,Direct,58,5,1
session_1486,user_1601,5/10/2025 6:37,confirmation,Desktop,Germany,Direct,95,0,1
session_1487,user_2309,1/14/2025 11:53,home,Desktop,Australia,Direct,73,0,1
session_1487,user_2309,1/14/2025 11:54,product_page,Desktop,Australia,Direct,37,4,1
session_1487,user_2309,1/14/2025 11:55,cart,Desktop,Australia,Direct,77,4,1
session_1487,user_2309,1/14/2025 11:56,checkout,Desktop,Australia,Direct,57,4,1
session_1487,user_2309,1/14/2025 11:57,confirmation,Desktop,Australia,Direct,69,0,1
session_1488,user_2726,1/12/2025 14:12,home,Mobile,Canada,Social Media,151,0,0
session_1488,user_2726,1/12/2025 14:14,product_page,Mobile,Canada,Social Media,138,5,0
session_1488,user_2726,1/12/2025 14:15,cart,Mobile,Canada,Social Media,41,5,0
session_1489,user_2634,5/31/2025 1:34,home,Desktop,USA,Direct,143,0,0
session_1489,user_2634,5/31/2025 1:35,product_page,Desktop,USA,Direct,63,4,0
session_1490,user_2129,3/11/2025 23:23,home,Tablet,Australia,Google,141,0,0
session_1491,user_2619,6/3/2025 23:29,home,Desktop,France,Social Media,170,0,1
session_1491,user_2619,6/3/2025 23:31,product_page,Desktop,France,Social Media,112,0,1
session_1491,user_2619,6/3/2025 23:33,cart,Desktop,France,Social Media,136,5,1
session_1491,user_2619,6/3/2025 23:33,checkout,Desktop,France,Social Media,26,5,1
session_1491,user_2619,6/3/2025 23:36,confirmation,Desktop,France,Social Media,159,0,1
session_1492,user_2230,4/15/2025 7:36,home,Tablet,USA,Direct,24,0,0
session_1492,user_2230,4/15/2025 7:37,product_page,Tablet,USA,Direct,52,1,0
session_1493,user_1736,8/17/2025 12:12,home,Mobile,USA,Email,75,0,0
session_1494,user_1678,6/12/2025 15:52,home,Mobile,France,Google,135,0,0
session_1494,user_1678,6/12/2025 15:52,product_page,Mobile,France,Google,15,0,0
session_1494,user_1678,6/12/2025 15:53,cart,Mobile,France,Google,46,0,0
session_1495,user_2275,6/1/2025 4:08,home,Desktop,Germany,Social Media,103,0,0
session_1495,user_2275,6/1/2025 4:09,product_page,Desktop,Germany,Social Media,77,0,0
session_1496,user_1107,2/28/2025 9:26,home,Tablet,Australia,Social Media,35,0,0
session_1496,user_1107,2/28/2025 9:29,product_page,Tablet,Australia,Social Media,150,0,0
session_1497,user_2784,6/18/2025 4:16,home,Mobile,UK,Direct,57,0,0
session_1498,user_2473,1/12/2025 14:25,home,Mobile,Canada,Direct,51,0,0
session_1498,user_2473,1/12/2025 14:27,product_page,Mobile,Canada,Direct,76,3,0
session_1498,user_2473,1/12/2025 14:29,cart,Mobile,Canada,Direct,142,3,0
session_1499,user_2221,6/26/2025 17:52,home,Mobile,Canada,Social Media,158,0,0
session_1499,user_2221,6/26/2025 17:54,product_page,Mobile,Canada,Social Media,119,1,0
session_1499,user_2221,6/26/2025 17:56,cart,Mobile,Canada,Social Media,80,1,0
session_1500,user_2784,7/21/2025 5:39,home,Tablet,Australia,Direct,22,0,0
session_1500,user_2784,7/21/2025 5:41,product_page,Tablet,Australia,Direct,124,0,0
session_1501,user_1744,1/8/2025 2:42,home,Tablet,Canada,Google,146,0,0
session_1501,user_1744,1/8/2025 2:42,product_page,Tablet,Canada,Google,15,0,0
session_1502,user_1491,5/6/2025 0:49,home,Mobile,India,Google,122,0,0
session_1502,user_1491,5/6/2025 0:50,product_page,Mobile,India,Google,70,5,0
session_1503,user_2142,2/16/2025 6:05,home,Desktop,UK,Direct,111,0,0
session_1504,user_1158,4/6/2025 11:27,home,Tablet,USA,Social Media,77,0,0
session_1504,user_1158,4/6/2025 11:28,product_page,Tablet,USA,Social Media,40,3,0
session_1505,user_1844,6/20/2025 5:03,home,Desktop,Germany,Google,116,0,0
session_1506,user_1721,5/19/2025 16:18,home,Mobile,UK,Email,76,0,0
session_1507,user_2232,8/27/2025 11:14,home,Mobile,India,Email,120,0,0
session_1507,user_2232,8/27/2025 11:14,product_page,Mobile,India,Email,23,5,0
session_1508,user_2233,5/6/2025 3:19,home,Desktop,Australia,Email,77,0,1
session_1508,user_2233,5/6/2025 3:21,product_page,Desktop,Australia,Email,100,1,1
session_1508,user_2233,5/6/2025 3:21,cart,Desktop,Australia,Email,30,1,1
session_1508,user_2233,5/6/2025 3:22,checkout,Desktop,Australia,Email,23,1,1
session_1508,user_2233,5/6/2025 3:23,confirmation,Desktop,Australia,Email,49,0,1
session_1509,user_2554,6/25/2025 23:27,home,Tablet,UK,Direct,157,0,0
session_1509,user_2554,6/25/2025 23:29,product_page,Tablet,UK,Direct,116,1,0
session_1510,user_1458,5/3/2025 2:23,home,Desktop,USA,Direct,131,0,1
session_1510,user_1458,5/3/2025 2:24,product_page,Desktop,USA,Direct,57,1,1
session_1510,user_1458,5/3/2025 2:24,cart,Desktop,USA,Direct,22,1,1
session_1510,user_1458,5/3/2025 2:26,checkout,Desktop,USA,Direct,113,1,1
session_1510,user_1458,5/3/2025 2:27,confirmation,Desktop,USA,Direct,32,0,1
session_1511,user_1237,8/25/2025 11:03,home,Mobile,Germany,Google,140,0,0
session_1511,user_1237,8/25/2025 11:05,product_page,Mobile,Germany,Google,96,0,0
session_1512,user_1810,7/12/2025 17:57,home,Tablet,India,Google,137,0,0
session_1512,user_1810,7/12/2025 17:59,product_page,Tablet,India,Google,131,0,0
session_1513,user_2850,8/29/2025 4:09,home,Mobile,France,Social Media,41,0,0
session_1513,user_2850,8/29/2025 4:10,product_page,Mobile,France,Social Media,99,0,0
session_1514,user_2130,5/16/2025 13:35,home,Tablet,Germany,Email,123,0,0
session_1514,user_2130,5/16/2025 13:38,product_page,Tablet,Germany,Email,166,0,0
session_1515,user_1110,2/17/2025 11:03,home,Mobile,India,Social Media,83,0,1
session_1515,user_1110,2/17/2025 11:06,product_page,Mobile,India,Social Media,146,3,1
session_1515,user_1110,2/17/2025 11:08,cart,Mobile,India,Social Media,123,3,1
session_1515,user_1110,2/17/2025 11:10,checkout,Mobile,India,Social Media,121,3,1
session_1515,user_1110,2/17/2025 11:11,confirmation,Mobile,India,Social Media,63,0,1
session_1516,user_2767,8/10/2025 23:34,home,Tablet,Australia,Google,84,0,1
session_1516,user_2767,8/10/2025 23:35,product_page,Tablet,Australia,Google,63,0,1
session_1516,user_2767,8/10/2025 23:36,cart,Tablet,Australia,Google,89,0,1
session_1516,user_2767,8/10/2025 23:37,checkout,Tablet,Australia,Google,32,3,1
session_1516,user_2767,8/10/2025 23:39,confirmation,Tablet,Australia,Google,116,0,1
session_1517,user_1393,8/14/2025 8:12,home,Mobile,Canada,Email,49,0,0
session_1517,user_1393,8/14/2025 8:13,product_page,Mobile,Canada,Email,63,0,0
session_1517,user_1393,8/14/2025 8:16,cart,Mobile,Canada,Email,161,0,0
session_1518,user_2000,6/3/2025 4:23,home,Mobile,India,Direct,120,0,0
session_1518,user_2000,6/3/2025 4:24,product_page,Mobile,India,Direct,42,0,0
session_1518,user_2000,6/3/2025 4:25,cart,Mobile,India,Direct,93,2,0
session_1519,user_1246,7/1/2025 14:58,home,Mobile,France,Social Media,120,0,0
session_1519,user_1246,7/1/2025 14:59,product_page,Mobile,France,Social Media,35,4,0
session_1520,user_1235,5/6/2025 12:46,home,Mobile,Germany,Direct,40,0,0
session_1520,user_1235,5/6/2025 12:48,product_page,Mobile,Germany,Direct,101,5,0
session_1520,user_1235,5/6/2025 12:50,cart,Mobile,Germany,Direct,153,5,0
session_1521,user_1330,2/17/2025 16:38,home,Mobile,Canada,Direct,136,0,0
session_1521,user_1330,2/17/2025 16:38,product_page,Mobile,Canada,Direct,17,3,0
session_1522,user_2787,6/14/2025 22:06,home,Mobile,USA,Google,35,0,0
session_1522,user_2787,6/14/2025 22:08,product_page,Mobile,USA,Google,108,3,0
session_1523,user_2429,1/5/2025 12:05,home,Tablet,USA,Social Media,179,0,0
session_1523,user_2429,1/5/2025 12:06,product_page,Tablet,USA,Social Media,96,2,0
session_1524,user_1991,4/15/2025 4:40,home,Mobile,Canada,Google,80,0,1
session_1524,user_1991,4/15/2025 4:42,product_page,Mobile,Canada,Google,107,2,1
session_1524,user_1991,4/15/2025 4:44,cart,Mobile,Canada,Google,125,2,1
session_1524,user_1991,4/15/2025 4:47,checkout,Mobile,Canada,Google,160,2,1
session_1524,user_1991,4/15/2025 4:49,confirmation,Mobile,Canada,Google,157,0,1
session_1525,user_1473,8/9/2025 15:14,home,Mobile,Canada,Google,33,0,0
session_1525,user_1473,8/9/2025 15:14,product_page,Mobile,Canada,Google,24,0,0
session_1526,user_1452,5/12/2025 10:30,home,Desktop,India,Google,174,0,0
session_1526,user_1452,5/12/2025 10:31,product_page,Desktop,India,Google,96,0,0
session_1527,user_2471,6/28/2025 1:21,home,Desktop,Canada,Email,94,0,0
session_1527,user_2471,6/28/2025 1:21,product_page,Desktop,Canada,Email,23,0,0
session_1528,user_1663,1/31/2025 22:02,home,Mobile,USA,Social Media,66,0,0
session_1528,user_1663,1/31/2025 22:03,product_page,Mobile,USA,Social Media,59,3,0
session_1529,user_2549,6/25/2025 9:09,home,Tablet,Australia,Google,84,0,0
session_1530,user_2139,5/10/2025 12:46,home,Tablet,UK,Direct,133,0,0
session_1530,user_2139,5/10/2025 12:49,product_page,Tablet,UK,Direct,161,0,0
session_1531,user_2222,4/27/2025 17:59,home,Mobile,France,Email,152,0,0
session_1531,user_2222,4/27/2025 18:00,product_page,Mobile,France,Email,57,0,0
session_1532,user_2071,3/5/2025 23:41,home,Tablet,Australia,Social Media,175,0,0
session_1532,user_2071,3/5/2025 23:42,product_page,Tablet,Australia,Social Media,58,1,0
session_1533,user_1360,4/25/2025 22:13,home,Tablet,Australia,Social Media,49,0,0
session_1534,user_1829,6/26/2025 17:14,home,Mobile,UK,Social Media,82,0,0
session_1534,user_1829,6/26/2025 17:17,product_page,Mobile,UK,Social Media,172,5,0
session_1535,user_1692,8/3/2025 8:51,home,Mobile,USA,Social Media,125,0,1
session_1535,user_1692,8/3/2025 8:54,product_page,Mobile,USA,Social Media,156,0,1
session_1535,user_1692,8/3/2025 8:57,cart,Mobile,USA,Social Media,153,5,1
session_1535,user_1692,8/3/2025 9:00,checkout,Mobile,USA,Social Media,173,5,1
session_1535,user_1692,8/3/2025 9:02,confirmation,Mobile,USA,Social Media,170,0,1
session_1536,user_2078,1/23/2025 17:07,home,Tablet,France,Social Media,147,0,0
session_1536,user_2078,1/23/2025 17:09,product_page,Tablet,France,Social Media,154,0,0
session_1537,user_1920,2/15/2025 19:43,home,Tablet,UK,Direct,93,0,0
session_1538,user_1749,2/6/2025 18:26,home,Mobile,USA,Direct,90,0,0
session_1539,user_2191,5/2/2025 4:47,home,Tablet,Australia,Direct,99,0,0
session_1540,user_2609,6/2/2025 5:50,home,Tablet,UK,Direct,123,0,0
session_1540,user_2609,6/2/2025 5:51,product_page,Tablet,UK,Direct,109,0,0
session_1541,user_1275,4/21/2025 18:03,home,Desktop,France,Email,116,0,0
session_1541,user_1275,4/21/2025 18:04,product_page,Desktop,France,Email,83,5,0
session_1542,user_2166,4/20/2025 9:43,home,Tablet,Canada,Email,135,0,0
session_1542,user_2166,4/20/2025 9:44,product_page,Tablet,Canada,Email,108,0,0
session_1543,user_1908,1/18/2025 14:55,home,Tablet,Canada,Direct,160,0,0
session_1544,user_1289,6/20/2025 20:59,home,Mobile,Germany,Social Media,174,0,0
session_1544,user_1289,6/20/2025 21:02,product_page,Mobile,Germany,Social Media,159,0,0
session_1544,user_1289,6/20/2025 21:03,cart,Mobile,Germany,Social Media,41,0,0
session_1545,user_1884,5/19/2025 7:45,home,Tablet,UK,Google,112,0,0
session_1545,user_1884,5/19/2025 7:46,product_page,Tablet,UK,Google,99,0,0
session_1546,user_1946,4/13/2025 20:45,home,Mobile,Australia,Social Media,55,0,0
session_1546,user_1946,4/13/2025 20:47,product_page,Mobile,Australia,Social Media,76,0,0
session_1547,user_1093,8/27/2025 13:57,home,Mobile,Germany,Email,177,0,1
session_1547,user_1093,8/27/2025 13:58,product_page,Mobile,Germany,Email,32,3,1
session_1547,user_1093,8/27/2025 13:59,cart,Mobile,Germany,Email,73,3,1
session_1547,user_1093,8/27/2025 14:02,checkout,Mobile,Germany,Email,142,3,1
session_1547,user_1093,8/27/2025 14:05,confirmation,Mobile,Germany,Email,177,0,1
session_1548,user_1848,8/17/2025 23:53,home,Mobile,Australia,Google,70,0,0
session_1549,user_1182,4/21/2025 21:13,home,Desktop,India,Social Media,29,0,0
session_1549,user_1182,4/21/2025 21:14,product_page,Desktop,India,Social Media,19,0,0
session_1549,user_1182,4/21/2025 21:16,cart,Desktop,India,Social Media,121,4,0
session_1550,user_1009,7/25/2025 4:21,home,Mobile,India,Social Media,175,0,0
session_1550,user_1009,7/25/2025 4:23,product_page,Mobile,India,Social Media,122,0,0
session_1551,user_1186,5/1/2025 9:11,home,Desktop,USA,Google,83,0,0
session_1552,user_2990,1/15/2025 6:43,home,Tablet,Germany,Google,131,0,0
session_1552,user_2990,1/15/2025 6:45,product_page,Tablet,Germany,Google,98,0,0
session_1552,user_2990,1/15/2025 6:46,cart,Tablet,Germany,Google,72,4,0
session_1552,user_2990,1/15/2025 6:47,checkout,Tablet,Germany,Google,36,4,0
session_1553,user_1129,2/4/2025 10:04,home,Mobile,India,Direct,84,0,1
session_1553,user_1129,2/4/2025 10:05,product_page,Mobile,India,Direct,31,3,1
session_1553,user_1129,2/4/2025 10:07,cart,Mobile,India,Direct,148,3,1
session_1553,user_1129,2/4/2025 10:09,checkout,Mobile,India,Direct,115,3,1
session_1553,user_1129,2/4/2025 10:10,confirmation,Mobile,India,Direct,39,0,1
session_1554,user_1669,5/27/2025 17:43,home,Tablet,UK,Google,38,0,0
session_1554,user_1669,5/27/2025 17:45,product_page,Tablet,UK,Google,147,5,0
session_1554,user_1669,5/27/2025 17:48,cart,Tablet,UK,Google,134,5,0
session_1555,user_2322,7/21/2025 10:22,home,Mobile,Canada,Direct,101,0,0
session_1555,user_2322,7/21/2025 10:22,product_page,Mobile,Canada,Direct,44,0,0
session_1556,user_1673,7/28/2025 14:20,home,Desktop,Canada,Email,106,0,0
session_1557,user_1135,1/29/2025 13:55,home,Tablet,France,Google,118,0,0
session_1557,user_1135,1/29/2025 13:56,product_page,Tablet,France,Google,41,0,0
session_1558,user_2367,4/13/2025 5:00,home,Mobile,France,Email,131,0,0
session_1558,user_2367,4/13/2025 5:01,product_page,Mobile,France,Email,64,1,0
session_1558,user_2367,4/13/2025 5:01,cart,Mobile,France,Email,20,1,0
session_1559,user_1047,3/27/2025 6:46,home,Mobile,UK,Google,52,0,0
session_1559,user_1047,3/27/2025 6:48,product_page,Mobile,UK,Google,119,3,0
session_1559,user_1047,3/27/2025 6:49,cart,Mobile,UK,Google,67,3,0
session_1560,user_2871,1/6/2025 16:18,home,Tablet,France,Email,43,0,0
session_1560,user_2871,1/6/2025 16:20,product_page,Tablet,France,Email,129,5,0
session_1560,user_2871,1/6/2025 16:21,cart,Tablet,France,Email,85,5,0
session_1561,user_2012,8/23/2025 14:18,home,Tablet,India,Social Media,66,0,0
session_1561,user_2012,8/23/2025 14:20,product_page,Tablet,India,Social Media,115,3,0
session_1561,user_2012,8/23/2025 14:22,cart,Tablet,India,Social Media,126,3,0
session_1562,user_1801,5/11/2025 3:37,home,Desktop,France,Direct,46,0,0
session_1563,user_2766,3/25/2025 1:57,home,Mobile,UK,Google,90,0,1
session_1563,user_2766,3/25/2025 1:59,product_page,Mobile,UK,Google,160,4,1
session_1563,user_2766,3/25/2025 2:02,cart,Mobile,UK,Google,156,4,1
session_1563,user_2766,3/25/2025 2:03,checkout,Mobile,UK,Google,50,4,1
session_1563,user_2766,3/25/2025 2:03,confirmation,Mobile,UK,Google,39,0,1
session_1564,user_2412,1/7/2025 16:11,home,Desktop,Australia,Google,161,0,1
session_1564,user_2412,1/7/2025 16:12,product_page,Desktop,Australia,Google,50,5,1
session_1564,user_2412,1/7/2025 16:15,cart,Desktop,Australia,Google,146,5,1
session_1564,user_2412,1/7/2025 16:16,checkout,Desktop,Australia,Google,103,5,1
session_1564,user_2412,1/7/2025 16:18,confirmation,Desktop,Australia,Google,121,0,1
session_1565,user_2658,4/17/2025 0:29,home,Tablet,France,Social Media,165,0,0
session_1566,user_1774,6/16/2025 22:29,home,Mobile,India,Google,175,0,1
session_1566,user_1774,6/16/2025 22:31,product_page,Mobile,India,Google,112,0,1
session_1566,user_1774,6/16/2025 22:32,cart,Mobile,India,Google,71,5,1
session_1566,user_1774,6/16/2025 22:33,checkout,Mobile,India,Google,37,5,1
session_1566,user_1774,6/16/2025 22:34,confirmation,Mobile,India,Google,83,0,1
session_1567,user_1030,4/3/2025 15:57,home,Desktop,Australia,Social Media,42,0,0
session_1567,user_1030,4/3/2025 15:59,product_page,Desktop,Australia,Social Media,146,0,0
session_1568,user_2172,8/12/2025 12:57,home,Desktop,Australia,Direct,132,0,0
session_1568,user_2172,8/12/2025 12:57,product_page,Desktop,Australia,Direct,35,0,0
session_1569,user_2202,6/10/2025 10:33,home,Tablet,India,Email,162,0,1
session_1569,user_2202,6/10/2025 10:35,product_page,Tablet,India,Email,120,4,1
session_1569,user_2202,6/10/2025 10:38,cart,Tablet,India,Email,145,4,1
session_1569,user_2202,6/10/2025 10:40,checkout,Tablet,India,Email,123,4,1
session_1569,user_2202,6/10/2025 10:41,confirmation,Tablet,India,Email,85,0,1
session_1570,user_1718,3/20/2025 19:38,home,Desktop,France,Direct,121,0,0
session_1571,user_1470,6/24/2025 23:16,home,Mobile,France,Social Media,162,0,0
session_1571,user_1470,6/24/2025 23:16,product_page,Mobile,France,Social Media,28,0,0
session_1572,user_1748,3/29/2025 22:03,home,Tablet,Germany,Google,180,0,1
session_1572,user_1748,3/29/2025 22:04,product_page,Tablet,Germany,Google,106,0,1
session_1572,user_1748,3/29/2025 22:07,cart,Tablet,Germany,Google,136,1,1
session_1572,user_1748,3/29/2025 22:08,checkout,Tablet,Germany,Google,98,1,1
session_1572,user_1748,3/29/2025 22:10,confirmation,Tablet,Germany,Google,78,0,1
session_1573,user_2835,6/9/2025 6:17,home,Mobile,UK,Email,31,0,1
session_1573,user_2835,6/9/2025 6:19,product_page,Mobile,UK,Email,117,5,1
session_1573,user_2835,6/9/2025 6:20,cart,Mobile,UK,Email,85,5,1
session_1573,user_2835,6/9/2025 6:23,checkout,Mobile,UK,Email,148,5,1
session_1573,user_2835,6/9/2025 6:25,confirmation,Mobile,UK,Email,119,0,1
session_1574,user_2792,6/17/2025 9:29,home,Mobile,USA,Google,97,0,0
session_1574,user_2792,6/17/2025 9:31,product_page,Mobile,USA,Google,66,5,0
session_1575,user_2330,2/22/2025 21:59,home,Mobile,France,Social Media,121,0,0
session_1576,user_1420,6/24/2025 0:17,home,Tablet,Germany,Social Media,63,0,1
session_1576,user_1420,6/24/2025 0:17,product_page,Tablet,Germany,Social Media,16,4,1
session_1576,user_1420,6/24/2025 0:18,cart,Tablet,Germany,Social Media,44,4,1
session_1576,user_1420,6/24/2025 0:21,checkout,Tablet,Germany,Social Media,167,4,1
session_1576,user_1420,6/24/2025 0:22,confirmation,Tablet,Germany,Social Media,83,0,1
session_1577,user_2042,4/15/2025 8:18,home,Mobile,Germany,Email,65,0,0
session_1577,user_2042,4/15/2025 8:20,product_page,Mobile,Germany,Email,80,0,0
session_1577,user_2042,4/15/2025 8:22,cart,Mobile,Germany,Email,162,0,0
session_1577,user_2042,4/15/2025 8:24,checkout,Mobile,Germany,Email,89,3,0
session_1578,user_1923,1/6/2025 1:41,home,Mobile,Canada,Google,152,0,0
session_1579,user_2011,6/10/2025 21:25,home,Tablet,UK,Email,150,0,0
session_1579,user_2011,6/10/2025 21:27,product_page,Tablet,UK,Email,139,4,0
session_1580,user_1435,2/22/2025 5:38,home,Desktop,Germany,Email,117,0,0
session_1580,user_1435,2/22/2025 5:41,product_page,Desktop,Germany,Email,169,0,0
session_1581,user_2053,6/4/2025 9:28,home,Desktop,USA,Direct,118,0,0
session_1581,user_2053,6/4/2025 9:29,product_page,Desktop,USA,Direct,22,2,0
session_1582,user_2232,4/2/2025 10:03,home,Desktop,Germany,Email,104,0,0
session_1583,user_1638,5/16/2025 7:35,home,Mobile,India,Google,50,0,0
session_1584,user_2622,2/13/2025 4:15,home,Tablet,USA,Direct,99,0,1
session_1584,user_2622,2/13/2025 4:16,product_page,Tablet,USA,Direct,74,0,1
session_1584,user_2622,2/13/2025 4:18,cart,Tablet,USA,Direct,88,5,1
session_1584,user_2622,2/13/2025 4:19,checkout,Tablet,USA,Direct,52,5,1
session_1584,user_2622,2/13/2025 4:20,confirmation,Tablet,USA,Direct,102,0,1
session_1585,user_2615,8/15/2025 21:21,home,Tablet,Australia,Email,17,0,0
session_1586,user_2949,8/20/2025 4:38,home,Desktop,USA,Google,78,0,0
session_1587,user_2262,2/7/2025 7:47,home,Desktop,India,Email,127,0,0
session_1587,user_2262,2/7/2025 7:48,product_page,Desktop,India,Email,47,2,0
session_1588,user_1790,4/27/2025 23:09,home,Tablet,Canada,Email,179,0,0
session_1588,user_1790,4/27/2025 23:12,product_page,Tablet,Canada,Email,139,0,0
session_1589,user_2763,7/2/2025 4:40,home,Mobile,USA,Email,141,0,0
session_1589,user_2763,7/2/2025 4:42,product_page,Mobile,USA,Email,79,1,0
session_1590,user_2180,4/21/2025 9:27,home,Desktop,Canada,Google,165,0,0
session_1591,user_1199,1/1/2025 14:01,home,Mobile,Australia,Google,63,0,0
session_1592,user_1845,7/1/2025 0:20,home,Mobile,Germany,Email,19,0,1
session_1592,user_1845,7/1/2025 0:21,product_page,Mobile,Germany,Email,81,0,1
session_1592,user_1845,7/1/2025 0:21,cart,Mobile,Germany,Email,20,2,1
session_1592,user_1845,7/1/2025 0:22,checkout,Mobile,Germany,Email,25,2,1
session_1592,user_1845,7/1/2025 0:24,confirmation,Mobile,Germany,Email,142,0,1
session_1593,user_2362,4/8/2025 20:43,home,Tablet,UK,Email,63,0,1
session_1593,user_2362,4/8/2025 20:44,product_page,Tablet,UK,Email,54,3,1
session_1593,user_2362,4/8/2025 20:47,cart,Tablet,UK,Email,168,3,1
session_1593,user_2362,4/8/2025 20:48,checkout,Tablet,UK,Email,67,3,1
session_1593,user_2362,4/8/2025 20:50,confirmation,Tablet,UK,Email,110,0,1
session_1594,user_1884,7/8/2025 2:34,home,Tablet,UK,Email,148,0,0
session_1594,user_1884,7/8/2025 2:36,product_page,Tablet,UK,Email,141,0,0
session_1595,user_2668,4/23/2025 12:13,home,Desktop,France,Direct,161,0,1
session_1595,user_2668,4/23/2025 12:15,product_page,Desktop,France,Direct,146,5,1
session_1595,user_2668,4/23/2025 12:17,cart,Desktop,France,Direct,132,5,1
session_1595,user_2668,4/23/2025 12:19,checkout,Desktop,France,Direct,127,5,1
session_1595,user_2668,4/23/2025 12:21,confirmation,Desktop,France,Direct,127,0,1
session_1596,user_1757,7/16/2025 12:19,home,Mobile,France,Google,83,0,0
session_1596,user_1757,7/16/2025 12:22,product_page,Mobile,France,Google,144,2,0
session_1597,user_2981,6/13/2025 23:56,home,Desktop,France,Email,178,0,0
session_1597,user_2981,6/13/2025 23:58,product_page,Desktop,France,Email,82,1,0
session_1597,user_2981,6/13/2025 23:58,cart,Desktop,France,Email,24,1,0
session_1597,user_2981,6/14/2025 0:00,checkout,Desktop,France,Email,108,1,0
session_1598,user_2192,3/19/2025 1:40,home,Mobile,India,Direct,22,0,1
session_1598,user_2192,3/19/2025 1:42,product_page,Mobile,India,Direct,122,0,1
session_1598,user_2192,3/19/2025 1:44,cart,Mobile,India,Direct,134,4,1
session_1598,user_2192,3/19/2025 1:46,checkout,Mobile,India,Direct,86,4,1
session_1598,user_2192,3/19/2025 1:48,confirmation,Mobile,India,Direct,135,0,1
session_1599,user_1182,6/29/2025 15:35,home,Desktop,Australia,Email,159,0,0
session_1600,user_1834,1/20/2025 21:42,home,Desktop,Canada,Social Media,16,0,0
session_1600,user_1834,1/20/2025 21:45,product_page,Desktop,Canada,Social Media,171,3,0
session_1601,user_2291,8/5/2025 10:06,home,Tablet,India,Direct,125,0,0
session_1601,user_2291,8/5/2025 10:07,product_page,Tablet,India,Direct,24,3,0
session_1602,user_1291,1/10/2025 21:25,home,Desktop,India,Google,132,0,0
session_1602,user_1291,1/10/2025 21:27,product_page,Desktop,India,Google,154,0,0
session_1603,user_2934,1/20/2025 18:42,home,Desktop,USA,Social Media,160,0,1
session_1603,user_2934,1/20/2025 18:42,product_page,Desktop,USA,Social Media,17,2,1
session_1603,user_2934,1/20/2025 18:43,cart,Desktop,USA,Social Media,49,2,1
session_1603,user_2934,1/20/2025 18:44,checkout,Desktop,USA,Social Media,75,2,1
session_1603,user_2934,1/20/2025 18:44,confirmation,Desktop,USA,Social Media,17,0,1
session_1604,user_2118,6/15/2025 15:32,home,Desktop,Germany,Direct,95,0,0
session_1604,user_2118,6/15/2025 15:33,product_page,Desktop,Germany,Direct,84,4,0
session_1605,user_1315,6/16/2025 13:37,home,Desktop,India,Google,24,0,1
session_1605,user_1315,6/16/2025 13:39,product_page,Desktop,India,Google,102,5,1
session_1605,user_1315,6/16/2025 13:42,cart,Desktop,India,Google,172,5,1
session_1605,user_1315,6/16/2025 13:43,checkout,Desktop,India,Google,88,5,1
session_1605,user_1315,6/16/2025 13:46,confirmation,Desktop,India,Google,145,0,1
session_1606,user_1740,5/24/2025 17:54,home,Tablet,USA,Social Media,82,0,0
session_1606,user_1740,5/24/2025 17:56,product_page,Tablet,USA,Social Media,124,3,0
session_1607,user_1229,2/12/2025 1:44,home,Tablet,UK,Email,18,0,0
session_1608,user_1936,7/23/2025 15:54,home,Desktop,India,Social Media,57,0,0
session_1609,user_2658,3/27/2025 8:38,home,Mobile,USA,Social Media,135,0,0
session_1609,user_2658,3/27/2025 8:41,product_page,Mobile,USA,Social Media,170,1,0
session_1610,user_2315,4/9/2025 2:37,home,Desktop,India,Email,82,0,0
session_1610,user_2315,4/9/2025 2:39,product_page,Desktop,India,Email,104,0,0
session_1610,user_2315,4/9/2025 2:41,cart,Desktop,India,Email,112,0,0
session_1611,user_2731,4/26/2025 3:48,home,Mobile,Australia,Direct,22,0,1
session_1611,user_2731,4/26/2025 3:50,product_page,Mobile,Australia,Direct,75,3,1
session_1611,user_2731,4/26/2025 3:52,cart,Mobile,Australia,Direct,161,3,1
session_1611,user_2731,4/26/2025 3:52,checkout,Mobile,Australia,Direct,15,3,1
session_1611,user_2731,4/26/2025 3:54,confirmation,Mobile,Australia,Direct,101,0,1
session_1612,user_1410,3/21/2025 17:45,home,Mobile,UK,Social Media,117,0,0
session_1612,user_1410,3/21/2025 17:48,product_page,Mobile,UK,Social Media,156,0,0
session_1613,user_1727,2/25/2025 14:20,home,Desktop,UK,Google,19,0,0
session_1613,user_1727,2/25/2025 14:21,product_page,Desktop,UK,Google,45,0,0
session_1614,user_2099,7/10/2025 5:48,home,Mobile,Australia,Email,60,0,0
session_1614,user_2099,7/10/2025 5:49,product_page,Mobile,Australia,Email,88,2,0
session_1615,user_1041,1/22/2025 17:11,home,Desktop,France,Direct,16,0,0
session_1615,user_1041,1/22/2025 17:13,product_page,Desktop,France,Direct,121,5,0
session_1616,user_2931,7/16/2025 8:33,home,Desktop,UK,Google,39,0,1
session_1616,user_2931,7/16/2025 8:36,product_page,Desktop,UK,Google,167,0,1
session_1616,user_2931,7/16/2025 8:37,cart,Desktop,UK,Google,52,1,1
session_1616,user_2931,7/16/2025 8:38,checkout,Desktop,UK,Google,50,1,1
session_1616,user_2931,7/16/2025 8:40,confirmation,Desktop,UK,Google,140,0,1
session_1617,user_2030,4/6/2025 15:18,home,Desktop,France,Direct,17,0,0
session_1618,user_1787,4/18/2025 4:15,home,Tablet,Germany,Direct,69,0,1
session_1618,user_1787,4/18/2025 4:17,product_page,Tablet,Germany,Direct,94,3,1
session_1618,user_1787,4/18/2025 4:19,cart,Tablet,Germany,Direct,142,3,1
session_1618,user_1787,4/18/2025 4:20,checkout,Tablet,Germany,Direct,68,3,1
session_1618,user_1787,4/18/2025 4:21,confirmation,Tablet,Germany,Direct,25,0,1
session_1619,user_2476,2/25/2025 17:05,home,Desktop,UK,Email,35,0,0
session_1619,user_2476,2/25/2025 17:07,product_page,Desktop,UK,Email,105,0,0
session_1620,user_2120,7/12/2025 0:28,home,Mobile,UK,Google,81,0,0
session_1620,user_2120,7/12/2025 0:30,product_page,Mobile,UK,Google,112,0,0
session_1621,user_1581,3/19/2025 22:05,home,Desktop,India,Direct,70,0,1
session_1621,user_1581,3/19/2025 22:05,product_page,Desktop,India,Direct,36,5,1
session_1621,user_1581,3/19/2025 22:06,cart,Desktop,India,Direct,32,5,1
session_1621,user_1581,3/19/2025 22:08,checkout,Desktop,India,Direct,101,5,1
session_1621,user_1581,3/19/2025 22:08,confirmation,Desktop,India,Direct,44,0,1
session_1622,user_2036,8/14/2025 21:58,home,Mobile,Canada,Email,118,0,0
session_1622,user_2036,8/14/2025 21:58,product_page,Mobile,Canada,Email,21,0,0
session_1623,user_2771,2/26/2025 17:38,home,Desktop,France,Social Media,115,0,0
session_1623,user_2771,2/26/2025 17:41,product_page,Desktop,France,Social Media,161,5,0
session_1624,user_2128,4/18/2025 13:06,home,Desktop,UK,Email,154,0,1
session_1624,user_2128,4/18/2025 13:08,product_page,Desktop,UK,Email,105,1,1
session_1624,user_2128,4/18/2025 13:10,cart,Desktop,UK,Email,90,1,1
session_1624,user_2128,4/18/2025 13:11,checkout,Desktop,UK,Email,105,1,1
session_1624,user_2128,4/18/2025 13:14,confirmation,Desktop,UK,Email,153,0,1
session_1625,user_1955,8/21/2025 20:20,home,Desktop,India,Google,68,0,0
session_1626,user_2526,8/15/2025 11:50,home,Mobile,Canada,Email,151,0,0
session_1626,user_2526,8/15/2025 11:53,product_page,Mobile,Canada,Email,166,1,0
session_1627,user_1306,5/12/2025 4:48,home,Desktop,UK,Google,74,0,0
session_1627,user_1306,5/12/2025 4:49,product_page,Desktop,UK,Google,48,0,0
session_1628,user_1715,4/7/2025 2:28,home,Desktop,Canada,Direct,138,0,0
session_1628,user_1715,4/7/2025 2:31,product_page,Desktop,Canada,Direct,148,5,0
session_1629,user_2698,1/9/2025 6:22,home,Mobile,Germany,Email,56,0,0
session_1629,user_2698,1/9/2025 6:23,product_page,Mobile,Germany,Email,97,4,0
session_1630,user_1593,4/12/2025 16:02,home,Desktop,Canada,Direct,24,0,1
session_1630,user_1593,4/12/2025 16:04,product_page,Desktop,Canada,Direct,77,3,1
session_1630,user_1593,4/12/2025 16:04,cart,Desktop,Canada,Direct,37,3,1
session_1630,user_1593,4/12/2025 16:05,checkout,Desktop,Canada,Direct,41,3,1
session_1630,user_1593,4/12/2025 16:07,confirmation,Desktop,Canada,Direct,128,0,1
session_1631,user_2993,7/8/2025 4:36,home,Mobile,Australia,Email,22,0,0
session_1631,user_2993,7/8/2025 4:38,product_page,Mobile,Australia,Email,147,5,0
session_1632,user_2738,7/20/2025 12:15,home,Tablet,UK,Email,112,0,0
session_1632,user_2738,7/20/2025 12:16,product_page,Tablet,UK,Email,59,2,0
session_1632,user_2738,7/20/2025 12:17,cart,Tablet,UK,Email,58,2,0
session_1633,user_1009,8/9/2025 23:49,home,Desktop,France,Email,94,0,0
session_1633,user_1009,8/9/2025 23:52,product_page,Desktop,France,Email,148,0,0
session_1634,user_2104,1/6/2025 12:56,home,Mobile,Germany,Email,132,0,0
session_1635,user_1224,6/6/2025 8:56,home,Tablet,Australia,Email,68,0,0
session_1635,user_1224,6/6/2025 8:57,product_page,Tablet,Australia,Email,22,3,0
session_1635,user_1224,6/6/2025 8:58,cart,Tablet,Australia,Email,46,3,0
session_1636,user_2251,3/7/2025 6:08,home,Desktop,USA,Email,130,0,1
session_1636,user_2251,3/7/2025 6:09,product_page,Desktop,USA,Email,74,0,1
session_1636,user_2251,3/7/2025 6:12,cart,Desktop,USA,Email,137,4,1
session_1636,user_2251,3/7/2025 6:13,checkout,Desktop,USA,Email,106,4,1
session_1636,user_2251,3/7/2025 6:14,confirmation,Desktop,USA,Email,19,0,1
session_1637,user_2650,7/8/2025 2:44,home,Tablet,Australia,Social Media,48,0,0
session_1637,user_2650,7/8/2025 2:45,product_page,Tablet,Australia,Social Media,73,0,0
session_1638,user_2883,1/16/2025 22:33,home,Desktop,Canada,Direct,166,0,0
session_1638,user_2883,1/16/2025 22:35,product_page,Desktop,Canada,Direct,124,0,0
session_1639,user_2081,3/9/2025 15:45,home,Desktop,UK,Google,17,0,1
session_1639,user_2081,3/9/2025 15:47,product_page,Desktop,UK,Google,119,4,1
session_1639,user_2081,3/9/2025 15:48,cart,Desktop,UK,Google,58,4,1
session_1639,user_2081,3/9/2025 15:49,checkout,Desktop,UK,Google,49,4,1
session_1639,user_2081,3/9/2025 15:50,confirmation,Desktop,UK,Google,83,0,1
session_1640,user_1422,4/20/2025 3:17,home,Desktop,India,Direct,107,0,1
session_1640,user_1422,4/20/2025 3:18,product_page,Desktop,India,Direct,42,3,1
session_1640,user_1422,4/20/2025 3:21,cart,Desktop,India,Direct,162,3,1
session_1640,user_1422,4/20/2025 3:23,checkout,Desktop,India,Direct,114,3,1
session_1640,user_1422,4/20/2025 3:24,confirmation,Desktop,India,Direct,106,0,1
session_1641,user_1561,3/31/2025 4:15,home,Desktop,UK,Social Media,155,0,0
session_1641,user_1561,3/31/2025 4:16,product_page,Desktop,UK,Social Media,89,0,0
session_1642,user_2001,7/11/2025 22:33,home,Tablet,France,Email,102,0,0
session_1642,user_2001,7/11/2025 22:35,product_page,Tablet,France,Email,101,0,0
session_1643,user_2789,3/22/2025 1:37,home,Mobile,UK,Direct,141,0,0
session_1643,user_2789,3/22/2025 1:38,product_page,Mobile,UK,Direct,51,0,0
session_1644,user_1831,6/5/2025 3:49,home,Tablet,Australia,Social Media,114,0,0
session_1644,user_1831,6/5/2025 3:51,product_page,Tablet,Australia,Social Media,108,3,0
session_1645,user_2302,2/2/2025 17:35,home,Desktop,France,Email,125,0,1
session_1645,user_2302,2/2/2025 17:37,product_page,Desktop,France,Email,104,0,1
session_1645,user_2302,2/2/2025 17:39,cart,Desktop,France,Email,104,0,1
session_1645,user_2302,2/2/2025 17:40,checkout,Desktop,France,Email,51,1,1
session_1645,user_2302,2/2/2025 17:42,confirmation,Desktop,France,Email,148,0,1
session_1646,user_1023,5/19/2025 18:38,home,Tablet,USA,Email,31,0,0
session_1647,user_1512,1/21/2025 15:50,home,Mobile,Canada,Google,31,0,0
session_1647,user_1512,1/21/2025 15:52,product_page,Mobile,Canada,Google,127,2,0
session_1648,user_1135,1/9/2025 22:21,home,Desktop,France,Direct,91,0,0
session_1648,user_1135,1/9/2025 22:23,product_page,Desktop,France,Direct,148,3,0
session_1649,user_2689,3/16/2025 0:33,home,Desktop,France,Direct,105,0,0
session_1649,user_2689,3/16/2025 0:36,product_page,Desktop,France,Direct,170,1,0
session_1650,user_1447,8/19/2025 10:18,home,Mobile,India,Direct,80,0,0
session_1650,user_1447,8/19/2025 10:20,product_page,Mobile,India,Direct,168,3,0
session_1650,user_1447,8/19/2025 10:21,cart,Mobile,India,Direct,45,3,0
session_1651,user_1394,1/2/2025 15:53,home,Tablet,India,Google,176,0,0
session_1651,user_1394,1/2/2025 15:55,product_page,Tablet,India,Google,116,0,0
session_1652,user_1394,3/15/2025 16:20,home,Tablet,France,Direct,99,0,1
session_1652,user_1394,3/15/2025 16:21,product_page,Tablet,France,Direct,21,0,1
session_1652,user_1394,3/15/2025 16:22,cart,Tablet,France,Direct,77,2,1
session_1652,user_1394,3/15/2025 16:23,checkout,Tablet,France,Direct,98,2,1
session_1652,user_1394,3/15/2025 16:26,confirmation,Tablet,France,Direct,143,0,1
session_1653,user_2812,5/2/2025 17:48,home,Desktop,Germany,Direct,81,0,1
session_1653,user_2812,5/2/2025 17:50,product_page,Desktop,Germany,Direct,127,4,1
session_1653,user_2812,5/2/2025 17:52,cart,Desktop,Germany,Direct,112,4,1
session_1653,user_2812,5/2/2025 17:53,checkout,Desktop,Germany,Direct,62,4,1
session_1653,user_2812,5/2/2025 17:56,confirmation,Desktop,Germany,Direct,160,0,1
session_1654,user_1453,5/10/2025 6:43,home,Tablet,USA,Google,135,0,0
session_1654,user_1453,5/10/2025 6:44,product_page,Tablet,USA,Google,20,2,0
session_1654,user_1453,5/10/2025 6:46,cart,Tablet,USA,Google,143,2,0
session_1655,user_2600,2/7/2025 15:53,home,Tablet,UK,Email,113,0,0
session_1655,user_2600,2/7/2025 15:55,product_page,Tablet,UK,Email,109,0,0
session_1656,user_2732,8/25/2025 3:42,home,Mobile,Germany,Google,165,0,0
session_1656,user_2732,8/25/2025 3:45,product_page,Mobile,Germany,Google,179,0,0
session_1657,user_2424,5/9/2025 9:31,home,Tablet,USA,Email,138,0,0
session_1657,user_2424,5/9/2025 9:33,product_page,Tablet,USA,Email,107,0,0
session_1658,user_1920,2/7/2025 2:48,home,Desktop,USA,Email,44,0,0
session_1658,user_1920,2/7/2025 2:51,product_page,Desktop,USA,Email,168,2,0
session_1659,user_1027,1/21/2025 0:45,home,Tablet,UK,Social Media,59,0,0
session_1660,user_1328,1/10/2025 19:51,home,Mobile,India,Social Media,81,0,0
session_1660,user_1328,1/10/2025 19:54,product_page,Mobile,India,Social Media,168,2,0
session_1660,user_1328,1/10/2025 19:55,cart,Mobile,India,Social Media,96,2,0
session_1661,user_1588,1/4/2025 6:05,home,Mobile,Canada,Google,180,0,0
session_1661,user_1588,1/4/2025 6:06,product_page,Mobile,Canada,Google,89,3,0
session_1661,user_1588,1/4/2025 6:08,cart,Mobile,Canada,Google,112,3,0
session_1662,user_1826,6/26/2025 0:05,home,Mobile,Germany,Direct,69,0,0
session_1662,user_1826,6/26/2025 0:06,product_page,Mobile,Germany,Direct,78,3,0
session_1663,user_2548,8/24/2025 16:02,home,Tablet,Germany,Direct,19,0,0
session_1664,user_2046,5/30/2025 4:53,home,Mobile,USA,Email,40,0,0
session_1665,user_2664,2/24/2025 8:52,home,Desktop,UK,Google,137,0,0
session_1665,user_2664,2/24/2025 8:55,product_page,Desktop,UK,Google,164,0,0
session_1666,user_2644,8/2/2025 22:24,home,Tablet,Canada,Google,56,0,0
session_1666,user_2644,8/2/2025 22:25,product_page,Tablet,Canada,Google,104,0,0
session_1666,user_2644,8/2/2025 22:27,cart,Tablet,Canada,Google,79,2,0
session_1666,user_2644,8/2/2025 22:29,checkout,Tablet,Canada,Google,146,2,0
session_1667,user_2193,1/2/2025 16:22,home,Tablet,Germany,Google,66,0,0
session_1668,user_2010,8/19/2025 0:14,home,Tablet,USA,Google,124,0,0
session_1668,user_2010,8/19/2025 0:15,product_page,Tablet,USA,Google,111,5,0
session_1668,user_2010,8/19/2025 0:17,cart,Tablet,USA,Google,117,5,0
session_1669,user_2394,7/14/2025 14:25,home,Mobile,Germany,Google,110,0,0
session_1669,user_2394,7/14/2025 14:28,product_page,Mobile,Germany,Google,167,5,0
session_1669,user_2394,7/14/2025 14:29,cart,Mobile,Germany,Google,29,5,0
session_1670,user_1712,4/11/2025 7:28,home,Tablet,France,Google,124,0,0
session_1670,user_1712,4/11/2025 7:29,product_page,Tablet,France,Google,101,1,0
session_1671,user_1155,7/11/2025 12:35,home,Mobile,France,Google,29,0,0
session_1671,user_1155,7/11/2025 12:38,product_page,Mobile,France,Google,146,1,0
session_1672,user_2160,8/24/2025 17:31,home,Desktop,Canada,Google,19,0,0
session_1673,user_1158,3/17/2025 0:55,home,Mobile,UK,Google,91,0,0
session_1673,user_1158,3/17/2025 0:57,product_page,Mobile,UK,Google,80,0,0
session_1673,user_1158,3/17/2025 0:59,cart,Mobile,UK,Google,110,5,0
session_1674,user_2172,4/30/2025 18:08,home,Tablet,Germany,Google,48,0,0
session_1675,user_2095,1/13/2025 22:44,home,Tablet,Australia,Google,56,0,0
session_1676,user_2090,1/9/2025 23:37,home,Desktop,India,Direct,31,0,0
session_1677,user_2403,7/4/2025 5:55,home,Desktop,France,Google,34,0,0
session_1677,user_2403,7/4/2025 5:58,product_page,Desktop,France,Google,169,0,0
session_1677,user_2403,7/4/2025 5:59,cart,Desktop,France,Google,19,2,0
session_1678,user_1379,4/20/2025 17:49,home,Tablet,Australia,Social Media,114,0,0
session_1678,user_1379,4/20/2025 17:51,product_page,Tablet,Australia,Social Media,111,1,0
session_1679,user_2973,2/7/2025 23:03,home,Tablet,Germany,Google,69,0,0
session_1680,user_2595,2/10/2025 1:52,home,Mobile,India,Direct,58,0,1
session_1680,user_2595,2/10/2025 1:52,product_page,Mobile,India,Direct,49,5,1
session_1680,user_2595,2/10/2025 1:55,cart,Mobile,India,Direct,145,5,1
session_1680,user_2595,2/10/2025 1:57,checkout,Mobile,India,Direct,112,5,1
session_1680,user_2595,2/10/2025 1:57,confirmation,Mobile,India,Direct,49,0,1
session_1681,user_2102,6/20/2025 21:51,home,Mobile,France,Google,128,0,1
session_1681,user_2102,6/20/2025 21:52,product_page,Mobile,France,Google,81,5,1
session_1681,user_2102,6/20/2025 21:55,cart,Mobile,France,Google,150,5,1
session_1681,user_2102,6/20/2025 21:57,checkout,Mobile,France,Google,123,5,1
session_1681,user_2102,6/20/2025 21:58,confirmation,Mobile,France,Google,87,0,1
session_1682,user_2887,6/12/2025 11:49,home,Tablet,UK,Direct,156,0,1
session_1682,user_2887,6/12/2025 11:49,product_page,Tablet,UK,Direct,36,0,1
session_1682,user_2887,6/12/2025 11:52,cart,Tablet,UK,Direct,156,0,1
session_1682,user_2887,6/12/2025 11:54,checkout,Tablet,UK,Direct,123,2,1
session_1682,user_2887,6/12/2025 11:55,confirmation,Tablet,UK,Direct,45,0,1
session_1683,user_1979,6/1/2025 10:09,home,Desktop,USA,Google,124,0,0
session_1683,user_1979,6/1/2025 10:12,product_page,Desktop,USA,Google,154,4,0
session_1684,user_1394,1/20/2025 21:40,home,Mobile,Germany,Direct,155,0,0
session_1684,user_1394,1/20/2025 21:41,product_page,Mobile,Germany,Direct,63,1,0
session_1685,user_2312,1/4/2025 11:09,home,Tablet,France,Email,103,0,0
session_1686,user_2527,5/19/2025 9:52,home,Desktop,France,Direct,108,0,0
session_1687,user_1509,2/23/2025 0:27,home,Mobile,India,Email,111,0,0
session_1687,user_1509,2/23/2025 0:27,product_page,Mobile,India,Email,16,0,0
session_1688,user_2078,7/9/2025 15:44,home,Mobile,Australia,Social Media,167,0,0
session_1689,user_2425,4/11/2025 7:19,home,Tablet,USA,Social Media,54,0,0
session_1689,user_2425,4/11/2025 7:20,product_page,Tablet,USA,Social Media,53,1,0
session_1690,user_1875,6/14/2025 12:36,home,Tablet,Germany,Social Media,164,0,0
session_1690,user_1875,6/14/2025 12:38,product_page,Tablet,Germany,Social Media,146,3,0
session_1691,user_2493,4/21/2025 8:19,home,Tablet,Australia,Google,111,0,0
session_1692,user_2476,4/29/2025 3:40,home,Desktop,USA,Direct,57,0,1
session_1692,user_2476,4/29/2025 3:42,product_page,Desktop,USA,Direct,111,4,1
session_1692,user_2476,4/29/2025 3:43,cart,Desktop,USA,Direct,59,4,1
session_1692,user_2476,4/29/2025 3:43,checkout,Desktop,USA,Direct,23,4,1
session_1692,user_2476,4/29/2025 3:46,confirmation,Desktop,USA,Direct,170,0,1
session_1693,user_2152,3/17/2025 1:24,home,Desktop,Germany,Google,52,0,0
session_1693,user_2152,3/17/2025 1:27,product_page,Desktop,Germany,Google,146,0,0
session_1694,user_1025,7/14/2025 4:03,home,Tablet,Canada,Email,88,0,1
session_1694,user_1025,7/14/2025 4:04,product_page,Tablet,Canada,Email,36,0,1
session_1694,user_1025,7/14/2025 4:05,cart,Tablet,Canada,Email,91,4,1
session_1694,user_1025,7/14/2025 4:07,checkout,Tablet,Canada,Email,110,4,1
session_1694,user_1025,7/14/2025 4:08,confirmation,Tablet,Canada,Email,66,0,1
session_1695,user_1830,5/4/2025 1:05,home,Mobile,UK,Google,164,0,0
session_1695,user_1830,5/4/2025 1:06,product_page,Mobile,UK,Google,40,5,0
session_1695,user_1830,5/4/2025 1:08,cart,Mobile,UK,Google,89,5,0
session_1696,user_1347,6/16/2025 4:35,home,Mobile,USA,Social Media,50,0,0
session_1696,user_1347,6/16/2025 4:36,product_page,Mobile,USA,Social Media,17,0,0
session_1697,user_2027,1/27/2025 14:18,home,Tablet,Canada,Google,161,0,0
session_1697,user_2027,1/27/2025 14:19,product_page,Tablet,Canada,Google,49,0,0
session_1698,user_1948,8/16/2025 18:00,home,Tablet,Canada,Direct,141,0,1
session_1698,user_1948,8/16/2025 18:01,product_page,Tablet,Canada,Direct,52,3,1
session_1698,user_1948,8/16/2025 18:04,cart,Tablet,Canada,Direct,166,3,1
session_1698,user_1948,8/16/2025 18:05,checkout,Tablet,Canada,Direct,67,3,1
session_1698,user_1948,8/16/2025 18:06,confirmation,Tablet,Canada,Direct,89,0,1
session_1699,user_2030,8/13/2025 19:18,home,Tablet,France,Direct,157,0,0
session_1700,user_1982,8/27/2025 6:05,home,Tablet,Germany,Direct,57,0,0
session_1700,user_1982,8/27/2025 6:06,product_page,Tablet,Germany,Direct,55,2,0
session_1701,user_2734,7/24/2025 11:11,home,Desktop,France,Social Media,61,0,0
session_1702,user_2600,6/25/2025 4:34,home,Tablet,Germany,Google,97,0,0
session_1702,user_2600,6/25/2025 4:35,product_page,Tablet,Germany,Google,52,4,0
session_1703,user_1807,8/27/2025 7:18,home,Desktop,Canada,Google,61,0,0
session_1703,user_1807,8/27/2025 7:20,product_page,Desktop,Canada,Google,115,0,0
session_1704,user_2978,7/24/2025 17:05,home,Mobile,France,Social Media,63,0,0
session_1704,user_2978,7/24/2025 17:07,product_page,Mobile,France,Social Media,93,5,0
session_1704,user_2978,7/24/2025 17:07,cart,Mobile,France,Social Media,28,5,0
session_1705,user_2196,2/4/2025 10:05,home,Mobile,India,Google,78,0,0
session_1706,user_1135,5/21/2025 13:22,home,Desktop,Canada,Google,28,0,0
session_1706,user_1135,5/21/2025 13:23,product_page,Desktop,Canada,Google,38,0,0
session_1706,user_1135,5/21/2025 13:25,cart,Desktop,Canada,Google,120,0,0
session_1707,user_2542,4/1/2025 11:38,home,Mobile,USA,Google,31,0,0
session_1708,user_2258,2/28/2025 7:03,home,Tablet,France,Email,57,0,0
session_1708,user_2258,2/28/2025 7:04,product_page,Tablet,France,Email,80,5,0
session_1709,user_1104,8/10/2025 21:25,home,Mobile,Canada,Social Media,138,0,0
session_1710,user_1430,6/12/2025 14:09,home,Mobile,India,Social Media,24,0,0
session_1711,user_1519,3/14/2025 19:56,home,Tablet,USA,Google,103,0,0
session_1711,user_1519,3/14/2025 19:58,product_page,Tablet,USA,Google,126,5,0
session_1712,user_1031,7/30/2025 21:09,home,Desktop,UK,Social Media,56,0,0
session_1712,user_1031,7/30/2025 21:11,product_page,Desktop,UK,Social Media,122,4,0
session_1713,user_1087,2/20/2025 0:12,home,Mobile,Germany,Google,21,0,0
session_1713,user_1087,2/20/2025 0:14,product_page,Mobile,Germany,Google,94,2,0
session_1714,user_1808,4/8/2025 12:42,home,Desktop,Canada,Direct,174,0,1
session_1714,user_1808,4/8/2025 12:43,product_page,Desktop,Canada,Direct,19,0,1
session_1714,user_1808,4/8/2025 12:46,cart,Desktop,Canada,Direct,174,0,1
session_1714,user_1808,4/8/2025 12:47,checkout,Desktop,Canada,Direct,97,1,1
session_1714,user_1808,4/8/2025 12:49,confirmation,Desktop,Canada,Direct,113,0,1
session_1715,user_1440,7/26/2025 4:32,home,Mobile,Canada,Direct,54,0,1
session_1715,user_1440,7/26/2025 4:33,product_page,Mobile,Canada,Direct,60,0,1
session_1715,user_1440,7/26/2025 4:36,cart,Mobile,Canada,Direct,167,0,1
session_1715,user_1440,7/26/2025 4:37,checkout,Mobile,Canada,Direct,62,3,1
session_1715,user_1440,7/26/2025 4:39,confirmation,Mobile,Canada,Direct,76,0,1
session_1716,user_2577,4/6/2025 21:14,home,Mobile,Canada,Email,82,0,0
session_1716,user_2577,4/6/2025 21:14,product_page,Mobile,Canada,Email,21,3,0
session_1717,user_2377,7/23/2025 14:00,home,Desktop,Canada,Social Media,98,0,0
session_1717,user_2377,7/23/2025 14:02,product_page,Desktop,Canada,Social Media,115,0,0
session_1718,user_1244,7/14/2025 22:35,home,Mobile,Australia,Google,77,0,0
session_1718,user_1244,7/14/2025 22:35,product_page,Mobile,Australia,Google,35,2,0
session_1718,user_1244,7/14/2025 22:38,cart,Mobile,Australia,Google,142,2,0
session_1719,user_2861,8/10/2025 10:19,home,Mobile,Germany,Direct,95,0,0
session_1720,user_2038,4/23/2025 22:53,home,Desktop,UK,Direct,73,0,0
session_1721,user_2195,2/5/2025 21:23,home,Mobile,Germany,Email,108,0,0
session_1721,user_2195,2/5/2025 21:24,product_page,Mobile,Germany,Email,43,3,0
session_1722,user_1111,6/30/2025 0:48,home,Desktop,UK,Google,167,0,0
session_1722,user_1111,6/30/2025 0:48,product_page,Desktop,UK,Google,23,2,0
session_1723,user_2239,3/11/2025 6:12,home,Desktop,France,Email,94,0,0
session_1724,user_1738,4/20/2025 23:02,home,Tablet,Australia,Email,78,0,0
session_1725,user_1736,7/25/2025 9:21,home,Mobile,France,Email,35,0,1
session_1725,user_1736,7/25/2025 9:23,product_page,Mobile,France,Email,89,4,1
session_1725,user_1736,7/25/2025 9:24,cart,Mobile,France,Email,88,4,1
session_1725,user_1736,7/25/2025 9:26,checkout,Mobile,France,Email,78,4,1
session_1725,user_1736,7/25/2025 9:29,confirmation,Mobile,France,Email,169,0,1
session_1726,user_2862,7/25/2025 19:12,home,Desktop,India,Direct,96,0,1
session_1726,user_2862,7/25/2025 19:12,product_page,Desktop,India,Direct,31,2,1
session_1726,user_2862,7/25/2025 19:14,cart,Desktop,India,Direct,77,2,1
session_1726,user_2862,7/25/2025 19:14,checkout,Desktop,India,Direct,25,2,1
session_1726,user_2862,7/25/2025 19:17,confirmation,Desktop,India,Direct,177,0,1
session_1727,user_1076,7/20/2025 16:54,home,Desktop,Germany,Email,100,0,0
session_1727,user_1076,7/20/2025 16:56,product_page,Desktop,Germany,Email,119,3,0
session_1728,user_2769,3/26/2025 12:13,home,Tablet,UK,Google,127,0,0
session_1728,user_2769,3/26/2025 12:15,product_page,Tablet,UK,Google,106,0,0
session_1729,user_2083,8/3/2025 18:44,home,Tablet,USA,Email,174,0,0
session_1729,user_2083,8/3/2025 18:45,product_page,Tablet,USA,Email,37,1,0
session_1730,user_1838,8/19/2025 4:13,home,Desktop,UK,Email,98,0,0
session_1730,user_1838,8/19/2025 4:15,product_page,Desktop,UK,Email,124,4,0
session_1731,user_2184,6/24/2025 21:10,home,Tablet,Australia,Email,71,0,0
session_1731,user_2184,6/24/2025 21:11,product_page,Tablet,Australia,Email,44,4,0
session_1732,user_1040,5/27/2025 15:09,home,Mobile,India,Google,63,0,1
session_1732,user_1040,5/27/2025 15:11,product_page,Mobile,India,Google,110,0,1
session_1732,user_1040,5/27/2025 15:13,cart,Mobile,India,Google,133,3,1
session_1732,user_1040,5/27/2025 15:16,checkout,Mobile,India,Google,173,3,1
session_1732,user_1040,5/27/2025 15:16,confirmation,Mobile,India,Google,32,0,1
session_1733,user_2416,1/27/2025 4:05,home,Tablet,Australia,Direct,64,0,0
session_1734,user_2801,1/16/2025 12:37,home,Mobile,India,Google,80,0,0
session_1734,user_2801,1/16/2025 12:39,product_page,Mobile,India,Google,115,1,0
session_1735,user_2469,8/11/2025 6:16,home,Tablet,Germany,Email,135,0,0
session_1736,user_2678,5/8/2025 0:01,home,Mobile,USA,Social Media,45,0,0
session_1736,user_2678,5/8/2025 0:02,product_page,Mobile,USA,Social Media,49,0,0
session_1737,user_1382,5/2/2025 21:37,home,Mobile,UK,Direct,147,0,0
session_1738,user_2548,4/15/2025 8:08,home,Desktop,Australia,Direct,123,0,1
session_1738,user_2548,4/15/2025 8:09,product_page,Desktop,Australia,Direct,30,3,1
session_1738,user_2548,4/15/2025 8:10,cart,Desktop,Australia,Direct,81,3,1
session_1738,user_2548,4/15/2025 8:12,checkout,Desktop,Australia,Direct,128,3,1
session_1738,user_2548,4/15/2025 8:15,confirmation,Desktop,Australia,Direct,159,0,1
session_1739,user_2578,5/1/2025 3:12,home,Mobile,Australia,Social Media,170,0,0
session_1739,user_2578,5/1/2025 3:12,product_page,Mobile,Australia,Social Media,16,3,0
session_1740,user_2817,3/19/2025 2:32,home,Desktop,UK,Social Media,179,0,0
session_1740,user_2817,3/19/2025 2:34,product_page,Desktop,UK,Social Media,131,0,0
session_1741,user_1118,4/5/2025 21:25,home,Tablet,France,Social Media,150,0,0
session_1742,user_2588,1/1/2025 18:16,home,Desktop,France,Email,33,0,1
session_1742,user_2588,1/1/2025 18:17,product_page,Desktop,France,Email,79,5,1
session_1742,user_2588,1/1/2025 18:18,cart,Desktop,France,Email,62,5,1
session_1742,user_2588,1/1/2025 18:20,checkout,Desktop,France,Email,83,5,1
session_1742,user_2588,1/1/2025 18:23,confirmation,Desktop,France,Email,172,0,1
session_1743,user_2944,5/7/2025 19:43,home,Desktop,Germany,Google,147,0,0
session_1743,user_2944,5/7/2025 19:45,product_page,Desktop,Germany,Google,122,3,0
session_1744,user_2884,1/20/2025 6:35,home,Desktop,India,Social Media,44,0,0
session_1744,user_2884,1/20/2025 6:35,product_page,Desktop,India,Social Media,40,4,0
session_1745,user_1152,7/22/2025 15:33,home,Desktop,Canada,Email,15,0,0
session_1745,user_1152,7/22/2025 15:35,product_page,Desktop,Canada,Email,79,2,0
session_1746,user_2400,5/4/2025 12:37,home,Mobile,India,Social Media,113,0,0
session_1746,user_2400,5/4/2025 12:39,product_page,Mobile,India,Social Media,116,0,0
session_1746,user_2400,5/4/2025 12:40,cart,Mobile,India,Social Media,59,0,0
session_1747,user_2191,5/5/2025 15:15,home,Tablet,France,Direct,42,0,1
session_1747,user_2191,5/5/2025 15:17,product_page,Tablet,France,Direct,132,0,1
session_1747,user_2191,5/5/2025 15:20,cart,Tablet,France,Direct,163,0,1
session_1747,user_2191,5/5/2025 15:21,checkout,Tablet,France,Direct,85,2,1
session_1747,user_2191,5/5/2025 15:21,confirmation,Tablet,France,Direct,31,0,1
session_1748,user_2398,7/17/2025 19:51,home,Tablet,Australia,Google,16,0,0
session_1749,user_1045,6/28/2025 11:58,home,Mobile,UK,Social Media,133,0,1
session_1749,user_1045,6/28/2025 12:01,product_page,Mobile,UK,Social Media,172,0,1
session_1749,user_1045,6/28/2025 12:04,cart,Mobile,UK,Social Media,178,0,1
session_1749,user_1045,6/28/2025 12:05,checkout,Mobile,UK,Social Media,76,1,1
session_1749,user_1045,6/28/2025 12:06,confirmation,Mobile,UK,Social Media,33,0,1
session_1750,user_2375,3/6/2025 22:29,home,Mobile,Germany,Direct,150,0,1
session_1750,user_2375,3/6/2025 22:30,product_page,Mobile,Germany,Direct,97,0,1
session_1750,user_2375,3/6/2025 22:31,cart,Mobile,Germany,Direct,73,4,1
session_1750,user_2375,3/6/2025 22:34,checkout,Mobile,Germany,Direct,146,4,1
session_1750,user_2375,3/6/2025 22:34,confirmation,Mobile,Germany,Direct,29,0,1
session_1751,user_1978,2/20/2025 5:03,home,Tablet,UK,Social Media,106,0,0
session_1751,user_1978,2/20/2025 5:05,product_page,Tablet,UK,Social Media,143,0,0
session_1752,user_2050,7/23/2025 23:43,home,Desktop,UK,Social Media,116,0,0
session_1753,user_1901,8/25/2025 17:06,home,Mobile,Canada,Google,68,0,0
session_1753,user_1901,8/25/2025 17:06,product_page,Mobile,Canada,Google,28,2,0
session_1754,user_1645,2/23/2025 0:42,home,Mobile,India,Email,97,0,0
session_1754,user_1645,2/23/2025 0:44,product_page,Mobile,India,Email,113,2,0
session_1755,user_2079,2/17/2025 21:45,home,Desktop,UK,Google,158,0,0
session_1755,user_2079,2/17/2025 21:46,product_page,Desktop,UK,Google,95,4,0
session_1756,user_1144,2/16/2025 10:09,home,Mobile,Australia,Email,65,0,0
session_1756,user_1144,2/16/2025 10:09,product_page,Mobile,Australia,Email,19,2,0
session_1757,user_1752,2/23/2025 0:07,home,Mobile,UK,Email,108,0,0
session_1757,user_1752,2/23/2025 0:09,product_page,Mobile,UK,Email,92,3,0
session_1758,user_2235,1/7/2025 18:22,home,Desktop,USA,Social Media,145,0,0
session_1758,user_2235,1/7/2025 18:24,product_page,Desktop,USA,Social Media,119,5,0
session_1759,user_2888,1/19/2025 8:38,home,Mobile,Germany,Email,56,0,0
session_1759,user_2888,1/19/2025 8:40,product_page,Mobile,Germany,Email,124,1,0
session_1760,user_1649,1/5/2025 8:03,home,Desktop,India,Email,51,0,0
session_1761,user_2108,5/26/2025 18:32,home,Mobile,India,Social Media,111,0,0
session_1761,user_2108,5/26/2025 18:35,product_page,Mobile,India,Social Media,157,4,0
session_1762,user_1668,4/23/2025 12:36,home,Mobile,India,Social Media,123,0,0
session_1762,user_1668,4/23/2025 12:38,product_page,Mobile,India,Social Media,155,0,0
session_1763,user_2805,2/2/2025 4:22,home,Mobile,India,Email,15,0,0
session_1763,user_2805,2/2/2025 4:23,product_page,Mobile,India,Email,26,5,0
session_1764,user_1872,1/15/2025 10:35,home,Tablet,France,Social Media,17,0,0
session_1765,user_1569,3/15/2025 7:44,home,Mobile,Germany,Google,114,0,0
session_1765,user_1569,3/15/2025 7:46,product_page,Mobile,Germany,Google,81,2,0
session_1765,user_1569,3/15/2025 7:47,cart,Mobile,Germany,Google,98,2,0
session_1766,user_1872,8/18/2025 2:44,home,Desktop,USA,Email,134,0,0
session_1766,user_1872,8/18/2025 2:44,product_page,Desktop,USA,Email,23,3,0
session_1767,user_1643,7/16/2025 9:11,home,Tablet,India,Social Media,47,0,0
session_1768,user_1060,7/19/2025 17:16,home,Tablet,France,Social Media,132,0,1
session_1768,user_1060,7/19/2025 17:18,product_page,Tablet,France,Social Media,159,0,1
session_1768,user_1060,7/19/2025 17:20,cart,Tablet,France,Social Media,78,3,1
session_1768,user_1060,7/19/2025 17:22,checkout,Tablet,France,Social Media,168,3,1
session_1768,user_1060,7/19/2025 17:23,confirmation,Tablet,France,Social Media,23,0,1
session_1769,user_1235,7/10/2025 12:57,home,Desktop,India,Email,130,0,1
session_1769,user_1235,7/10/2025 13:00,product_page,Desktop,India,Email,152,3,1
session_1769,user_1235,7/10/2025 13:02,cart,Desktop,India,Email,136,3,1
session_1769,user_1235,7/10/2025 13:03,checkout,Desktop,India,Email,35,3,1
session_1769,user_1235,7/10/2025 13:03,confirmation,Desktop,India,Email,24,0,1
session_1770,user_2803,6/24/2025 8:34,home,Mobile,USA,Google,44,0,0
session_1770,user_2803,6/24/2025 8:36,product_page,Mobile,USA,Google,147,0,0
session_1771,user_1886,4/7/2025 10:31,home,Mobile,Germany,Google,36,0,0
session_1771,user_1886,4/7/2025 10:31,product_page,Mobile,Germany,Google,18,3,0
session_1772,user_1202,3/2/2025 23:17,home,Desktop,USA,Social Media,49,0,0
session_1772,user_1202,3/2/2025 23:19,product_page,Desktop,USA,Social Media,130,0,0
session_1773,user_2776,6/11/2025 13:57,home,Mobile,Australia,Social Media,62,0,0
session_1773,user_2776,6/11/2025 13:58,product_page,Mobile,Australia,Social Media,59,3,0
session_1774,user_2902,1/1/2025 14:03,home,Tablet,Canada,Social Media,165,0,0
session_1774,user_2902,1/1/2025 14:05,product_page,Tablet,Canada,Social Media,118,0,0
session_1775,user_2434,2/5/2025 8:13,home,Mobile,India,Email,140,0,0
session_1775,user_2434,2/5/2025 8:14,product_page,Mobile,India,Email,91,0,0
session_1776,user_1992,4/5/2025 5:21,home,Tablet,France,Social Media,51,0,1
session_1776,user_1992,4/5/2025 5:23,product_page,Tablet,France,Social Media,114,0,1
session_1776,user_1992,4/5/2025 5:26,cart,Tablet,France,Social Media,178,3,1
session_1776,user_1992,4/5/2025 5:29,checkout,Tablet,France,Social Media,171,3,1
session_1776,user_1992,4/5/2025 5:31,confirmation,Tablet,France,Social Media,114,0,1
session_1777,user_2278,4/11/2025 12:15,home,Tablet,India,Google,163,0,0
session_1777,user_2278,4/11/2025 12:17,product_page,Tablet,India,Google,152,5,0
session_1778,user_2460,3/31/2025 20:50,home,Desktop,Germany,Email,84,0,0
session_1778,user_2460,3/31/2025 20:53,product_page,Desktop,Germany,Email,139,0,0
session_1779,user_1930,5/12/2025 8:37,home,Mobile,Germany,Direct,176,0,0
session_1779,user_1930,5/12/2025 8:38,product_page,Mobile,Germany,Direct,77,0,0
session_1780,user_2611,7/29/2025 0:37,home,Desktop,USA,Social Media,169,0,0
session_1780,user_2611,7/29/2025 0:39,product_page,Desktop,USA,Social Media,83,1,0
session_1781,user_1473,4/6/2025 13:16,home,Tablet,France,Direct,124,0,0
session_1781,user_1473,4/6/2025 13:17,product_page,Tablet,France,Direct,99,2,0
session_1782,user_1912,4/11/2025 22:49,home,Desktop,Germany,Google,135,0,0
session_1782,user_1912,4/11/2025 22:51,product_page,Desktop,Germany,Google,66,0,0
session_1783,user_1874,6/5/2025 19:17,home,Desktop,Canada,Email,122,0,0
session_1783,user_1874,6/5/2025 19:19,product_page,Desktop,Canada,Email,121,0,0
session_1783,user_1874,6/5/2025 19:20,cart,Desktop,Canada,Email,92,1,0
session_1784,user_1241,8/1/2025 13:53,home,Desktop,Australia,Social Media,63,0,0
session_1784,user_1241,8/1/2025 13:54,product_page,Desktop,Australia,Social Media,50,0,0
session_1785,user_1884,2/22/2025 16:41,home,Mobile,France,Google,84,0,0
session_1785,user_1884,2/22/2025 16:44,product_page,Mobile,France,Google,158,5,0
session_1786,user_1514,4/25/2025 9:39,home,Tablet,India,Direct,106,0,1
session_1786,user_1514,4/25/2025 9:41,product_page,Tablet,India,Direct,103,1,1
session_1786,user_1514,4/25/2025 9:41,cart,Tablet,India,Direct,20,1,1
session_1786,user_1514,4/25/2025 9:43,checkout,Tablet,India,Direct,105,1,1
session_1786,user_1514,4/25/2025 9:44,confirmation,Tablet,India,Direct,67,0,1
session_1787,user_1421,1/3/2025 23:45,home,Tablet,Canada,Direct,136,0,0
session_1788,user_2557,7/22/2025 14:35,home,Tablet,France,Google,93,0,1
session_1788,user_2557,7/22/2025 14:36,product_page,Tablet,France,Google,96,0,1
session_1788,user_2557,7/22/2025 14:39,cart,Tablet,France,Google,180,2,1
session_1788,user_2557,7/22/2025 14:41,checkout,Tablet,France,Google,96,2,1
session_1788,user_2557,7/22/2025 14:43,confirmation,Tablet,France,Google,90,0,1
session_1789,user_2883,6/2/2025 15:31,home,Tablet,Canada,Email,56,0,0
session_1789,user_2883,6/2/2025 15:32,product_page,Tablet,Canada,Email,70,4,0
session_1790,user_1687,3/7/2025 4:13,home,Mobile,UK,Email,83,0,0
session_1790,user_1687,3/7/2025 4:13,product_page,Mobile,UK,Email,17,0,0
session_1791,user_1880,2/9/2025 4:38,home,Desktop,Australia,Google,129,0,0
session_1792,user_1143,5/12/2025 6:59,home,Desktop,Australia,Social Media,93,0,0
session_1792,user_1143,5/12/2025 7:00,product_page,Desktop,Australia,Social Media,21,0,0
session_1792,user_1143,5/12/2025 7:01,cart,Desktop,Australia,Social Media,55,0,0
session_1792,user_1143,5/12/2025 7:03,checkout,Desktop,Australia,Social Media,113,3,0
session_1793,user_2202,4/29/2025 20:23,home,Tablet,USA,Email,80,0,1
session_1793,user_2202,4/29/2025 20:24,product_page,Tablet,USA,Email,90,3,1
session_1793,user_2202,4/29/2025 20:27,cart,Tablet,USA,Email,152,3,1
session_1793,user_2202,4/29/2025 20:27,checkout,Tablet,USA,Email,29,3,1
session_1793,user_2202,4/29/2025 20:28,confirmation,Tablet,USA,Email,38,0,1
session_1794,user_2298,3/7/2025 0:41,home,Tablet,Australia,Social Media,120,0,0
session_1794,user_2298,3/7/2025 0:42,product_page,Tablet,Australia,Social Media,32,0,0
session_1795,user_2007,1/3/2025 18:49,home,Mobile,UK,Email,73,0,1
session_1795,user_2007,1/3/2025 18:52,product_page,Mobile,UK,Email,170,1,1
session_1795,user_2007,1/3/2025 18:54,cart,Mobile,UK,Email,96,1,1
session_1795,user_2007,1/3/2025 18:55,checkout,Mobile,UK,Email,70,1,1
session_1795,user_2007,1/3/2025 18:57,confirmation,Mobile,UK,Email,136,0,1
session_1796,user_2125,6/9/2025 9:54,home,Mobile,Australia,Email,166,0,0
session_1796,user_2125,6/9/2025 9:56,product_page,Mobile,Australia,Email,162,3,0
session_1797,user_1665,7/27/2025 18:39,home,Mobile,Canada,Direct,116,0,0
session_1797,user_1665,7/27/2025 18:41,product_page,Mobile,Canada,Direct,160,0,0
session_1798,user_2615,7/2/2025 14:59,home,Tablet,Canada,Direct,95,0,0
session_1798,user_2615,7/2/2025 15:01,product_page,Tablet,Canada,Direct,110,0,0
session_1799,user_2773,2/24/2025 5:52,home,Desktop,USA,Google,152,0,0
session_1799,user_2773,2/24/2025 5:54,product_page,Desktop,USA,Google,115,2,0
session_1799,user_2773,2/24/2025 5:56,cart,Desktop,USA,Google,91,2,0
session_1800,user_2029,7/7/2025 0:59,home,Desktop,Germany,Social Media,170,0,0
session_1801,user_2495,7/21/2025 3:59,home,Desktop,France,Direct,71,0,0
session_1801,user_2495,7/21/2025 4:00,product_page,Desktop,France,Direct,63,1,0
session_1802,user_1705,2/18/2025 8:59,home,Desktop,Australia,Google,107,0,0
session_1802,user_1705,2/18/2025 9:00,product_page,Desktop,Australia,Google,54,3,0
session_1803,user_2837,1/28/2025 10:36,home,Tablet,Canada,Google,109,0,0
session_1803,user_2837,1/28/2025 10:38,product_page,Tablet,Canada,Google,136,0,0
session_1804,user_2782,8/26/2025 11:34,home,Desktop,France,Social Media,126,0,1
session_1804,user_2782,8/26/2025 11:37,product_page,Desktop,France,Social Media,137,0,1
session_1804,user_2782,8/26/2025 11:37,cart,Desktop,France,Social Media,16,0,1
session_1804,user_2782,8/26/2025 11:39,checkout,Desktop,France,Social Media,160,2,1
session_1804,user_2782,8/26/2025 11:40,confirmation,Desktop,France,Social Media,25,0,1
session_1805,user_1073,8/20/2025 10:14,home,Mobile,France,Social Media,95,0,1
session_1805,user_1073,8/20/2025 10:15,product_page,Mobile,France,Social Media,54,4,1
session_1805,user_1073,8/20/2025 10:17,cart,Mobile,France,Social Media,122,4,1
session_1805,user_1073,8/20/2025 10:19,checkout,Mobile,France,Social Media,121,4,1
session_1805,user_1073,8/20/2025 10:21,confirmation,Mobile,France,Social Media,148,0,1
session_1806,user_1835,4/27/2025 18:04,home,Mobile,USA,Google,129,0,1
session_1806,user_1835,4/27/2025 18:05,product_page,Mobile,USA,Google,66,4,1
session_1806,user_1835,4/27/2025 18:06,cart,Mobile,USA,Google,38,4,1
session_1806,user_1835,4/27/2025 18:07,checkout,Mobile,USA,Google,83,4,1
session_1806,user_1835,4/27/2025 18:10,confirmation,Mobile,USA,Google,155,0,1
session_1807,user_1226,2/10/2025 18:22,home,Tablet,India,Direct,114,0,0
session_1807,user_1226,2/10/2025 18:23,product_page,Tablet,India,Direct,50,0,0
session_1807,user_1226,2/10/2025 18:25,cart,Tablet,India,Direct,123,0,0
session_1808,user_2058,2/9/2025 6:07,home,Desktop,Australia,Social Media,102,0,1
session_1808,user_2058,2/9/2025 6:09,product_page,Desktop,Australia,Social Media,109,0,1
session_1808,user_2058,2/9/2025 6:11,cart,Desktop,Australia,Social Media,126,3,1
session_1808,user_2058,2/9/2025 6:12,checkout,Desktop,Australia,Social Media,85,3,1
session_1808,user_2058,2/9/2025 6:15,confirmation,Desktop,Australia,Social Media,153,0,1
session_1809,user_1922,2/6/2025 8:59,home,Tablet,UK,Email,73,0,0
session_1809,user_1922,2/6/2025 9:01,product_page,Tablet,UK,Email,107,4,0
session_1809,user_1922,2/6/2025 9:02,cart,Tablet,UK,Email,44,4,0
session_1810,user_1222,8/31/2025 22:42,home,Tablet,France,Google,178,0,1
session_1810,user_1222,8/31/2025 22:45,product_page,Tablet,France,Google,162,0,1
session_1810,user_1222,8/31/2025 22:46,cart,Tablet,France,Google,60,0,1
session_1810,user_1222,8/31/2025 22:47,checkout,Tablet,France,Google,50,2,1
session_1810,user_1222,8/31/2025 22:50,confirmation,Tablet,France,Google,170,0,1
session_1811,user_2852,6/24/2025 18:46,home,Desktop,France,Google,163,0,0
session_1811,user_2852,6/24/2025 18:49,product_page,Desktop,France,Google,155,0,0
session_1812,user_1134,8/20/2025 18:15,home,Mobile,Canada,Direct,111,0,0
session_1813,user_1742,2/15/2025 14:36,home,Desktop,Canada,Email,134,0,0
session_1813,user_1742,2/15/2025 14:36,product_page,Desktop,Canada,Email,16,5,0
session_1814,user_1177,5/31/2025 5:07,home,Tablet,UK,Social Media,168,0,0
session_1814,user_1177,5/31/2025 5:10,product_page,Tablet,UK,Social Media,148,2,0
session_1815,user_2800,8/13/2025 7:12,home,Tablet,Canada,Google,71,0,0
session_1815,user_2800,8/13/2025 7:15,product_page,Tablet,Canada,Google,165,1,0
session_1816,user_2459,3/17/2025 3:03,home,Tablet,Germany,Google,108,0,0
session_1817,user_1454,5/11/2025 19:46,home,Tablet,UK,Google,60,0,1
session_1817,user_1454,5/11/2025 19:48,product_page,Tablet,UK,Google,65,0,1
session_1817,user_1454,5/11/2025 19:50,cart,Tablet,UK,Google,149,4,1
session_1817,user_1454,5/11/2025 19:52,checkout,Tablet,UK,Google,105,4,1
session_1817,user_1454,5/11/2025 19:54,confirmation,Tablet,UK,Google,153,0,1
session_1818,user_1274,2/4/2025 23:22,home,Tablet,Australia,Direct,90,0,0
session_1818,user_1274,2/4/2025 23:25,product_page,Tablet,Australia,Direct,170,0,0
session_1819,user_1160,6/18/2025 21:23,home,Desktop,Germany,Google,170,0,0
session_1820,user_2155,1/21/2025 4:42,home,Desktop,Germany,Social Media,94,0,0
session_1820,user_2155,1/21/2025 4:42,product_page,Desktop,Germany,Social Media,19,0,0
session_1821,user_1328,4/19/2025 10:57,home,Desktop,Australia,Social Media,65,0,0
session_1822,user_1443,1/24/2025 18:13,home,Tablet,France,Direct,30,0,1
session_1822,user_1443,1/24/2025 18:16,product_page,Tablet,France,Direct,169,0,1
session_1822,user_1443,1/24/2025 18:18,cart,Tablet,France,Direct,130,2,1
session_1822,user_1443,1/24/2025 18:18,checkout,Tablet,France,Direct,22,2,1
session_1822,user_1443,1/24/2025 18:20,confirmation,Tablet,France,Direct,67,0,1
session_1823,user_2663,7/7/2025 11:14,home,Tablet,France,Google,60,0,0
session_1823,user_2663,7/7/2025 11:16,product_page,Tablet,France,Google,125,0,0
session_1823,user_2663,7/7/2025 11:17,cart,Tablet,France,Google,72,2,0
session_1824,user_2935,5/4/2025 16:12,home,Mobile,India,Email,130,0,0
session_1824,user_2935,5/4/2025 16:13,product_page,Mobile,India,Email,22,0,0
session_1825,user_2542,5/17/2025 8:31,home,Desktop,Canada,Direct,137,0,0
session_1825,user_2542,5/17/2025 8:32,product_page,Desktop,Canada,Direct,65,0,0
session_1826,user_1160,7/11/2025 4:06,home,Desktop,Australia,Email,41,0,0
session_1826,user_1160,7/11/2025 4:07,product_page,Desktop,Australia,Email,62,0,0
session_1827,user_1127,5/15/2025 15:26,home,Desktop,India,Social Media,166,0,0
session_1827,user_1127,5/15/2025 15:27,product_page,Desktop,India,Social Media,71,1,0
session_1828,user_1352,6/17/2025 4:23,home,Tablet,UK,Direct,155,0,0
session_1828,user_1352,6/17/2025 4:23,product_page,Tablet,UK,Direct,41,4,0
session_1829,user_2520,5/22/2025 5:15,home,Desktop,France,Social Media,122,0,0
session_1829,user_2520,5/22/2025 5:17,product_page,Desktop,France,Social Media,141,0,0
session_1830,user_1993,4/14/2025 19:11,home,Mobile,France,Google,36,0,1
session_1830,user_1993,4/14/2025 19:13,product_page,Mobile,France,Google,77,1,1
session_1830,user_1993,4/14/2025 19:15,cart,Mobile,France,Google,119,1,1
session_1830,user_1993,4/14/2025 19:16,checkout,Mobile,France,Google,67,1,1
session_1830,user_1993,4/14/2025 19:19,confirmation,Mobile,France,Google,166,0,1
session_1831,user_2650,8/16/2025 10:40,home,Tablet,Canada,Email,24,0,0
session_1831,user_2650,8/16/2025 10:41,product_page,Tablet,Canada,Email,66,0,0
session_1831,user_2650,8/16/2025 10:41,cart,Tablet,Canada,Email,23,0,0
session_1832,user_2081,7/4/2025 2:55,home,Mobile,UK,Email,132,0,0
session_1832,user_2081,7/4/2025 2:58,product_page,Mobile,UK,Email,170,0,0
session_1832,user_2081,7/4/2025 3:00,cart,Mobile,UK,Email,114,0,0
session_1833,user_1005,3/28/2025 17:05,home,Desktop,India,Google,68,0,1
session_1833,user_1005,3/28/2025 17:06,product_page,Desktop,India,Google,76,4,1
session_1833,user_1005,3/28/2025 17:08,cart,Desktop,India,Google,113,4,1
session_1833,user_1005,3/28/2025 17:11,checkout,Desktop,India,Google,175,4,1
session_1833,user_1005,3/28/2025 17:11,confirmation,Desktop,India,Google,31,0,1
session_1834,user_2684,7/14/2025 19:43,home,Tablet,USA,Direct,50,0,0
session_1834,user_2684,7/14/2025 19:45,product_page,Tablet,USA,Direct,106,0,0
session_1835,user_1563,6/13/2025 21:43,home,Desktop,UK,Google,118,0,0
session_1835,user_1563,6/13/2025 21:44,product_page,Desktop,UK,Google,41,2,0
session_1836,user_1085,3/11/2025 21:29,home,Tablet,France,Google,177,0,0
session_1837,user_2198,5/6/2025 18:08,home,Tablet,USA,Social Media,84,0,0
session_1838,user_2896,4/27/2025 15:20,home,Tablet,Germany,Email,57,0,0
session_1839,user_2895,5/23/2025 20:55,home,Desktop,Australia,Direct,83,0,0
session_1839,user_2895,5/23/2025 20:56,product_page,Desktop,Australia,Direct,99,2,0
session_1840,user_2675,8/7/2025 12:44,home,Desktop,France,Email,69,0,0
session_1840,user_2675,8/7/2025 12:45,product_page,Desktop,France,Email,18,2,0
session_1841,user_2048,2/26/2025 6:12,home,Mobile,Canada,Email,15,0,0
session_1841,user_2048,2/26/2025 6:13,product_page,Mobile,Canada,Email,90,3,0
session_1842,user_1703,3/10/2025 15:25,home,Desktop,India,Email,78,0,0
session_1842,user_1703,3/10/2025 15:27,product_page,Desktop,India,Email,117,1,0
session_1843,user_1247,5/29/2025 13:33,home,Mobile,India,Social Media,162,0,0
session_1843,user_1247,5/29/2025 13:34,product_page,Mobile,India,Social Media,36,2,0
session_1844,user_2576,4/3/2025 6:16,home,Tablet,Australia,Google,111,0,1
session_1844,user_2576,4/3/2025 6:18,product_page,Tablet,Australia,Google,132,0,1
session_1844,user_2576,4/3/2025 6:19,cart,Tablet,Australia,Google,89,4,1
session_1844,user_2576,4/3/2025 6:22,checkout,Tablet,Australia,Google,159,4,1
session_1844,user_2576,4/3/2025 6:25,confirmation,Tablet,Australia,Google,161,0,1
session_1845,user_2082,3/10/2025 19:50,home,Desktop,France,Direct,135,0,0
session_1845,user_2082,3/10/2025 19:53,product_page,Desktop,France,Direct,179,0,0
session_1846,user_2410,8/1/2025 19:36,home,Desktop,Canada,Social Media,36,0,1
session_1846,user_2410,8/1/2025 19:38,product_page,Desktop,Canada,Social Media,144,0,1
session_1846,user_2410,8/1/2025 19:41,cart,Desktop,Canada,Social Media,170,2,1
session_1846,user_2410,8/1/2025 19:42,checkout,Desktop,Canada,Social Media,30,2,1
session_1846,user_2410,8/1/2025 19:43,confirmation,Desktop,Canada,Social Media,62,0,1
session_1847,user_2067,6/10/2025 4:29,home,Mobile,USA,Google,167,0,0
session_1848,user_1592,8/11/2025 19:38,home,Tablet,Germany,Direct,36,0,0
session_1848,user_1592,8/11/2025 19:39,product_page,Tablet,Germany,Direct,70,0,0
session_1849,user_1946,6/19/2025 3:05,home,Mobile,UK,Email,123,0,0
session_1849,user_1946,6/19/2025 3:05,product_page,Mobile,UK,Email,16,5,0
session_1850,user_2557,5/13/2025 20:23,home,Desktop,Germany,Google,148,0,1
session_1850,user_2557,5/13/2025 20:25,product_page,Desktop,Germany,Google,108,2,1
session_1850,user_2557,5/13/2025 20:27,cart,Desktop,Germany,Google,113,2,1
session_1850,user_2557,5/13/2025 20:28,checkout,Desktop,Germany,Google,66,2,1
session_1850,user_2557,5/13/2025 20:30,confirmation,Desktop,Germany,Google,144,0,1
session_1851,user_1135,7/14/2025 9:41,home,Tablet,India,Email,104,0,0
session_1851,user_1135,7/14/2025 9:43,product_page,Tablet,India,Email,136,1,0
session_1852,user_1369,8/10/2025 6:38,home,Mobile,India,Google,98,0,0
session_1852,user_1369,8/10/2025 6:40,product_page,Mobile,India,Google,161,0,0
session_1853,user_2896,5/14/2025 22:37,home,Mobile,UK,Social Media,115,0,0
session_1854,user_2215,2/27/2025 14:02,home,Mobile,UK,Google,26,0,0
session_1854,user_2215,2/27/2025 14:03,product_page,Mobile,UK,Google,63,2,0
session_1855,user_1504,3/9/2025 21:49,home,Tablet,Canada,Direct,166,0,0
session_1855,user_1504,3/9/2025 21:52,product_page,Tablet,Canada,Direct,161,2,0
session_1856,user_2782,4/3/2025 6:44,home,Tablet,Australia,Social Media,157,0,0
session_1856,user_2782,4/3/2025 6:46,product_page,Tablet,Australia,Social Media,166,5,0
session_1857,user_2474,4/22/2025 23:54,home,Desktop,Australia,Google,155,0,1
session_1857,user_2474,4/22/2025 23:56,product_page,Desktop,Australia,Google,98,0,1
session_1857,user_2474,4/22/2025 23:57,cart,Desktop,Australia,Google,72,0,1
session_1857,user_2474,4/22/2025 23:58,checkout,Desktop,Australia,Google,55,1,1
session_1857,user_2474,4/23/2025 0:00,confirmation,Desktop,Australia,Google,135,0,1
session_1858,user_1923,6/1/2025 16:39,home,Tablet,USA,Direct,61,0,1
session_1858,user_1923,6/1/2025 16:40,product_page,Tablet,USA,Direct,15,0,1
session_1858,user_1923,6/1/2025 16:41,cart,Tablet,USA,Direct,114,0,1
session_1858,user_1923,6/1/2025 16:43,checkout,Tablet,USA,Direct,71,3,1
session_1858,user_1923,6/1/2025 16:44,confirmation,Tablet,USA,Direct,70,0,1
session_1859,user_2211,6/8/2025 19:19,home,Mobile,UK,Direct,103,0,0
session_1860,user_1836,4/21/2025 17:47,home,Desktop,Canada,Google,93,0,0
session_1861,user_2950,3/2/2025 18:42,home,Mobile,Australia,Google,38,0,0
session_1861,user_2950,3/2/2025 18:42,product_page,Mobile,Australia,Google,31,0,0
session_1861,user_2950,3/2/2025 18:44,cart,Mobile,Australia,Google,93,4,0
session_1862,user_2008,7/17/2025 7:41,home,Mobile,Germany,Google,144,0,0
session_1862,user_2008,7/17/2025 7:43,product_page,Mobile,Germany,Google,95,0,0
session_1863,user_1856,3/24/2025 16:17,home,Mobile,France,Social Media,124,0,0
session_1863,user_1856,3/24/2025 16:19,product_page,Mobile,France,Social Media,123,1,0
session_1864,user_1239,6/2/2025 13:12,home,Tablet,USA,Email,157,0,0
session_1865,user_1144,8/23/2025 11:23,home,Desktop,Germany,Social Media,124,0,0
session_1866,user_1391,3/18/2025 22:29,home,Mobile,France,Social Media,36,0,0
session_1866,user_1391,3/18/2025 22:32,product_page,Mobile,France,Social Media,177,4,0
session_1867,user_2660,4/5/2025 18:52,home,Tablet,Australia,Social Media,84,0,0
session_1867,user_2660,4/5/2025 18:53,product_page,Tablet,Australia,Social Media,61,0,0
session_1868,user_2087,1/24/2025 2:46,home,Desktop,France,Social Media,35,0,0
session_1868,user_2087,1/24/2025 2:47,product_page,Desktop,France,Social Media,82,0,0
session_1869,user_2534,8/13/2025 8:41,home,Desktop,India,Direct,179,0,0
session_1869,user_2534,8/13/2025 8:43,product_page,Desktop,India,Direct,124,0,0
session_1870,user_1872,6/7/2025 7:51,home,Tablet,France,Social Media,162,0,0
session_1870,user_1872,6/7/2025 7:51,product_page,Tablet,France,Social Media,26,0,0
session_1871,user_2103,3/5/2025 15:04,home,Desktop,India,Google,88,0,0
session_1872,user_1330,4/26/2025 17:00,home,Mobile,USA,Google,146,0,0
session_1872,user_1330,4/26/2025 17:03,product_page,Mobile,USA,Google,139,1,0
session_1873,user_1785,1/12/2025 14:54,home,Desktop,Canada,Social Media,177,0,0
session_1873,user_1785,1/12/2025 14:56,product_page,Desktop,Canada,Social Media,88,1,0
session_1874,user_2857,6/13/2025 19:58,home,Desktop,Canada,Email,99,0,0
session_1874,user_2857,6/13/2025 19:59,product_page,Desktop,Canada,Email,37,3,0
session_1875,user_2469,1/11/2025 17:04,home,Mobile,France,Social Media,44,0,1
session_1875,user_2469,1/11/2025 17:07,product_page,Mobile,France,Social Media,158,0,1
session_1875,user_2469,1/11/2025 17:09,cart,Mobile,France,Social Media,154,0,1
session_1875,user_2469,1/11/2025 17:11,checkout,Mobile,France,Social Media,98,2,1
session_1875,user_2469,1/11/2025 17:11,confirmation,Mobile,France,Social Media,20,0,1
session_1876,user_2855,5/1/2025 23:02,home,Desktop,USA,Direct,171,0,0
session_1876,user_2855,5/1/2025 23:04,product_page,Desktop,USA,Direct,77,5,0
session_1877,user_1885,6/5/2025 20:24,home,Tablet,USA,Email,116,0,0
session_1877,user_1885,6/5/2025 20:26,product_page,Tablet,USA,Email,107,5,0
session_1878,user_2728,6/6/2025 11:07,home,Desktop,UK,Social Media,114,0,0
session_1878,user_2728,6/6/2025 11:08,product_page,Desktop,UK,Social Media,52,5,0
session_1879,user_1020,3/21/2025 6:28,home,Tablet,France,Social Media,149,0,0
session_1879,user_1020,3/21/2025 6:29,product_page,Tablet,France,Social Media,49,3,0
session_1880,user_1723,6/24/2025 5:22,home,Mobile,India,Google,87,0,0
session_1881,user_1646,3/30/2025 15:08,home,Desktop,Canada,Email,136,0,1
session_1881,user_1646,3/30/2025 15:09,product_page,Desktop,Canada,Email,64,4,1
session_1881,user_1646,3/30/2025 15:10,cart,Desktop,Canada,Email,46,4,1
session_1881,user_1646,3/30/2025 15:11,checkout,Desktop,Canada,Email,26,4,1
session_1881,user_1646,3/30/2025 15:13,confirmation,Desktop,Canada,Email,112,0,1
session_1882,user_2505,3/31/2025 18:44,home,Mobile,USA,Email,78,0,0
session_1883,user_2290,1/21/2025 9:54,home,Tablet,UK,Direct,72,0,0
session_1883,user_2290,1/21/2025 9:55,product_page,Tablet,UK,Direct,63,1,0
session_1883,user_2290,1/21/2025 9:58,cart,Tablet,UK,Direct,145,1,0
session_1884,user_1858,7/23/2025 23:23,home,Tablet,Germany,Email,54,0,0
session_1885,user_2962,1/27/2025 12:37,home,Mobile,France,Google,120,0,0
session_1885,user_2962,1/27/2025 12:39,product_page,Mobile,France,Google,102,0,0
session_1886,user_2179,6/22/2025 4:59,home,Desktop,France,Google,80,0,0
session_1886,user_2179,6/22/2025 5:00,product_page,Desktop,France,Google,65,1,0
session_1887,user_1620,1/10/2025 15:45,home,Tablet,USA,Social Media,94,0,1
session_1887,user_1620,1/10/2025 15:46,product_page,Tablet,USA,Social Media,45,2,1
session_1887,user_1620,1/10/2025 15:47,cart,Tablet,USA,Social Media,60,2,1
session_1887,user_1620,1/10/2025 15:48,checkout,Tablet,USA,Social Media,56,2,1
session_1887,user_1620,1/10/2025 15:49,confirmation,Tablet,USA,Social Media,56,0,1
session_1888,user_1489,3/30/2025 1:39,home,Desktop,France,Email,169,0,0
session_1888,user_1489,3/30/2025 1:39,product_page,Desktop,France,Email,22,1,0
session_1889,user_1353,7/10/2025 6:45,home,Mobile,Canada,Google,68,0,0
session_1890,user_2821,2/23/2025 8:59,home,Mobile,Canada,Google,39,0,1
session_1890,user_2821,2/23/2025 9:01,product_page,Mobile,Canada,Google,118,3,1
session_1890,user_2821,2/23/2025 9:01,cart,Mobile,Canada,Google,40,3,1
session_1890,user_2821,2/23/2025 9:03,checkout,Mobile,Canada,Google,124,3,1
session_1890,user_2821,2/23/2025 9:04,confirmation,Mobile,Canada,Google,63,0,1
session_1891,user_1209,1/18/2025 8:43,home,Desktop,Australia,Email,98,0,0
session_1891,user_1209,1/18/2025 8:44,product_page,Desktop,Australia,Email,53,0,0
session_1892,user_1061,8/21/2025 0:38,home,Mobile,USA,Direct,29,0,0
session_1892,user_1061,8/21/2025 0:40,product_page,Mobile,USA,Direct,99,3,0
session_1893,user_1135,5/4/2025 1:41,home,Desktop,India,Email,63,0,0
session_1894,user_1185,2/17/2025 20:14,home,Mobile,Canada,Google,63,0,1
session_1894,user_1185,2/17/2025 20:16,product_page,Mobile,Canada,Google,103,3,1
session_1894,user_1185,2/17/2025 20:19,cart,Mobile,Canada,Google,178,3,1
session_1894,user_1185,2/17/2025 20:20,checkout,Mobile,Canada,Google,85,3,1
session_1894,user_1185,2/17/2025 20:21,confirmation,Mobile,Canada,Google,41,0,1
session_1895,user_2045,4/24/2025 18:37,home,Tablet,UK,Social Media,65,0,0
session_1895,user_2045,4/24/2025 18:39,product_page,Tablet,UK,Social Media,120,3,0
session_1896,user_2662,2/13/2025 18:59,home,Desktop,India,Social Media,141,0,0
session_1896,user_2662,2/13/2025 19:02,product_page,Desktop,India,Social Media,168,0,0
session_1897,user_1698,7/4/2025 22:44,home,Mobile,France,Direct,91,0,0
session_1898,user_2305,4/1/2025 16:39,home,Tablet,Canada,Email,62,0,0
session_1899,user_1389,3/16/2025 0:34,home,Tablet,Australia,Direct,74,0,1
session_1899,user_1389,3/16/2025 0:37,product_page,Tablet,Australia,Direct,152,0,1
session_1899,user_1389,3/16/2025 0:37,cart,Tablet,Australia,Direct,18,0,1
session_1899,user_1389,3/16/2025 0:38,checkout,Tablet,Australia,Direct,51,1,1
session_1899,user_1389,3/16/2025 0:41,confirmation,Tablet,Australia,Direct,144,0,1
session_1900,user_2003,4/12/2025 5:12,home,Tablet,USA,Google,69,0,0
session_1900,user_2003,4/12/2025 5:14,product_page,Tablet,USA,Google,82,0,0
session_1900,user_2003,4/12/2025 5:15,cart,Tablet,USA,Google,79,0,0
session_1901,user_2411,3/7/2025 14:23,home,Desktop,France,Direct,148,0,1
session_1901,user_2411,3/7/2025 14:25,product_page,Desktop,France,Direct,136,0,1
session_1901,user_2411,3/7/2025 14:27,cart,Desktop,France,Direct,120,0,1
session_1901,user_2411,3/7/2025 14:27,checkout,Desktop,France,Direct,18,3,1
session_1901,user_2411,3/7/2025 14:28,confirmation,Desktop,France,Direct,34,0,1
session_1902,user_2957,5/13/2025 4:31,home,Mobile,France,Social Media,113,0,0
session_1903,user_1274,5/9/2025 21:47,home,Desktop,Canada,Social Media,174,0,0
session_1903,user_1274,5/9/2025 21:49,product_page,Desktop,Canada,Social Media,120,0,0
session_1904,user_1042,1/4/2025 20:47,home,Tablet,UK,Email,48,0,0
session_1904,user_1042,1/4/2025 20:47,product_page,Tablet,UK,Email,29,0,0
session_1905,user_1069,8/21/2025 3:41,home,Tablet,UK,Social Media,20,0,1
session_1905,user_1069,8/21/2025 3:42,product_page,Tablet,UK,Social Media,42,2,1
session_1905,user_1069,8/21/2025 3:45,cart,Tablet,UK,Social Media,158,2,1
session_1905,user_1069,8/21/2025 3:48,checkout,Tablet,UK,Social Media,166,2,1
session_1905,user_1069,8/21/2025 3:49,confirmation,Tablet,UK,Social Media,92,0,1
session_1906,user_1140,7/25/2025 7:28,home,Desktop,Canada,Google,161,0,0
session_1906,user_1140,7/25/2025 7:29,product_page,Desktop,Canada,Google,67,2,0
session_1906,user_1140,7/25/2025 7:31,cart,Desktop,Canada,Google,87,2,0
session_1907,user_2522,6/1/2025 21:20,home,Tablet,Germany,Social Media,179,0,0
session_1908,user_1579,6/5/2025 4:19,home,Desktop,France,Google,82,0,0
session_1908,user_1579,6/5/2025 4:22,product_page,Desktop,France,Google,173,1,0
session_1909,user_1104,4/19/2025 5:17,home,Desktop,France,Social Media,35,0,0
session_1909,user_1104,4/19/2025 5:19,product_page,Desktop,France,Social Media,124,2,0
session_1910,user_2730,3/18/2025 0:36,home,Desktop,UK,Email,153,0,0
session_1910,user_2730,3/18/2025 0:39,product_page,Desktop,UK,Email,164,3,0
session_1911,user_2578,1/12/2025 22:43,home,Mobile,Canada,Email,37,0,0
session_1911,user_2578,1/12/2025 22:44,product_page,Mobile,Canada,Email,112,3,0
session_1911,user_2578,1/12/2025 22:45,cart,Mobile,Canada,Email,41,3,0
session_1911,user_2578,1/12/2025 22:47,checkout,Mobile,Canada,Email,126,3,0
session_1912,user_1692,3/26/2025 14:10,home,Mobile,USA,Google,87,0,0
session_1912,user_1692,3/26/2025 14:12,product_page,Mobile,USA,Google,96,3,0
session_1912,user_1692,3/26/2025 14:12,cart,Mobile,USA,Google,31,3,0
session_1913,user_2867,7/22/2025 12:46,home,Desktop,Germany,Google,69,0,1
session_1913,user_2867,7/22/2025 12:48,product_page,Desktop,Germany,Google,150,5,1
session_1913,user_2867,7/22/2025 12:50,cart,Desktop,Germany,Google,103,5,1
session_1913,user_2867,7/22/2025 12:53,checkout,Desktop,Germany,Google,166,5,1
session_1913,user_2867,7/22/2025 12:54,confirmation,Desktop,Germany,Google,87,0,1
session_1914,user_2716,1/21/2025 11:57,home,Tablet,France,Email,123,0,0
session_1915,user_2860,2/25/2025 13:32,home,Mobile,Canada,Google,15,0,0
session_1915,user_2860,2/25/2025 13:35,product_page,Mobile,Canada,Google,163,0,0
session_1916,user_1961,1/5/2025 20:17,home,Mobile,Germany,Google,180,0,1
session_1916,user_1961,1/5/2025 20:17,product_page,Mobile,Germany,Google,18,4,1
session_1916,user_1961,1/5/2025 20:20,cart,Mobile,Germany,Google,162,4,1
session_1916,user_1961,1/5/2025 20:21,checkout,Mobile,Germany,Google,54,4,1
session_1916,user_1961,1/5/2025 20:21,confirmation,Mobile,Germany,Google,18,0,1
session_1917,user_2388,1/2/2025 3:35,home,Tablet,India,Social Media,104,0,0
session_1917,user_2388,1/2/2025 3:36,product_page,Tablet,India,Social Media,83,5,0
session_1918,user_1732,1/11/2025 3:17,home,Desktop,Australia,Direct,50,0,0
session_1918,user_1732,1/11/2025 3:17,product_page,Desktop,Australia,Direct,50,4,0
session_1919,user_1258,8/10/2025 8:49,home,Tablet,India,Email,69,0,1
session_1919,user_1258,8/10/2025 8:50,product_page,Tablet,India,Email,57,5,1
session_1919,user_1258,8/10/2025 8:50,cart,Tablet,India,Email,37,5,1
session_1919,user_1258,8/10/2025 8:51,checkout,Tablet,India,Email,58,5,1
session_1919,user_1258,8/10/2025 8:53,confirmation,Tablet,India,Email,107,0,1
session_1920,user_1807,4/10/2025 8:12,home,Desktop,India,Direct,62,0,0
session_1921,user_1351,8/22/2025 16:53,home,Tablet,France,Direct,136,0,0
session_1922,user_2840,3/21/2025 15:40,home,Mobile,India,Google,105,0,1
session_1922,user_2840,3/21/2025 15:42,product_page,Mobile,India,Google,128,0,1
session_1922,user_2840,3/21/2025 15:43,cart,Mobile,India,Google,60,2,1
session_1922,user_2840,3/21/2025 15:45,checkout,Mobile,India,Google,108,2,1
session_1922,user_2840,3/21/2025 15:45,confirmation,Mobile,India,Google,15,0,1
session_1923,user_2926,8/22/2025 0:16,home,Mobile,Germany,Social Media,44,0,0
session_1923,user_2926,8/22/2025 0:19,product_page,Mobile,Germany,Social Media,168,5,0
session_1924,user_2295,1/8/2025 4:08,home,Tablet,USA,Google,174,0,0
session_1924,user_2295,1/8/2025 4:10,product_page,Tablet,USA,Google,104,0,0
session_1925,user_2098,7/22/2025 22:42,home,Mobile,Australia,Direct,173,0,0
session_1926,user_1182,3/2/2025 3:24,home,Mobile,Australia,Google,46,0,0
session_1927,user_1078,8/1/2025 8:17,home,Mobile,France,Email,136,0,0
session_1927,user_1078,8/1/2025 8:17,product_page,Mobile,France,Email,30,0,0
session_1928,user_1906,8/22/2025 23:25,home,Desktop,Canada,Google,51,0,1
session_1928,user_1906,8/22/2025 23:28,product_page,Desktop,Canada,Google,167,2,1
session_1928,user_1906,8/22/2025 23:31,cart,Desktop,Canada,Google,179,2,1
session_1928,user_1906,8/22/2025 23:31,checkout,Desktop,Canada,Google,23,2,1
session_1928,user_1906,8/22/2025 23:32,confirmation,Desktop,Canada,Google,63,0,1
session_1929,user_1834,8/10/2025 17:21,home,Mobile,France,Google,60,0,1
session_1929,user_1834,8/10/2025 17:23,product_page,Mobile,France,Google,133,5,1
session_1929,user_1834,8/10/2025 17:26,cart,Mobile,France,Google,175,5,1
session_1929,user_1834,8/10/2025 17:29,checkout,Mobile,France,Google,162,5,1
session_1929,user_1834,8/10/2025 17:29,confirmation,Mobile,France,Google,23,0,1
session_1930,user_2117,1/20/2025 18:44,home,Desktop,USA,Social Media,157,0,0
session_1931,user_1553,5/4/2025 19:24,home,Desktop,USA,Social Media,165,0,0
session_1931,user_1553,5/4/2025 19:27,product_page,Desktop,USA,Social Media,165,3,0
session_1932,user_1119,3/17/2025 13:13,home,Mobile,Canada,Email,30,0,0
session_1932,user_1119,3/17/2025 13:15,product_page,Mobile,Canada,Email,128,0,0
session_1933,user_2449,8/25/2025 22:41,home,Tablet,India,Google,112,0,0
session_1934,user_2444,8/27/2025 4:00,home,Tablet,Germany,Google,68,0,1
session_1934,user_2444,8/27/2025 4:02,product_page,Tablet,Germany,Google,90,2,1
session_1934,user_2444,8/27/2025 4:03,cart,Tablet,Germany,Google,99,2,1
session_1934,user_2444,8/27/2025 4:06,checkout,Tablet,Germany,Google,176,2,1
session_1934,user_2444,8/27/2025 4:08,confirmation,Tablet,Germany,Google,116,0,1
session_1935,user_1861,7/25/2025 7:58,home,Desktop,USA,Social Media,113,0,0
session_1935,user_1861,7/25/2025 7:59,product_page,Desktop,USA,Social Media,82,5,0
session_1936,user_1704,8/17/2025 0:31,home,Tablet,USA,Email,124,0,1
session_1936,user_1704,8/17/2025 0:32,product_page,Tablet,USA,Email,33,0,1
session_1936,user_1704,8/17/2025 0:34,cart,Tablet,USA,Email,176,0,1
session_1936,user_1704,8/17/2025 0:36,checkout,Tablet,USA,Email,108,3,1
session_1936,user_1704,8/17/2025 0:38,confirmation,Tablet,USA,Email,127,0,1
session_1937,user_2627,3/8/2025 18:50,home,Tablet,Germany,Direct,102,0,0
session_1937,user_2627,3/8/2025 18:51,product_page,Tablet,Germany,Direct,31,0,0
session_1938,user_2402,7/21/2025 22:18,home,Tablet,UK,Direct,86,0,0
session_1938,user_2402,7/21/2025 22:18,product_page,Tablet,UK,Direct,21,3,0
session_1938,user_2402,7/21/2025 22:18,cart,Tablet,UK,Direct,25,3,0
session_1939,user_2213,1/18/2025 13:51,home,Mobile,Australia,Direct,132,0,1
session_1939,user_2213,1/18/2025 13:53,product_page,Mobile,Australia,Direct,138,2,1
session_1939,user_2213,1/18/2025 13:56,cart,Mobile,Australia,Direct,138,2,1
session_1939,user_2213,1/18/2025 13:56,checkout,Mobile,Australia,Direct,44,2,1
session_1939,user_2213,1/18/2025 13:58,confirmation,Mobile,Australia,Direct,94,0,1
session_1940,user_1246,4/20/2025 4:01,home,Desktop,Canada,Email,167,0,1
session_1940,user_1246,4/20/2025 4:02,product_page,Desktop,Canada,Email,42,5,1
session_1940,user_1246,4/20/2025 4:04,cart,Desktop,Canada,Email,150,5,1
session_1940,user_1246,4/20/2025 4:07,checkout,Desktop,Canada,Email,152,5,1
session_1940,user_1246,4/20/2025 4:08,confirmation,Desktop,Canada,Email,49,0,1
session_1941,user_1882,2/17/2025 6:58,home,Desktop,USA,Email,82,0,0
session_1941,user_1882,2/17/2025 6:59,product_page,Desktop,USA,Email,20,0,0
session_1942,user_1805,3/18/2025 0:18,home,Desktop,UK,Google,163,0,0
session_1942,user_1805,3/18/2025 0:20,product_page,Desktop,UK,Google,149,0,0
session_1943,user_2684,2/2/2025 0:04,home,Desktop,USA,Email,132,0,0
session_1943,user_2684,2/2/2025 0:07,product_page,Desktop,USA,Email,139,1,0
session_1944,user_1808,7/22/2025 14:41,home,Desktop,India,Social Media,179,0,1
session_1944,user_1808,7/22/2025 14:42,product_page,Desktop,India,Social Media,75,1,1
session_1944,user_1808,7/22/2025 14:43,cart,Desktop,India,Social Media,99,1,1
session_1944,user_1808,7/22/2025 14:46,checkout,Desktop,India,Social Media,137,1,1
session_1944,user_1808,7/22/2025 14:48,confirmation,Desktop,India,Social Media,141,0,1
session_1945,user_1330,6/14/2025 5:18,home,Desktop,USA,Social Media,170,0,0
session_1945,user_1330,6/14/2025 5:21,product_page,Desktop,USA,Social Media,162,3,0
session_1946,user_2402,7/12/2025 2:30,home,Mobile,Australia,Google,41,0,1
session_1946,user_2402,7/12/2025 2:31,product_page,Mobile,Australia,Google,102,3,1
session_1946,user_2402,7/12/2025 2:32,cart,Mobile,Australia,Google,42,3,1
session_1946,user_2402,7/12/2025 2:34,checkout,Mobile,Australia,Google,122,3,1
session_1946,user_2402,7/12/2025 2:35,confirmation,Mobile,Australia,Google,75,0,1
session_1947,user_2820,3/3/2025 11:19,home,Desktop,Canada,Email,135,0,1
session_1947,user_2820,3/3/2025 11:21,product_page,Desktop,Canada,Email,79,3,1
session_1947,user_2820,3/3/2025 11:22,cart,Desktop,Canada,Email,68,3,1
session_1947,user_2820,3/3/2025 11:23,checkout,Desktop,Canada,Email,84,3,1
session_1947,user_2820,3/3/2025 11:25,confirmation,Desktop,Canada,Email,116,0,1
session_1948,user_1585,7/20/2025 1:53,home,Mobile,USA,Social Media,97,0,1
session_1948,user_1585,7/20/2025 1:54,product_page,Mobile,USA,Social Media,84,1,1
session_1948,user_1585,7/20/2025 1:56,cart,Mobile,USA,Social Media,111,1,1
session_1948,user_1585,7/20/2025 1:57,checkout,Mobile,USA,Social Media,82,1,1
session_1948,user_1585,7/20/2025 2:00,confirmation,Mobile,USA,Social Media,175,0,1
session_1949,user_2705,1/7/2025 10:47,home,Mobile,Australia,Email,91,0,0
session_1950,user_1690,4/6/2025 10:25,home,Mobile,Germany,Social Media,20,0,1
session_1950,user_1690,4/6/2025 10:26,product_page,Mobile,Germany,Social Media,87,0,1
session_1950,user_1690,4/6/2025 10:29,cart,Mobile,Germany,Social Media,171,1,1
session_1950,user_1690,4/6/2025 10:31,checkout,Mobile,Germany,Social Media,112,1,1
session_1950,user_1690,4/6/2025 10:33,confirmation,Mobile,Germany,Social Media,100,0,1
session_1951,user_1335,7/31/2025 8:35,home,Desktop,UK,Google,175,0,0
session_1951,user_1335,7/31/2025 8:36,product_page,Desktop,UK,Google,46,0,0
session_1952,user_1922,2/23/2025 5:01,home,Mobile,Canada,Email,153,0,0
session_1952,user_1922,2/23/2025 5:02,product_page,Mobile,Canada,Email,45,2,0
session_1952,user_1922,2/23/2025 5:03,cart,Mobile,Canada,Email,79,2,0
session_1952,user_1922,2/23/2025 5:06,checkout,Mobile,Canada,Email,159,2,0
session_1953,user_2618,6/28/2025 11:06,home,Tablet,Germany,Direct,87,0,0
session_1954,user_2631,7/14/2025 8:27,home,Desktop,UK,Social Media,129,0,0
session_1954,user_2631,7/14/2025 8:27,product_page,Desktop,UK,Social Media,45,4,0
session_1955,user_2800,4/30/2025 5:25,home,Desktop,Canada,Social Media,166,0,1
session_1955,user_2800,4/30/2025 5:26,product_page,Desktop,Canada,Social Media,73,1,1
session_1955,user_2800,4/30/2025 5:27,cart,Desktop,Canada,Social Media,51,1,1
session_1955,user_2800,4/30/2025 5:28,checkout,Desktop,Canada,Social Media,23,1,1
session_1955,user_2800,4/30/2025 5:29,confirmation,Desktop,Canada,Social Media,73,0,1
session_1956,user_2301,2/4/2025 7:01,home,Mobile,Canada,Google,161,0,0
session_1957,user_2336,7/2/2025 12:49,home,Mobile,Germany,Direct,47,0,0
session_1957,user_2336,7/2/2025 12:52,product_page,Mobile,Germany,Direct,174,0,0
session_1958,user_1364,1/28/2025 13:15,home,Tablet,Canada,Social Media,33,0,0
session_1958,user_1364,1/28/2025 13:17,product_page,Tablet,Canada,Social Media,121,4,0
session_1959,user_2257,4/13/2025 20:10,home,Tablet,Germany,Email,178,0,0
session_1959,user_2257,4/13/2025 20:12,product_page,Tablet,Germany,Email,139,0,0
session_1960,user_1223,2/8/2025 12:23,home,Tablet,Canada,Social Media,152,0,0
session_1960,user_1223,2/8/2025 12:23,product_page,Tablet,Canada,Social Media,27,0,0
session_1961,user_2012,2/17/2025 4:03,home,Tablet,Canada,Email,65,0,1
session_1961,user_2012,2/17/2025 4:05,product_page,Tablet,Canada,Email,147,5,1
session_1961,user_2012,2/17/2025 4:06,cart,Tablet,Canada,Email,42,5,1
session_1961,user_2012,2/17/2025 4:08,checkout,Tablet,Canada,Email,118,5,1
session_1961,user_2012,2/17/2025 4:11,confirmation,Tablet,Canada,Email,166,0,1
session_1962,user_2168,1/28/2025 3:04,home,Desktop,Australia,Social Media,168,0,0
session_1962,user_2168,1/28/2025 3:06,product_page,Desktop,Australia,Social Media,89,0,0
session_1963,user_1888,2/19/2025 20:55,home,Mobile,UK,Social Media,91,0,0
session_1964,user_2501,1/8/2025 19:23,home,Mobile,France,Email,169,0,1
session_1964,user_2501,1/8/2025 19:25,product_page,Mobile,France,Email,100,3,1
session_1964,user_2501,1/8/2025 19:27,cart,Mobile,France,Email,108,3,1
session_1964,user_2501,1/8/2025 19:27,checkout,Mobile,France,Email,31,3,1
session_1964,user_2501,1/8/2025 19:30,confirmation,Mobile,France,Email,134,0,1
session_1965,user_1209,8/25/2025 17:06,home,Desktop,Australia,Direct,92,0,0
session_1965,user_1209,8/25/2025 17:07,product_page,Desktop,Australia,Direct,61,5,0
session_1965,user_1209,8/25/2025 17:08,cart,Desktop,Australia,Direct,67,5,0
session_1966,user_1066,8/16/2025 22:06,home,Tablet,Canada,Email,104,0,0
session_1967,user_2127,7/22/2025 18:42,home,Mobile,Australia,Google,176,0,0
session_1967,user_2127,7/22/2025 18:42,product_page,Mobile,Australia,Google,48,4,0
session_1968,user_2607,7/26/2025 16:52,home,Mobile,Australia,Social Media,130,0,0
session_1968,user_2607,7/26/2025 16:53,product_page,Mobile,Australia,Social Media,39,2,0
session_1969,user_1516,7/8/2025 19:43,home,Mobile,Canada,Direct,86,0,0
session_1969,user_1516,7/8/2025 19:45,product_page,Mobile,Canada,Direct,97,0,0
session_1970,user_1780,3/11/2025 9:50,home,Desktop,Canada,Direct,152,0,1
session_1970,user_1780,3/11/2025 9:53,product_page,Desktop,Canada,Direct,141,4,1
session_1970,user_1780,3/11/2025 9:53,cart,Desktop,Canada,Direct,24,4,1
session_1970,user_1780,3/11/2025 9:54,checkout,Desktop,Canada,Direct,85,4,1
session_1970,user_1780,3/11/2025 9:55,confirmation,Desktop,Canada,Direct,25,0,1
session_1971,user_2677,1/10/2025 23:14,home,Mobile,France,Direct,95,0,0
session_1971,user_2677,1/10/2025 23:17,product_page,Mobile,France,Direct,164,4,0
session_1972,user_1634,1/16/2025 8:18,home,Desktop,France,Social Media,38,0,0
session_1972,user_1634,1/16/2025 8:20,product_page,Desktop,France,Social Media,126,0,0
session_1973,user_1740,4/9/2025 13:33,home,Mobile,Canada,Direct,51,0,0
session_1973,user_1740,4/9/2025 13:36,product_page,Mobile,Canada,Direct,180,5,0
session_1974,user_1710,6/18/2025 6:21,home,Mobile,Australia,Email,73,0,0
session_1975,user_2080,6/14/2025 0:00,home,Tablet,Australia,Email,126,0,0
session_1976,user_2245,2/13/2025 1:36,home,Desktop,Germany,Email,71,0,0
session_1976,user_2245,2/13/2025 1:38,product_page,Desktop,Germany,Email,104,3,0
session_1977,user_1404,7/6/2025 2:20,home,Mobile,Australia,Direct,21,0,1
session_1977,user_1404,7/6/2025 2:21,product_page,Mobile,Australia,Direct,38,4,1
session_1977,user_1404,7/6/2025 2:22,cart,Mobile,Australia,Direct,69,4,1
session_1977,user_1404,7/6/2025 2:22,checkout,Mobile,Australia,Direct,29,4,1
session_1977,user_1404,7/6/2025 2:24,confirmation,Mobile,Australia,Direct,70,0,1
session_1978,user_1608,3/4/2025 10:43,home,Mobile,India,Email,70,0,0
session_1979,user_1755,4/17/2025 9:49,home,Tablet,Germany,Email,47,0,1
session_1979,user_1755,4/17/2025 9:50,product_page,Tablet,Germany,Email,86,0,1
session_1979,user_1755,4/17/2025 9:53,cart,Tablet,Germany,Email,167,0,1
session_1979,user_1755,4/17/2025 9:53,checkout,Tablet,Germany,Email,30,3,1
session_1979,user_1755,4/17/2025 9:56,confirmation,Tablet,Germany,Email,124,0,1
session_1980,user_2669,8/21/2025 13:09,home,Mobile,Germany,Google,98,0,1
session_1980,user_2669,8/21/2025 13:09,product_page,Mobile,Germany,Google,22,1,1
session_1980,user_2669,8/21/2025 13:11,cart,Mobile,Germany,Google,95,1,1
session_1980,user_2669,8/21/2025 13:11,checkout,Mobile,Germany,Google,25,1,1
session_1980,user_2669,8/21/2025 13:12,confirmation,Mobile,Germany,Google,52,0,1
session_1981,user_2773,4/16/2025 18:42,home,Tablet,France,Email,154,0,0
session_1982,user_2677,6/23/2025 10:01,home,Mobile,Australia,Email,173,0,1
session_1982,user_2677,6/23/2025 10:02,product_page,Mobile,Australia,Email,17,0,1
session_1982,user_2677,6/23/2025 10:03,cart,Mobile,Australia,Email,84,0,1
session_1982,user_2677,6/23/2025 10:05,checkout,Mobile,Australia,Email,108,1,1
session_1982,user_2677,6/23/2025 10:06,confirmation,Mobile,Australia,Email,101,0,1
session_1983,user_2198,5/24/2025 20:55,home,Mobile,Canada,Email,44,0,0
session_1983,user_2198,5/24/2025 20:57,product_page,Mobile,Canada,Email,150,5,0
session_1984,user_1533,4/23/2025 3:13,home,Tablet,USA,Social Media,44,0,0
session_1985,user_1968,8/1/2025 8:13,home,Desktop,Germany,Direct,37,0,0
session_1986,user_2346,6/4/2025 5:20,home,Tablet,UK,Email,102,0,1
session_1986,user_2346,6/4/2025 5:22,product_page,Tablet,UK,Email,97,2,1
session_1986,user_2346,6/4/2025 5:24,cart,Tablet,UK,Email,122,2,1
session_1986,user_2346,6/4/2025 5:25,checkout,Tablet,UK,Email,24,2,1
session_1986,user_2346,6/4/2025 5:28,confirmation,Tablet,UK,Email,180,0,1
session_1987,user_2382,2/23/2025 3:42,home,Tablet,India,Google,174,0,0
session_1987,user_2382,2/23/2025 3:44,product_page,Tablet,India,Google,132,3,0
session_1987,user_2382,2/23/2025 3:46,cart,Tablet,India,Google,84,3,0
session_1988,user_1219,1/13/2025 8:13,home,Desktop,USA,Email,125,0,0
session_1988,user_1219,1/13/2025 8:14,product_page,Desktop,USA,Email,46,0,0
session_1988,user_1219,1/13/2025 8:15,cart,Desktop,USA,Email,81,4,0
session_1988,user_1219,1/13/2025 8:17,checkout,Desktop,USA,Email,93,4,0
session_1989,user_1505,5/12/2025 2:20,home,Mobile,UK,Email,115,0,0
session_1989,user_1505,5/12/2025 2:22,product_page,Mobile,UK,Email,104,0,0
session_1990,user_2475,6/27/2025 15:57,home,Mobile,France,Social Media,78,0,0
session_1990,user_2475,6/27/2025 15:59,product_page,Mobile,France,Social Media,173,0,0
session_1990,user_2475,6/27/2025 16:01,cart,Mobile,France,Social Media,120,0,0
session_1990,user_2475,6/27/2025 16:02,checkout,Mobile,France,Social Media,15,3,0
session_1991,user_1648,4/4/2025 21:38,home,Mobile,Germany,Email,28,0,0
session_1991,user_1648,4/4/2025 21:40,product_page,Mobile,Germany,Email,129,0,0
session_1992,user_2985,3/6/2025 6:10,home,Desktop,UK,Direct,75,0,0
session_1993,user_2446,5/26/2025 0:29,home,Desktop,UK,Email,145,0,1
session_1993,user_2446,5/26/2025 0:32,product_page,Desktop,UK,Email,169,0,1
session_1993,user_2446,5/26/2025 0:33,cart,Desktop,UK,Email,47,1,1
session_1993,user_2446,5/26/2025 0:34,checkout,Desktop,UK,Email,53,1,1
session_1993,user_2446,5/26/2025 0:35,confirmation,Desktop,UK,Email,83,0,1
session_1994,user_1697,5/21/2025 5:23,home,Mobile,USA,Email,171,0,1
session_1994,user_1697,5/21/2025 5:23,product_page,Mobile,USA,Email,26,3,1
session_1994,user_1697,5/21/2025 5:26,cart,Mobile,USA,Email,155,3,1
session_1994,user_1697,5/21/2025 5:27,checkout,Mobile,USA,Email,69,3,1
session_1994,user_1697,5/21/2025 5:28,confirmation,Mobile,USA,Email,65,0,1
session_1995,user_2285,7/19/2025 15:13,home,Tablet,Germany,Social Media,133,0,1
session_1995,user_2285,7/19/2025 15:15,product_page,Tablet,Germany,Social Media,116,5,1
session_1995,user_2285,7/19/2025 15:16,cart,Tablet,Germany,Social Media,92,5,1
session_1995,user_2285,7/19/2025 15:19,checkout,Tablet,Germany,Social Media,149,5,1
session_1995,user_2285,7/19/2025 15:22,confirmation,Tablet,Germany,Social Media,180,0,1
session_1996,user_1683,8/25/2025 21:44,home,Tablet,UK,Google,174,0,0
session_1996,user_1683,8/25/2025 21:46,product_page,Tablet,UK,Google,147,0,0
session_1997,user_2380,5/15/2025 17:31,home,Tablet,France,Google,118,0,0
session_1997,user_2380,5/15/2025 17:33,product_page,Tablet,France,Google,149,2,0
session_1998,user_2265,5/16/2025 6:09,home,Mobile,Australia,Google,38,0,0
session_1998,user_2265,5/16/2025 6:10,product_page,Mobile,Australia,Google,45,3,0
session_1998,user_2265,5/16/2025 6:11,cart,Mobile,Australia,Google,45,3,0
session_1999,user_2258,3/8/2025 15:32,home,Mobile,USA,Social Media,36,0,0
session_1999,user_2258,3/8/2025 15:33,product_page,Mobile,USA,Social Media,72,0,0
session_2000,user_1488,7/12/2025 16:02,home,Tablet,France,Email,80,0,0
session_2000,user_1488,7/12/2025 16:03,product_page,Tablet,France,Email,83,0,0
session_2001,user_1538,7/13/2025 15:23,home,Desktop,Germany,Direct,117,0,0
session_2001,user_1538,7/13/2025 15:23,product_page,Desktop,Germany,Direct,25,4,0
session_2001,user_1538,7/13/2025 15:24,cart,Desktop,Germany,Direct,22,4,0
session_2002,user_2073,4/2/2025 23:04,home,Desktop,India,Email,175,0,0
session_2003,user_2871,2/6/2025 4:16,home,Desktop,India,Email,155,0,0
session_2003,user_2871,2/6/2025 4:18,product_page,Desktop,India,Email,118,1,0
session_2004,user_2752,6/14/2025 18:22,home,Mobile,France,Email,95,0,0
session_2004,user_2752,6/14/2025 18:24,product_page,Mobile,France,Email,105,0,0
session_2005,user_1531,5/9/2025 3:15,home,Desktop,India,Social Media,163,0,1
session_2005,user_1531,5/9/2025 3:16,product_page,Desktop,India,Social Media,50,3,1
session_2005,user_1531,5/9/2025 3:17,cart,Desktop,India,Social Media,90,3,1
session_2005,user_1531,5/9/2025 3:18,checkout,Desktop,India,Social Media,30,3,1
session_2005,user_1531,5/9/2025 3:20,confirmation,Desktop,India,Social Media,142,0,1
session_2006,user_2114,3/20/2025 17:33,home,Tablet,India,Social Media,58,0,0
session_2007,user_2797,4/2/2025 16:37,home,Desktop,India,Email,121,0,0
session_2007,user_2797,4/2/2025 16:37,product_page,Desktop,India,Email,19,4,0
session_2008,user_2540,7/14/2025 6:13,home,Desktop,UK,Direct,151,0,0
session_2009,user_1235,7/11/2025 11:35,home,Tablet,Australia,Social Media,109,0,0
session_2010,user_1377,7/25/2025 11:26,home,Tablet,UK,Email,47,0,1
session_2010,user_1377,7/25/2025 11:27,product_page,Tablet,UK,Email,50,2,1
session_2010,user_1377,7/25/2025 11:28,cart,Tablet,UK,Email,78,2,1
session_2010,user_1377,7/25/2025 11:31,checkout,Tablet,UK,Email,148,2,1
session_2010,user_1377,7/25/2025 11:31,confirmation,Tablet,UK,Email,17,0,1
session_2011,user_2231,6/26/2025 14:02,home,Mobile,India,Social Media,108,0,0
session_2011,user_2231,6/26/2025 14:03,product_page,Mobile,India,Social Media,37,0,0
session_2012,user_1302,4/5/2025 8:33,home,Tablet,UK,Direct,109,0,0
session_2012,user_1302,4/5/2025 8:35,product_page,Tablet,UK,Direct,127,3,0
session_2013,user_2103,4/24/2025 9:11,home,Desktop,Australia,Social Media,71,0,0
session_2013,user_2103,4/24/2025 9:13,product_page,Desktop,Australia,Social Media,110,1,0
session_2014,user_2272,7/11/2025 3:26,home,Mobile,France,Social Media,96,0,0
session_2014,user_2272,7/11/2025 3:29,product_page,Mobile,France,Social Media,177,3,0
session_2015,user_1257,7/17/2025 4:34,home,Mobile,France,Direct,91,0,0
session_2015,user_1257,7/17/2025 4:34,product_page,Mobile,France,Direct,31,5,0
session_2016,user_1659,3/21/2025 9:57,home,Tablet,Germany,Google,70,0,0
session_2017,user_1411,5/13/2025 5:46,home,Tablet,India,Google,140,0,0
session_2017,user_1411,5/13/2025 5:46,product_page,Tablet,India,Google,21,0,0
session_2018,user_2092,6/6/2025 0:26,home,Mobile,India,Google,159,0,1
session_2018,user_2092,6/6/2025 0:27,product_page,Mobile,India,Google,53,4,1
session_2018,user_2092,6/6/2025 0:30,cart,Mobile,India,Google,157,4,1
session_2018,user_2092,6/6/2025 0:32,checkout,Mobile,India,Google,143,4,1
session_2018,user_2092,6/6/2025 0:32,confirmation,Mobile,India,Google,24,0,1
session_2019,user_2413,4/26/2025 1:25,home,Desktop,UK,Google,100,0,0
session_2020,user_2527,5/1/2025 16:18,home,Mobile,Germany,Direct,122,0,0
session_2021,user_1448,8/6/2025 13:25,home,Mobile,Canada,Email,180,0,0
session_2022,user_1184,8/21/2025 20:10,home,Tablet,India,Email,123,0,0
session_2022,user_1184,8/21/2025 20:11,product_page,Tablet,India,Email,63,0,0
session_2023,user_1918,4/30/2025 17:02,home,Tablet,India,Email,39,0,0
session_2024,user_2122,1/4/2025 20:50,home,Desktop,Germany,Email,64,0,0
session_2024,user_2122,1/4/2025 20:51,product_page,Desktop,Germany,Email,46,2,0
session_2025,user_2222,2/19/2025 0:07,home,Desktop,Germany,Email,80,0,0
session_2025,user_2222,2/19/2025 0:09,product_page,Desktop,Germany,Email,120,1,0
session_2026,user_1387,5/4/2025 1:51,home,Tablet,UK,Direct,36,0,0
session_2026,user_1387,5/4/2025 1:52,product_page,Tablet,UK,Direct,51,0,0
session_2027,user_2274,1/16/2025 5:25,home,Tablet,India,Direct,87,0,0
session_2027,user_2274,1/16/2025 5:26,product_page,Tablet,India,Direct,80,3,0
session_2028,user_2355,8/14/2025 6:07,home,Tablet,Canada,Social Media,174,0,0
session_2028,user_2355,8/14/2025 6:09,product_page,Tablet,Canada,Social Media,167,2,0
session_2028,user_2355,8/14/2025 6:11,cart,Tablet,Canada,Social Media,73,2,0
session_2029,user_1031,6/11/2025 11:48,home,Tablet,Australia,Email,146,0,0
session_2030,user_2902,6/17/2025 14:57,home,Tablet,India,Email,25,0,0
session_2030,user_2902,6/17/2025 14:59,product_page,Tablet,India,Email,121,2,0
session_2031,user_2502,8/21/2025 6:20,home,Desktop,Canada,Direct,91,0,0
session_2031,user_2502,8/21/2025 6:20,product_page,Desktop,Canada,Direct,17,5,0
session_2032,user_1084,4/13/2025 7:12,home,Desktop,Germany,Social Media,31,0,0
session_2033,user_1105,4/3/2025 2:26,home,Tablet,Canada,Direct,60,0,0
session_2034,user_2344,8/17/2025 11:15,home,Desktop,USA,Email,116,0,1
session_2034,user_2344,8/17/2025 11:16,product_page,Desktop,USA,Email,101,1,1
session_2034,user_2344,8/17/2025 11:18,cart,Desktop,USA,Email,68,1,1
session_2034,user_2344,8/17/2025 11:19,checkout,Desktop,USA,Email,75,1,1
session_2034,user_2344,8/17/2025 11:19,confirmation,Desktop,USA,Email,23,0,1
session_2035,user_1687,7/23/2025 19:01,home,Desktop,India,Social Media,96,0,0
session_2035,user_1687,7/23/2025 19:03,product_page,Desktop,India,Social Media,92,4,0
session_2036,user_2987,1/26/2025 10:01,home,Mobile,Canada,Google,88,0,0
session_2037,user_1319,7/15/2025 6:39,home,Desktop,Australia,Direct,115,0,0
session_2038,user_1204,5/7/2025 4:35,home,Tablet,France,Social Media,38,0,0
session_2038,user_1204,5/7/2025 4:37,product_page,Tablet,France,Social Media,172,1,0
session_2039,user_2487,6/19/2025 0:10,home,Mobile,USA,Email,52,0,0
session_2039,user_2487,6/19/2025 0:12,product_page,Mobile,USA,Email,144,5,0
session_2039,user_2487,6/19/2025 0:14,cart,Mobile,USA,Email,109,5,0
session_2040,user_2711,6/30/2025 23:59,home,Tablet,Germany,Direct,176,0,0
session_2040,user_2711,7/1/2025 0:02,product_page,Tablet,Germany,Direct,143,4,0
session_2041,user_1086,6/25/2025 0:31,home,Tablet,UK,Email,104,0,1
session_2041,user_1086,6/25/2025 0:31,product_page,Tablet,UK,Email,56,0,1
session_2041,user_1086,6/25/2025 0:34,cart,Tablet,UK,Email,169,0,1
session_2041,user_1086,6/25/2025 0:35,checkout,Tablet,UK,Email,31,1,1
session_2041,user_1086,6/25/2025 0:37,confirmation,Tablet,UK,Email,163,0,1
session_2042,user_2495,8/13/2025 11:50,home,Tablet,Canada,Social Media,26,0,1
session_2042,user_2495,8/13/2025 11:52,product_page,Tablet,Canada,Social Media,97,0,1
session_2042,user_2495,8/13/2025 11:53,cart,Tablet,Canada,Social Media,73,2,1
session_2042,user_2495,8/13/2025 11:55,checkout,Tablet,Canada,Social Media,96,2,1
session_2042,user_2495,8/13/2025 11:56,confirmation,Tablet,Canada,Social Media,103,0,1
session_2043,user_2561,2/12/2025 18:46,home,Tablet,UK,Direct,40,0,0
session_2043,user_2561,2/12/2025 18:49,product_page,Tablet,UK,Direct,179,0,0
session_2044,user_2533,8/1/2025 18:21,home,Desktop,France,Direct,75,0,0
session_2044,user_2533,8/1/2025 18:24,product_page,Desktop,France,Direct,170,2,0
session_2045,user_2753,1/15/2025 15:04,home,Tablet,Canada,Direct,65,0,0
session_2045,user_2753,1/15/2025 15:06,product_page,Tablet,Canada,Direct,140,0,0
session_2046,user_1487,2/26/2025 6:32,home,Tablet,Canada,Email,130,0,0
session_2047,user_1400,8/13/2025 19:38,home,Mobile,USA,Social Media,73,0,0
session_2047,user_1400,8/13/2025 19:39,product_page,Mobile,USA,Social Media,96,1,0
session_2047,user_1400,8/13/2025 19:41,cart,Mobile,USA,Social Media,69,1,0
session_2048,user_2545,2/9/2025 7:50,home,Mobile,France,Direct,68,0,0
session_2049,user_1183,2/23/2025 12:22,home,Mobile,France,Direct,168,0,0
session_2049,user_1183,2/23/2025 12:24,product_page,Mobile,France,Direct,122,2,0
session_2050,user_2846,8/28/2025 19:42,home,Mobile,Australia,Direct,40,0,0
session_2050,user_2846,8/28/2025 19:42,product_page,Mobile,Australia,Direct,20,0,0
session_2050,user_2846,8/28/2025 19:45,cart,Mobile,Australia,Direct,168,0,0
session_2051,user_1016,2/19/2025 14:37,home,Mobile,Australia,Direct,48,0,0
session_2052,user_1398,7/27/2025 14:35,home,Tablet,Germany,Email,77,0,0
session_2052,user_1398,7/27/2025 14:38,product_page,Tablet,Germany,Email,179,0,0
session_2053,user_2285,1/25/2025 3:22,home,Desktop,Australia,Email,90,0,1
session_2053,user_2285,1/25/2025 3:22,product_page,Desktop,Australia,Email,21,2,1
session_2053,user_2285,1/25/2025 3:25,cart,Desktop,Australia,Email,143,2,1
session_2053,user_2285,1/25/2025 3:27,checkout,Desktop,Australia,Email,160,2,1
session_2053,user_2285,1/25/2025 3:29,confirmation,Desktop,Australia,Email,111,0,1
session_2054,user_2816,4/28/2025 17:04,home,Tablet,India,Google,127,0,0
session_2054,user_2816,4/28/2025 17:04,product_page,Tablet,India,Google,23,0,0
session_2055,user_1089,7/18/2025 18:59,home,Desktop,USA,Google,86,0,0
session_2056,user_1361,8/23/2025 0:38,home,Tablet,Australia,Direct,87,0,0
session_2057,user_1602,7/17/2025 14:42,home,Desktop,USA,Google,88,0,0
session_2057,user_1602,7/17/2025 14:45,product_page,Desktop,USA,Google,142,2,0
session_2058,user_1757,6/5/2025 17:51,home,Tablet,Australia,Direct,114,0,0
session_2058,user_1757,6/5/2025 17:52,product_page,Tablet,Australia,Direct,98,4,0
session_2059,user_2373,7/9/2025 10:10,home,Desktop,Germany,Direct,112,0,0
session_2060,user_1723,3/9/2025 11:58,home,Desktop,USA,Email,57,0,0
session_2060,user_1723,3/9/2025 11:59,product_page,Desktop,USA,Email,27,4,0
session_2061,user_2747,1/29/2025 22:47,home,Desktop,India,Google,76,0,0
session_2061,user_2747,1/29/2025 22:50,product_page,Desktop,India,Google,174,0,0
session_2062,user_2053,2/19/2025 4:00,home,Mobile,India,Google,73,0,0
session_2062,user_2053,2/19/2025 4:00,product_page,Mobile,India,Google,18,5,0
session_2063,user_1240,1/10/2025 2:23,home,Mobile,India,Direct,78,0,1
session_2063,user_1240,1/10/2025 2:24,product_page,Mobile,India,Direct,46,3,1
session_2063,user_1240,1/10/2025 2:26,cart,Mobile,India,Direct,146,3,1
session_2063,user_1240,1/10/2025 2:27,checkout,Mobile,India,Direct,26,3,1
session_2063,user_1240,1/10/2025 2:28,confirmation,Mobile,India,Direct,69,0,1
session_2064,user_2368,1/28/2025 14:00,home,Mobile,Germany,Social Media,29,0,1
session_2064,user_2368,1/28/2025 14:03,product_page,Mobile,Germany,Social Media,168,3,1
session_2064,user_2368,1/28/2025 14:05,cart,Mobile,Germany,Social Media,90,3,1
session_2064,user_2368,1/28/2025 14:07,checkout,Mobile,Germany,Social Media,155,3,1
session_2064,user_2368,1/28/2025 14:08,confirmation,Mobile,Germany,Social Media,31,0,1
session_2065,user_2867,1/10/2025 13:48,home,Desktop,UK,Social Media,97,0,0
session_2066,user_1310,4/7/2025 13:14,home,Tablet,Canada,Google,37,0,0
session_2067,user_1140,7/22/2025 22:12,home,Tablet,UK,Social Media,17,0,1
session_2067,user_1140,7/22/2025 22:13,product_page,Tablet,UK,Social Media,58,1,1
session_2067,user_1140,7/22/2025 22:14,cart,Tablet,UK,Social Media,84,1,1
session_2067,user_1140,7/22/2025 22:16,checkout,Tablet,UK,Social Media,109,1,1
session_2067,user_1140,7/22/2025 22:19,confirmation,Tablet,UK,Social Media,169,0,1
session_2068,user_2683,2/21/2025 13:05,home,Tablet,Australia,Google,149,0,1
session_2068,user_2683,2/21/2025 13:06,product_page,Tablet,Australia,Google,69,2,1
session_2068,user_2683,2/21/2025 13:07,cart,Tablet,Australia,Google,67,2,1
session_2068,user_2683,2/21/2025 13:08,checkout,Tablet,Australia,Google,56,2,1
session_2068,user_2683,2/21/2025 13:09,confirmation,Tablet,Australia,Google,17,0,1
session_2069,user_2781,6/14/2025 2:04,home,Desktop,Australia,Google,19,0,0
session_2070,user_2369,1/24/2025 20:27,home,Desktop,USA,Google,90,0,1
session_2070,user_2369,1/24/2025 20:28,product_page,Desktop,USA,Google,61,2,1
session_2070,user_2369,1/24/2025 20:30,cart,Desktop,USA,Google,109,2,1
session_2070,user_2369,1/24/2025 20:33,checkout,Desktop,USA,Google,175,2,1
session_2070,user_2369,1/24/2025 20:34,confirmation,Desktop,USA,Google,75,0,1
session_2071,user_1781,6/21/2025 15:49,home,Desktop,France,Direct,124,0,0
session_2072,user_1016,4/5/2025 20:44,home,Tablet,France,Direct,92,0,0
session_2072,user_1016,4/5/2025 20:45,product_page,Tablet,France,Direct,27,0,0
session_2073,user_1512,8/20/2025 17:44,home,Mobile,Germany,Google,171,0,0
session_2073,user_1512,8/20/2025 17:46,product_page,Mobile,Germany,Google,116,4,0
session_2074,user_1716,1/9/2025 15:51,home,Tablet,Canada,Direct,85,0,0
session_2075,user_2031,2/9/2025 20:06,home,Tablet,USA,Direct,80,0,0
session_2075,user_2031,2/9/2025 20:08,product_page,Tablet,USA,Direct,155,4,0
session_2076,user_2912,2/3/2025 23:08,home,Mobile,Germany,Social Media,107,0,0
session_2076,user_2912,2/3/2025 23:09,product_page,Mobile,Germany,Social Media,87,0,0
session_2077,user_1396,5/15/2025 10:14,home,Tablet,Canada,Social Media,15,0,0
session_2077,user_1396,5/15/2025 10:14,product_page,Tablet,Canada,Social Media,28,0,0
session_2078,user_2408,6/30/2025 4:09,home,Tablet,France,Email,51,0,0
session_2078,user_2408,6/30/2025 4:09,product_page,Tablet,France,Email,36,0,0
session_2079,user_2898,2/18/2025 18:38,home,Desktop,France,Email,16,0,0
session_2079,user_2898,2/18/2025 18:41,product_page,Desktop,France,Email,165,0,0
session_2080,user_1128,4/24/2025 17:38,home,Tablet,Germany,Social Media,166,0,0
session_2080,user_1128,4/24/2025 17:39,product_page,Tablet,Germany,Social Media,79,1,0
session_2081,user_1708,2/27/2025 6:11,home,Mobile,Australia,Social Media,154,0,0
session_2081,user_1708,2/27/2025 6:12,product_page,Mobile,Australia,Social Media,100,4,0
session_2082,user_1046,6/11/2025 20:34,home,Mobile,UK,Social Media,50,0,0
session_2082,user_1046,6/11/2025 20:36,product_page,Mobile,UK,Social Media,153,3,0
session_2083,user_1475,4/9/2025 17:05,home,Mobile,Australia,Direct,82,0,0
session_2084,user_2455,7/27/2025 7:21,home,Mobile,France,Google,108,0,1
session_2084,user_2455,7/27/2025 7:24,product_page,Mobile,France,Google,154,4,1
session_2084,user_2455,7/27/2025 7:24,cart,Mobile,France,Google,35,4,1
session_2084,user_2455,7/27/2025 7:25,checkout,Mobile,France,Google,17,4,1
session_2084,user_2455,7/27/2025 7:26,confirmation,Mobile,France,Google,84,0,1
session_2085,user_1282,7/9/2025 17:51,home,Tablet,India,Social Media,55,0,0
session_2085,user_1282,7/9/2025 17:53,product_page,Tablet,India,Social Media,153,0,0
session_2086,user_2477,3/27/2025 21:56,home,Tablet,France,Email,39,0,0
session_2086,user_2477,3/27/2025 21:58,product_page,Tablet,France,Email,155,0,0
session_2087,user_1751,8/27/2025 11:18,home,Tablet,Canada,Social Media,37,0,0
session_2087,user_1751,8/27/2025 11:20,product_page,Tablet,Canada,Social Media,112,4,0
session_2088,user_2176,6/12/2025 15:50,home,Desktop,Canada,Social Media,126,0,0
session_2088,user_2176,6/12/2025 15:53,product_page,Desktop,Canada,Social Media,151,0,0
session_2089,user_1261,3/15/2025 8:54,home,Tablet,France,Social Media,170,0,0
session_2089,user_1261,3/15/2025 8:56,product_page,Tablet,France,Social Media,103,1,0
session_2090,user_1642,6/17/2025 7:35,home,Mobile,USA,Email,126,0,0
session_2090,user_1642,6/17/2025 7:37,product_page,Mobile,USA,Email,127,1,0
session_2091,user_2809,1/30/2025 6:36,home,Desktop,India,Direct,127,0,0
session_2091,user_2809,1/30/2025 6:38,product_page,Desktop,India,Direct,97,0,0
session_2092,user_2192,8/2/2025 10:32,home,Mobile,Canada,Google,112,0,0
session_2093,user_1970,8/8/2025 7:31,home,Desktop,Canada,Social Media,155,0,0
session_2093,user_1970,8/8/2025 7:33,product_page,Desktop,Canada,Social Media,93,5,0
session_2094,user_1520,8/7/2025 1:03,home,Tablet,Australia,Social Media,136,0,0
session_2094,user_1520,8/7/2025 1:03,product_page,Tablet,Australia,Social Media,45,4,0
session_2095,user_2732,7/4/2025 17:02,home,Tablet,UK,Direct,50,0,0
session_2096,user_2341,4/7/2025 14:32,home,Desktop,Germany,Email,156,0,0
session_2096,user_2341,4/7/2025 14:35,product_page,Desktop,Germany,Email,154,5,0
session_2096,user_2341,4/7/2025 14:36,cart,Desktop,Germany,Email,56,5,0
session_2097,user_2837,1/4/2025 4:10,home,Mobile,India,Direct,153,0,0
session_2098,user_2498,2/3/2025 5:00,home,Desktop,Canada,Email,127,0,0
session_2098,user_2498,2/3/2025 5:02,product_page,Desktop,Canada,Email,125,5,0
session_2099,user_2105,8/31/2025 6:55,home,Mobile,Australia,Google,21,0,0
session_2100,user_2460,5/14/2025 15:24,home,Tablet,Canada,Email,15,0,0
session_2100,user_2460,5/14/2025 15:27,product_page,Tablet,Canada,Email,126,4,0
session_2100,user_2460,5/14/2025 15:28,cart,Tablet,Canada,Email,83,4,0
session_2101,user_1617,8/8/2025 4:11,home,Desktop,UK,Email,109,0,1
session_2101,user_1617,8/8/2025 4:12,product_page,Desktop,UK,Email,70,0,1
session_2101,user_1617,8/8/2025 4:15,cart,Desktop,UK,Email,159,4,1
session_2101,user_1617,8/8/2025 4:16,checkout,Desktop,UK,Email,66,4,1
session_2101,user_1617,8/8/2025 4:19,confirmation,Desktop,UK,Email,172,0,1
session_2102,user_1288,7/17/2025 1:03,home,Desktop,Australia,Google,129,0,0
session_2102,user_1288,7/17/2025 1:05,product_page,Desktop,Australia,Google,121,4,0
session_2103,user_1139,2/12/2025 1:18,home,Tablet,Germany,Social Media,161,0,0
session_2103,user_1139,2/12/2025 1:19,product_page,Tablet,Germany,Social Media,86,0,0
session_2104,user_1884,3/16/2025 5:00,home,Tablet,USA,Direct,124,0,0
session_2104,user_1884,3/16/2025 5:02,product_page,Tablet,USA,Direct,117,2,0
session_2105,user_2929,6/23/2025 8:13,home,Mobile,Germany,Google,129,0,0
session_2105,user_2929,6/23/2025 8:13,product_page,Mobile,Germany,Google,25,4,0
session_2106,user_1512,5/16/2025 20:40,home,Tablet,India,Direct,161,0,0
session_2106,user_1512,5/16/2025 20:42,product_page,Tablet,India,Direct,139,2,0
session_2107,user_1539,8/14/2025 5:10,home,Desktop,USA,Social Media,97,0,0
session_2107,user_1539,8/14/2025 5:13,product_page,Desktop,USA,Social Media,158,3,0
session_2108,user_1933,1/1/2025 0:35,home,Tablet,France,Direct,98,0,1
session_2108,user_1933,1/1/2025 0:35,product_page,Tablet,France,Direct,37,3,1
session_2108,user_1933,1/1/2025 0:37,cart,Tablet,France,Direct,92,3,1
session_2108,user_1933,1/1/2025 0:39,checkout,Tablet,France,Direct,120,3,1
session_2108,user_1933,1/1/2025 0:41,confirmation,Tablet,France,Direct,96,0,1
session_2109,user_2465,5/8/2025 20:53,home,Mobile,UK,Google,112,0,0
session_2110,user_2045,8/15/2025 12:03,home,Desktop,Australia,Email,159,0,0
session_2110,user_2045,8/15/2025 12:05,product_page,Desktop,Australia,Email,128,5,0
session_2111,user_1068,6/19/2025 4:00,home,Desktop,UK,Social Media,51,0,0
session_2112,user_1945,8/2/2025 19:58,home,Tablet,Germany,Direct,92,0,0
session_2112,user_1945,8/2/2025 20:00,product_page,Tablet,Germany,Direct,159,5,0
session_2113,user_1429,7/15/2025 20:28,home,Mobile,France,Social Media,145,0,0
session_2114,user_1924,5/18/2025 2:26,home,Tablet,Canada,Direct,26,0,0
session_2114,user_1924,5/18/2025 2:28,product_page,Tablet,Canada,Direct,115,5,0
session_2115,user_2022,8/11/2025 14:22,home,Mobile,USA,Google,111,0,0
session_2115,user_2022,8/11/2025 14:24,product_page,Mobile,USA,Google,124,1,0
session_2116,user_1235,2/1/2025 18:34,home,Mobile,Germany,Google,162,0,1
session_2116,user_1235,2/1/2025 18:35,product_page,Mobile,Germany,Google,70,0,1
session_2116,user_1235,2/1/2025 18:36,cart,Mobile,Germany,Google,61,0,1
session_2116,user_1235,2/1/2025 18:36,checkout,Mobile,Germany,Google,17,2,1
session_2116,user_1235,2/1/2025 18:36,confirmation,Mobile,Germany,Google,24,0,1
session_2117,user_2604,3/20/2025 13:20,home,Tablet,UK,Direct,137,0,0
session_2117,user_2604,3/20/2025 13:21,product_page,Tablet,UK,Direct,82,5,0
session_2118,user_1002,6/10/2025 7:24,home,Tablet,Germany,Social Media,171,0,1
session_2118,user_1002,6/10/2025 7:26,product_page,Tablet,Germany,Social Media,154,0,1
session_2118,user_1002,6/10/2025 7:29,cart,Tablet,Germany,Social Media,178,5,1
session_2118,user_1002,6/10/2025 7:30,checkout,Tablet,Germany,Social Media,71,5,1
session_2118,user_1002,6/10/2025 7:32,confirmation,Tablet,Germany,Social Media,75,0,1
session_2119,user_2251,8/19/2025 3:12,home,Mobile,USA,Google,115,0,1
session_2119,user_2251,8/19/2025 3:14,product_page,Mobile,USA,Google,140,0,1
session_2119,user_2251,8/19/2025 3:17,cart,Mobile,USA,Google,163,3,1
session_2119,user_2251,8/19/2025 3:17,checkout,Mobile,USA,Google,46,3,1
session_2119,user_2251,8/19/2025 3:19,confirmation,Mobile,USA,Google,69,0,1
session_2120,user_1171,6/13/2025 15:13,home,Mobile,Australia,Direct,41,0,0
session_2121,user_3001,7/14/2025 9:25,home,Mobile,France,Google,51,0,1
session_2121,user_3001,7/14/2025 9:28,product_page,Mobile,France,Google,173,2,1
session_2121,user_3001,7/14/2025 9:30,cart,Mobile,France,Google,137,2,1
session_2121,user_3001,7/14/2025 9:32,checkout,Mobile,France,Google,80,2,1
session_2121,user_3001,7/14/2025 9:33,confirmation,Mobile,France,Google,52,0,1
session_2122,user_2045,2/8/2025 22:58,home,Mobile,Germany,Social Media,138,0,1
session_2122,user_2045,2/8/2025 23:00,product_page,Mobile,Germany,Social Media,127,1,1
session_2122,user_2045,2/8/2025 23:01,cart,Mobile,Germany,Social Media,83,1,1
session_2122,user_2045,2/8/2025 23:03,checkout,Mobile,Germany,Social Media,86,1,1
session_2122,user_2045,2/8/2025 23:03,confirmation,Mobile,Germany,Social Media,24,0,1
session_2123,user_2637,2/19/2025 14:09,home,Tablet,Australia,Direct,44,0,1
session_2123,user_2637,2/19/2025 14:10,product_page,Tablet,Australia,Direct,64,0,1
session_2123,user_2637,2/19/2025 14:12,cart,Tablet,Australia,Direct,121,4,1
session_2123,user_2637,2/19/2025 14:14,checkout,Tablet,Australia,Direct,118,4,1
session_2123,user_2637,2/19/2025 14:16,confirmation,Tablet,Australia,Direct,128,0,1
session_2124,user_2886,8/15/2025 15:08,home,Mobile,India,Direct,61,0,0
session_2125,user_1909,8/25/2025 21:08,home,Desktop,UK,Email,65,0,0
session_2125,user_1909,8/25/2025 21:09,product_page,Desktop,UK,Email,19,3,0
session_2125,user_1909,8/25/2025 21:10,cart,Desktop,UK,Email,66,3,0
session_2126,user_2933,3/26/2025 14:56,home,Tablet,UK,Google,44,0,0
session_2127,user_2275,4/1/2025 21:48,home,Desktop,USA,Email,36,0,0
session_2128,user_2558,8/14/2025 14:22,home,Desktop,Australia,Social Media,164,0,0
session_2128,user_2558,8/14/2025 14:24,product_page,Desktop,Australia,Social Media,127,0,0
session_2129,user_1748,8/27/2025 9:55,home,Desktop,Germany,Direct,137,0,0
session_2129,user_1748,8/27/2025 9:57,product_page,Desktop,Germany,Direct,106,0,0
session_2130,user_1050,2/11/2025 1:00,home,Desktop,Germany,Direct,83,0,0
session_2130,user_1050,2/11/2025 1:02,product_page,Desktop,Germany,Direct,152,0,0
session_2131,user_2639,4/29/2025 3:11,home,Tablet,Germany,Direct,170,0,1
session_2131,user_2639,4/29/2025 3:14,product_page,Tablet,Germany,Direct,170,0,1
session_2131,user_2639,4/29/2025 3:15,cart,Tablet,Germany,Direct,68,5,1
session_2131,user_2639,4/29/2025 3:16,checkout,Tablet,Germany,Direct,69,5,1
session_2131,user_2639,4/29/2025 3:17,confirmation,Tablet,Germany,Direct,91,0,1
session_2132,user_1264,2/23/2025 7:04,home,Mobile,Canada,Google,33,0,0
session_2132,user_1264,2/23/2025 7:06,product_page,Mobile,Canada,Google,129,0,0
session_2133,user_1677,1/27/2025 14:11,home,Mobile,Australia,Direct,20,0,0
session_2133,user_1677,1/27/2025 14:11,product_page,Mobile,Australia,Direct,53,4,0
session_2134,user_1999,8/14/2025 17:19,home,Tablet,Germany,Direct,153,0,0
session_2134,user_1999,8/14/2025 17:21,product_page,Tablet,Germany,Direct,97,0,0
session_2135,user_2599,5/27/2025 21:08,home,Mobile,India,Social Media,171,0,0
session_2135,user_2599,5/27/2025 21:10,product_page,Mobile,India,Social Media,140,4,0
session_2136,user_1796,2/19/2025 8:04,home,Tablet,France,Google,137,0,0
session_2137,user_2721,7/9/2025 18:43,home,Tablet,UK,Social Media,71,0,0
session_2137,user_2721,7/9/2025 18:44,product_page,Tablet,UK,Social Media,63,2,0
session_2138,user_1026,5/28/2025 4:09,home,Desktop,France,Direct,84,0,0
session_2138,user_1026,5/28/2025 4:10,product_page,Desktop,France,Direct,78,0,0
session_2139,user_1543,4/4/2025 5:05,home,Mobile,India,Email,91,0,1
session_2139,user_1543,4/4/2025 5:06,product_page,Mobile,India,Email,58,1,1
session_2139,user_1543,4/4/2025 5:06,cart,Mobile,India,Email,17,1,1
session_2139,user_1543,4/4/2025 5:09,checkout,Mobile,India,Email,172,1,1
session_2139,user_1543,4/4/2025 5:09,confirmation,Mobile,India,Email,37,0,1
session_2140,user_1410,3/21/2025 14:24,home,Desktop,Australia,Direct,170,0,1
session_2140,user_1410,3/21/2025 14:26,product_page,Desktop,Australia,Direct,104,0,1
session_2140,user_1410,3/21/2025 14:28,cart,Desktop,Australia,Direct,122,0,1
session_2140,user_1410,3/21/2025 14:29,checkout,Desktop,Australia,Direct,50,3,1
session_2140,user_1410,3/21/2025 14:29,confirmation,Desktop,Australia,Direct,25,0,1
session_2141,user_1511,1/5/2025 6:51,home,Desktop,USA,Email,102,0,0
session_2141,user_1511,1/5/2025 6:53,product_page,Desktop,USA,Email,113,0,0
session_2142,user_1260,6/8/2025 3:42,home,Desktop,Australia,Google,150,0,0
session_2142,user_1260,6/8/2025 3:45,product_page,Desktop,Australia,Google,177,0,0
session_2143,user_1055,7/15/2025 21:14,home,Mobile,UK,Email,178,0,1
session_2143,user_1055,7/15/2025 21:17,product_page,Mobile,UK,Email,173,0,1
session_2143,user_1055,7/15/2025 21:18,cart,Mobile,UK,Email,62,0,1
session_2143,user_1055,7/15/2025 21:20,checkout,Mobile,UK,Email,147,1,1
session_2143,user_1055,7/15/2025 21:22,confirmation,Mobile,UK,Email,67,0,1
session_2144,user_1361,8/18/2025 10:22,home,Desktop,Germany,Direct,60,0,0
session_2144,user_1361,8/18/2025 10:24,product_page,Desktop,Germany,Direct,117,0,0
session_2145,user_1089,8/10/2025 16:54,home,Mobile,UK,Google,27,0,0
session_2145,user_1089,8/10/2025 16:56,product_page,Mobile,UK,Google,88,2,0
session_2146,user_2700,6/3/2025 9:42,home,Desktop,Australia,Social Media,46,0,0
session_2147,user_1552,3/24/2025 21:06,home,Tablet,Germany,Social Media,56,0,0
session_2148,user_2228,8/8/2025 13:29,home,Desktop,India,Google,163,0,0
session_2148,user_2228,8/8/2025 13:30,product_page,Desktop,India,Google,22,1,0
session_2149,user_1700,6/1/2025 11:06,home,Mobile,USA,Direct,153,0,0
session_2149,user_1700,6/1/2025 11:07,product_page,Mobile,USA,Direct,69,3,0
session_2149,user_1700,6/1/2025 11:10,cart,Mobile,USA,Direct,134,3,0
session_2150,user_2684,3/1/2025 13:20,home,Desktop,Canada,Social Media,34,0,0
session_2150,user_2684,3/1/2025 13:22,product_page,Desktop,Canada,Social Media,111,1,0
session_2150,user_2684,3/1/2025 13:24,cart,Desktop,Canada,Social Media,161,1,0
session_2151,user_2718,7/17/2025 15:06,home,Mobile,Germany,Direct,46,0,0
session_2151,user_2718,7/17/2025 15:07,product_page,Mobile,Germany,Direct,87,5,0
session_2152,user_2388,8/6/2025 1:25,home,Mobile,Germany,Direct,112,0,0
session_2153,user_1413,8/9/2025 11:15,home,Tablet,India,Social Media,163,0,1
session_2153,user_1413,8/9/2025 11:16,product_page,Tablet,India,Social Media,65,0,1
session_2153,user_1413,8/9/2025 11:19,cart,Tablet,India,Social Media,172,3,1
session_2153,user_1413,8/9/2025 11:20,checkout,Tablet,India,Social Media,98,3,1
session_2153,user_1413,8/9/2025 11:21,confirmation,Tablet,India,Social Media,33,0,1
session_2154,user_1269,7/5/2025 22:39,home,Desktop,France,Email,148,0,0
session_2154,user_1269,7/5/2025 22:40,product_page,Desktop,France,Email,89,5,0
session_2154,user_1269,7/5/2025 22:43,cart,Desktop,France,Email,154,5,0
session_2154,user_1269,7/5/2025 22:45,checkout,Desktop,France,Email,140,5,0
session_2155,user_2614,1/15/2025 23:56,home,Mobile,Germany,Email,134,0,0
session_2155,user_2614,1/15/2025 23:58,product_page,Mobile,Germany,Email,143,2,0
session_2156,user_2804,7/17/2025 9:45,home,Mobile,Australia,Direct,54,0,0
session_2156,user_2804,7/17/2025 9:46,product_page,Mobile,Australia,Direct,60,1,0
session_2157,user_1955,4/15/2025 4:14,home,Tablet,France,Social Media,27,0,0
session_2157,user_1955,4/15/2025 4:15,product_page,Tablet,France,Social Media,113,2,0
session_2158,user_2785,6/2/2025 8:34,home,Mobile,India,Google,148,0,0
session_2158,user_2785,6/2/2025 8:37,product_page,Mobile,India,Google,153,1,0
session_2159,user_1089,3/7/2025 0:35,home,Mobile,UK,Direct,45,0,0
session_2159,user_1089,3/7/2025 0:36,product_page,Mobile,UK,Direct,37,3,0
session_2160,user_1342,1/25/2025 9:17,home,Desktop,Germany,Direct,99,0,0
session_2161,user_2302,7/9/2025 21:28,home,Desktop,Australia,Direct,168,0,0
session_2162,user_2419,3/1/2025 23:12,home,Desktop,USA,Direct,70,0,1
session_2162,user_2419,3/1/2025 23:15,product_page,Desktop,USA,Direct,145,0,1
session_2162,user_2419,3/1/2025 23:15,cart,Desktop,USA,Direct,42,0,1
session_2162,user_2419,3/1/2025 23:17,checkout,Desktop,USA,Direct,110,3,1
session_2162,user_2419,3/1/2025 23:19,confirmation,Desktop,USA,Direct,132,0,1
session_2163,user_1046,1/12/2025 19:12,home,Tablet,Germany,Direct,103,0,0
session_2163,user_1046,1/12/2025 19:14,product_page,Tablet,Germany,Direct,119,5,0
session_2164,user_1308,1/28/2025 7:42,home,Tablet,Australia,Direct,42,0,0
session_2165,user_1190,4/9/2025 19:31,home,Mobile,USA,Google,145,0,0
session_2166,user_1949,5/16/2025 14:33,home,Tablet,France,Google,17,0,0
session_2166,user_1949,5/16/2025 14:34,product_page,Tablet,France,Google,76,2,0
session_2167,user_2815,4/16/2025 13:05,home,Desktop,Australia,Direct,91,0,0
session_2168,user_2132,6/21/2025 5:44,home,Mobile,UK,Google,55,0,0
session_2168,user_2132,6/21/2025 5:45,product_page,Mobile,UK,Google,86,0,0
session_2169,user_2399,8/10/2025 10:25,home,Mobile,Canada,Email,121,0,1
session_2169,user_2399,8/10/2025 10:27,product_page,Mobile,Canada,Email,109,4,1
session_2169,user_2399,8/10/2025 10:30,cart,Mobile,Canada,Email,177,4,1
session_2169,user_2399,8/10/2025 10:30,checkout,Mobile,Canada,Email,15,4,1
session_2169,user_2399,8/10/2025 10:32,confirmation,Mobile,Canada,Email,137,0,1
session_2170,user_2353,4/3/2025 13:20,home,Mobile,UK,Direct,143,0,1
session_2170,user_2353,4/3/2025 13:22,product_page,Mobile,UK,Direct,140,3,1
session_2170,user_2353,4/3/2025 13:22,cart,Mobile,UK,Direct,26,3,1
session_2170,user_2353,4/3/2025 13:25,checkout,Mobile,UK,Direct,152,3,1
session_2170,user_2353,4/3/2025 13:27,confirmation,Mobile,UK,Direct,133,0,1
session_2171,user_2741,3/18/2025 19:21,home,Desktop,USA,Social Media,177,0,0
session_2171,user_2741,3/18/2025 19:22,product_page,Desktop,USA,Social Media,40,5,0
session_2172,user_1091,2/20/2025 5:53,home,Tablet,USA,Email,93,0,0
session_2172,user_1091,2/20/2025 5:55,product_page,Tablet,USA,Email,143,1,0
session_2173,user_1924,6/22/2025 1:13,home,Tablet,Canada,Direct,178,0,0
session_2173,user_1924,6/22/2025 1:16,product_page,Tablet,Canada,Direct,133,0,0
session_2174,user_2610,3/14/2025 10:14,home,Mobile,UK,Social Media,36,0,0
session_2174,user_2610,3/14/2025 10:15,product_page,Mobile,UK,Social Media,53,2,0
session_2174,user_2610,3/14/2025 10:16,cart,Mobile,UK,Social Media,88,2,0
session_2175,user_2185,5/26/2025 11:10,home,Mobile,Germany,Direct,174,0,0
session_2175,user_2185,5/26/2025 11:10,product_page,Mobile,Germany,Direct,18,0,0
session_2175,user_2185,5/26/2025 11:10,cart,Mobile,Germany,Direct,40,1,0
session_2176,user_1496,3/9/2025 9:24,home,Mobile,UK,Email,95,0,0
session_2177,user_2348,6/15/2025 21:31,home,Desktop,Canada,Google,133,0,0
session_2177,user_2348,6/15/2025 21:31,product_page,Desktop,Canada,Google,24,4,0
session_2178,user_1318,8/31/2025 5:45,home,Mobile,USA,Direct,128,0,0
session_2179,user_1699,5/9/2025 23:59,home,Tablet,Germany,Social Media,28,0,0
session_2180,user_1770,6/30/2025 11:28,home,Desktop,India,Direct,113,0,0
session_2181,user_2197,3/19/2025 1:09,home,Mobile,UK,Google,128,0,0
session_2181,user_2197,3/19/2025 1:10,product_page,Mobile,UK,Google,98,4,0
session_2182,user_1611,8/11/2025 21:52,home,Tablet,UK,Direct,71,0,0
session_2182,user_1611,8/11/2025 21:53,product_page,Tablet,UK,Direct,73,3,0
session_2183,user_2833,2/5/2025 19:03,home,Desktop,Germany,Email,90,0,1
session_2183,user_2833,2/5/2025 19:04,product_page,Desktop,Germany,Email,107,0,1
session_2183,user_2833,2/5/2025 19:06,cart,Desktop,Germany,Email,114,5,1
session_2183,user_2833,2/5/2025 19:08,checkout,Desktop,Germany,Email,91,5,1
session_2183,user_2833,2/5/2025 19:11,confirmation,Desktop,Germany,Email,179,0,1
session_2184,user_2037,2/14/2025 10:06,home,Mobile,Australia,Google,120,0,0
session_2184,user_2037,2/14/2025 10:07,product_page,Mobile,Australia,Google,52,0,0
session_2185,user_2121,5/13/2025 11:50,home,Desktop,France,Direct,46,0,1
session_2185,user_2121,5/13/2025 11:52,product_page,Desktop,France,Direct,102,5,1
session_2185,user_2121,5/13/2025 11:54,cart,Desktop,France,Direct,138,5,1
session_2185,user_2121,5/13/2025 11:55,checkout,Desktop,France,Direct,20,5,1
session_2185,user_2121,5/13/2025 11:57,confirmation,Desktop,France,Direct,175,0,1
session_2186,user_2217,7/3/2025 10:48,home,Mobile,UK,Email,143,0,0
session_2186,user_2217,7/3/2025 10:50,product_page,Mobile,UK,Email,130,0,0
session_2187,user_1750,5/9/2025 4:03,home,Tablet,Australia,Social Media,119,0,0
session_2187,user_1750,5/9/2025 4:04,product_page,Tablet,Australia,Social Media,99,2,0
session_2187,user_1750,5/9/2025 4:07,cart,Tablet,Australia,Social Media,166,2,0
session_2188,user_2492,5/2/2025 8:44,home,Tablet,Canada,Social Media,125,0,0
session_2188,user_2492,5/2/2025 8:46,product_page,Tablet,Canada,Social Media,116,0,0
session_2189,user_2311,3/16/2025 1:50,home,Desktop,France,Direct,146,0,0
session_2190,user_2888,3/4/2025 19:33,home,Tablet,Canada,Direct,180,0,1
session_2190,user_2888,3/4/2025 19:34,product_page,Tablet,Canada,Direct,79,2,1
session_2190,user_2888,3/4/2025 19:37,cart,Tablet,Canada,Direct,170,2,1
session_2190,user_2888,3/4/2025 19:38,checkout,Tablet,Canada,Direct,55,2,1
session_2190,user_2888,3/4/2025 19:39,confirmation,Tablet,Canada,Direct,48,0,1
session_2191,user_2817,2/14/2025 8:23,home,Desktop,Australia,Google,178,0,0
session_2191,user_2817,2/14/2025 8:25,product_page,Desktop,Australia,Google,154,0,0
session_2192,user_2675,7/8/2025 12:33,home,Tablet,France,Google,118,0,0
session_2192,user_2675,7/8/2025 12:36,product_page,Tablet,France,Google,165,0,0
session_2192,user_2675,7/8/2025 12:39,cart,Tablet,France,Google,177,0,0
session_2193,user_2156,1/11/2025 4:04,home,Desktop,France,Direct,97,0,0
session_2193,user_2156,1/11/2025 4:06,product_page,Desktop,France,Direct,156,5,0
session_2194,user_1045,8/31/2025 15:48,home,Mobile,Canada,Google,78,0,0
session_2194,user_1045,8/31/2025 15:49,product_page,Mobile,Canada,Google,51,4,0
session_2195,user_1893,2/17/2025 19:39,home,Desktop,UK,Direct,130,0,0
session_2195,user_1893,2/17/2025 19:40,product_page,Desktop,UK,Direct,116,0,0
session_2196,user_2726,1/15/2025 7:40,home,Mobile,Australia,Google,51,0,0
session_2196,user_2726,1/15/2025 7:43,product_page,Mobile,Australia,Google,162,0,0
session_2197,user_2915,8/7/2025 9:11,home,Desktop,Germany,Social Media,64,0,0
session_2197,user_2915,8/7/2025 9:13,product_page,Desktop,Germany,Social Media,117,0,0
session_2198,user_2759,8/24/2025 12:05,home,Mobile,France,Direct,98,0,0
session_2198,user_2759,8/24/2025 12:08,product_page,Mobile,France,Direct,179,4,0
session_2199,user_2271,1/24/2025 0:51,home,Desktop,France,Social Media,171,0,0
session_2200,user_2426,2/2/2025 20:18,home,Tablet,Australia,Email,79,0,0
session_2200,user_2426,2/2/2025 20:19,product_page,Tablet,Australia,Email,66,0,0
session_2201,user_1658,1/31/2025 3:57,home,Mobile,UK,Google,51,0,0
session_2201,user_1658,1/31/2025 3:58,product_page,Mobile,UK,Google,73,0,0
session_2202,user_2121,7/27/2025 19:14,home,Desktop,UK,Google,60,0,0
session_2203,user_1041,5/13/2025 13:05,home,Desktop,France,Direct,61,0,0
session_2203,user_1041,5/13/2025 13:07,product_page,Desktop,France,Direct,106,3,0
session_2203,user_1041,5/13/2025 13:09,cart,Desktop,France,Direct,113,3,0
session_2204,user_1883,4/12/2025 9:12,home,Tablet,France,Email,46,0,1
session_2204,user_1883,4/12/2025 9:14,product_page,Tablet,France,Email,147,0,1
session_2204,user_1883,4/12/2025 9:17,cart,Tablet,France,Email,141,1,1
session_2204,user_1883,4/12/2025 9:19,checkout,Tablet,France,Email,119,1,1
session_2204,user_1883,4/12/2025 9:21,confirmation,Tablet,France,Email,128,0,1
session_2205,user_2550,1/10/2025 22:05,home,Tablet,Australia,Google,44,0,0
session_2205,user_2550,1/10/2025 22:05,product_page,Tablet,Australia,Google,29,1,0
session_2206,user_1775,4/7/2025 16:51,home,Tablet,Germany,Email,149,0,0
session_2206,user_1775,4/7/2025 16:52,product_page,Tablet,Germany,Email,32,0,0
session_2207,user_2363,5/2/2025 3:27,home,Mobile,USA,Google,163,0,0
session_2207,user_2363,5/2/2025 3:30,product_page,Mobile,USA,Google,176,0,0
session_2208,user_1624,4/22/2025 16:36,home,Desktop,Australia,Google,87,0,1
session_2208,user_1624,4/22/2025 16:37,product_page,Desktop,Australia,Google,87,5,1
session_2208,user_1624,4/22/2025 16:38,cart,Desktop,Australia,Google,70,5,1
session_2208,user_1624,4/22/2025 16:40,checkout,Desktop,Australia,Google,114,5,1
session_2208,user_1624,4/22/2025 16:43,confirmation,Desktop,Australia,Google,167,0,1
session_2209,user_1560,5/3/2025 23:24,home,Tablet,France,Google,50,0,0
session_2210,user_1201,4/14/2025 17:43,home,Desktop,Germany,Direct,53,0,0
session_2211,user_1362,6/15/2025 19:30,home,Tablet,USA,Email,55,0,0
session_2211,user_1362,6/15/2025 19:31,product_page,Tablet,USA,Email,54,4,0
session_2212,user_1347,6/30/2025 9:02,home,Desktop,France,Social Media,64,0,1
session_2212,user_1347,6/30/2025 9:03,product_page,Desktop,France,Social Media,23,1,1
session_2212,user_1347,6/30/2025 9:04,cart,Desktop,France,Social Media,54,1,1
session_2212,user_1347,6/30/2025 9:05,checkout,Desktop,France,Social Media,67,1,1
session_2212,user_1347,6/30/2025 9:06,confirmation,Desktop,France,Social Media,65,0,1
session_2213,user_2978,6/19/2025 19:15,home,Tablet,UK,Email,99,0,0
session_2213,user_2978,6/19/2025 19:16,product_page,Tablet,UK,Email,112,2,0
session_2214,user_2736,3/25/2025 12:21,home,Mobile,Canada,Google,122,0,0
session_2214,user_2736,3/25/2025 12:22,product_page,Mobile,Canada,Google,57,0,0
session_2215,user_1928,3/16/2025 6:00,home,Mobile,Canada,Social Media,106,0,0
session_2215,user_1928,3/16/2025 6:01,product_page,Mobile,Canada,Social Media,29,0,0
session_2215,user_1928,3/16/2025 6:04,cart,Mobile,Canada,Social Media,178,0,0
session_2216,user_2113,8/21/2025 18:21,home,Desktop,Canada,Direct,30,0,1
session_2216,user_2113,8/21/2025 18:24,product_page,Desktop,Canada,Direct,179,3,1
session_2216,user_2113,8/21/2025 18:26,cart,Desktop,Canada,Direct,116,3,1
session_2216,user_2113,8/21/2025 18:27,checkout,Desktop,Canada,Direct,26,3,1
session_2216,user_2113,8/21/2025 18:27,confirmation,Desktop,Canada,Direct,27,0,1
session_2217,user_1691,5/3/2025 7:34,home,Desktop,India,Social Media,20,0,1
session_2217,user_1691,5/3/2025 7:34,product_page,Desktop,India,Social Media,19,3,1
session_2217,user_1691,5/3/2025 7:35,cart,Desktop,India,Social Media,55,3,1
session_2217,user_1691,5/3/2025 7:36,checkout,Desktop,India,Social Media,55,3,1
session_2217,user_1691,5/3/2025 7:37,confirmation,Desktop,India,Social Media,28,0,1
session_2218,user_2619,3/2/2025 7:21,home,Desktop,Australia,Social Media,178,0,0
session_2219,user_1225,6/2/2025 21:09,home,Desktop,Australia,Direct,166,0,1
session_2219,user_1225,6/2/2025 21:11,product_page,Desktop,Australia,Direct,90,0,1
session_2219,user_1225,6/2/2025 21:12,cart,Desktop,Australia,Direct,87,2,1
session_2219,user_1225,6/2/2025 21:13,checkout,Desktop,Australia,Direct,39,2,1
session_2219,user_1225,6/2/2025 21:15,confirmation,Desktop,Australia,Direct,94,0,1
session_2220,user_1685,7/24/2025 5:58,home,Desktop,Germany,Direct,87,0,0
session_2220,user_1685,7/24/2025 5:58,product_page,Desktop,Germany,Direct,15,0,0
session_2221,user_1367,5/24/2025 19:35,home,Mobile,India,Direct,70,0,0
session_2221,user_1367,5/24/2025 19:35,product_page,Mobile,India,Direct,22,0,0
session_2222,user_1657,7/25/2025 11:44,home,Tablet,France,Google,63,0,1
session_2222,user_1657,7/25/2025 11:45,product_page,Tablet,France,Google,72,0,1
session_2222,user_1657,7/25/2025 11:46,cart,Tablet,France,Google,57,5,1
session_2222,user_1657,7/25/2025 11:47,checkout,Tablet,France,Google,55,5,1
session_2222,user_1657,7/25/2025 11:50,confirmation,Tablet,France,Google,164,0,1
session_2223,user_1116,7/18/2025 21:29,home,Mobile,France,Google,73,0,1
session_2223,user_1116,7/18/2025 21:32,product_page,Mobile,France,Google,174,1,1
session_2223,user_1116,7/18/2025 21:33,cart,Mobile,France,Google,51,1,1
session_2223,user_1116,7/18/2025 21:35,checkout,Mobile,France,Google,130,1,1
session_2223,user_1116,7/18/2025 21:36,confirmation,Mobile,France,Google,91,0,1
session_2224,user_2332,2/8/2025 23:30,home,Mobile,Australia,Social Media,39,0,0
session_2225,user_1493,7/6/2025 20:49,home,Tablet,UK,Google,128,0,0
session_2225,user_1493,7/6/2025 20:51,product_page,Tablet,UK,Google,142,5,0
session_2226,user_1653,3/21/2025 19:16,home,Tablet,USA,Email,130,0,0
session_2226,user_1653,3/21/2025 19:18,product_page,Tablet,USA,Email,110,3,0
session_2227,user_2265,3/27/2025 7:22,home,Desktop,Canada,Direct,150,0,1
session_2227,user_2265,3/27/2025 7:25,product_page,Desktop,Canada,Direct,169,4,1
session_2227,user_2265,3/27/2025 7:26,cart,Desktop,Canada,Direct,103,4,1
session_2227,user_2265,3/27/2025 7:29,checkout,Desktop,Canada,Direct,162,4,1
session_2227,user_2265,3/27/2025 7:31,confirmation,Desktop,Canada,Direct,143,0,1
session_2228,user_2312,4/25/2025 14:24,home,Desktop,UK,Email,132,0,0
session_2228,user_2312,4/25/2025 14:26,product_page,Desktop,UK,Email,113,0,0
session_2228,user_2312,4/25/2025 14:28,cart,Desktop,UK,Email,72,1,0
session_2229,user_1508,6/4/2025 18:50,home,Tablet,Canada,Google,102,0,1
session_2229,user_1508,6/4/2025 18:51,product_page,Tablet,Canada,Google,53,0,1
session_2229,user_1508,6/4/2025 18:53,cart,Tablet,Canada,Google,92,2,1
session_2229,user_1508,6/4/2025 18:55,checkout,Tablet,Canada,Google,146,2,1
session_2229,user_1508,6/4/2025 18:55,confirmation,Tablet,Canada,Google,19,0,1
session_2230,user_1532,7/30/2025 4:40,home,Mobile,Australia,Direct,128,0,0
session_2230,user_1532,7/30/2025 4:41,product_page,Mobile,Australia,Direct,61,3,0
session_2230,user_1532,7/30/2025 4:44,cart,Mobile,Australia,Direct,179,3,0
session_2231,user_1967,6/24/2025 8:06,home,Mobile,France,Google,87,0,0
session_2231,user_1967,6/24/2025 8:07,product_page,Mobile,France,Google,42,2,0
session_2232,user_1260,5/14/2025 1:05,home,Mobile,USA,Google,25,0,0
session_2233,user_1539,7/13/2025 21:05,home,Mobile,Canada,Email,58,0,0
session_2233,user_1539,7/13/2025 21:05,product_page,Mobile,Canada,Email,25,4,0
session_2234,user_1274,7/18/2025 11:06,home,Tablet,UK,Email,54,0,0
session_2235,user_2682,5/2/2025 3:55,home,Tablet,Australia,Google,83,0,0
session_2235,user_2682,5/2/2025 3:57,product_page,Tablet,Australia,Google,137,0,0
session_2236,user_2585,5/21/2025 18:56,home,Tablet,Canada,Social Media,158,0,0
session_2236,user_2585,5/21/2025 18:59,product_page,Tablet,Canada,Social Media,178,5,0
session_2237,user_2022,5/14/2025 5:44,home,Desktop,India,Email,71,0,0
session_2237,user_2022,5/14/2025 5:45,product_page,Desktop,India,Email,50,1,0
session_2238,user_1579,5/5/2025 20:05,home,Tablet,Canada,Google,130,0,0
session_2238,user_1579,5/5/2025 20:06,product_page,Tablet,Canada,Google,55,4,0
session_2239,user_1425,5/29/2025 5:24,home,Tablet,UK,Social Media,156,0,0
session_2240,user_1761,5/11/2025 16:34,home,Desktop,Australia,Email,152,0,1
session_2240,user_1761,5/11/2025 16:36,product_page,Desktop,Australia,Email,86,5,1
session_2240,user_1761,5/11/2025 16:38,cart,Desktop,Australia,Email,151,5,1
session_2240,user_1761,5/11/2025 16:41,checkout,Desktop,Australia,Email,133,5,1
session_2240,user_1761,5/11/2025 16:42,confirmation,Desktop,Australia,Email,109,0,1
session_2241,user_1660,7/4/2025 2:05,home,Tablet,Canada,Google,150,0,1
session_2241,user_1660,7/4/2025 2:06,product_page,Tablet,Canada,Google,92,1,1
session_2241,user_1660,7/4/2025 2:08,cart,Tablet,Canada,Google,81,1,1
session_2241,user_1660,7/4/2025 2:10,checkout,Tablet,Canada,Google,106,1,1
session_2241,user_1660,7/4/2025 2:12,confirmation,Tablet,Canada,Google,148,0,1
session_2242,user_2683,8/31/2025 3:43,home,Mobile,France,Direct,108,0,0
session_2242,user_2683,8/31/2025 3:43,product_page,Mobile,France,Direct,17,3,0
session_2243,user_1759,5/12/2025 1:31,home,Mobile,UK,Email,168,0,1
session_2243,user_1759,5/12/2025 1:32,product_page,Mobile,UK,Email,41,3,1
session_2243,user_1759,5/12/2025 1:33,cart,Mobile,UK,Email,32,3,1
session_2243,user_1759,5/12/2025 1:34,checkout,Mobile,UK,Email,104,3,1
session_2243,user_1759,5/12/2025 1:37,confirmation,Mobile,UK,Email,169,0,1
session_2244,user_2942,1/12/2025 17:02,home,Tablet,Australia,Direct,66,0,0
session_2244,user_2942,1/12/2025 17:03,product_page,Tablet,Australia,Direct,34,1,0
session_2245,user_1834,8/22/2025 3:31,home,Tablet,Australia,Google,16,0,0
session_2245,user_1834,8/22/2025 3:33,product_page,Tablet,Australia,Google,121,0,0
session_2245,user_1834,8/22/2025 3:33,cart,Tablet,Australia,Google,20,5,0
session_2246,user_2925,8/23/2025 12:00,home,Desktop,Australia,Google,79,0,0
session_2246,user_2925,8/23/2025 12:02,product_page,Desktop,Australia,Google,97,4,0
session_2247,user_1301,6/2/2025 22:06,home,Mobile,India,Social Media,173,0,0
session_2247,user_1301,6/2/2025 22:07,product_page,Mobile,India,Social Media,103,4,0
session_2248,user_1387,4/29/2025 16:04,home,Tablet,Canada,Email,96,0,1
session_2248,user_1387,4/29/2025 16:07,product_page,Tablet,Canada,Email,164,2,1
session_2248,user_1387,4/29/2025 16:09,cart,Tablet,Canada,Email,103,2,1
session_2248,user_1387,4/29/2025 16:10,checkout,Tablet,Canada,Email,80,2,1
session_2248,user_1387,4/29/2025 16:11,confirmation,Tablet,Canada,Email,27,0,1
session_2249,user_1074,7/3/2025 6:04,home,Tablet,India,Email,121,0,0
session_2250,user_2102,6/27/2025 15:07,home,Mobile,Canada,Social Media,88,0,0
session_2250,user_2102,6/27/2025 15:10,product_page,Mobile,Canada,Social Media,175,0,0
session_2251,user_2110,4/13/2025 17:01,home,Desktop,Canada,Direct,138,0,1
session_2251,user_2110,4/13/2025 17:03,product_page,Desktop,Canada,Direct,131,3,1
session_2251,user_2110,4/13/2025 17:06,cart,Desktop,Canada,Direct,159,3,1
session_2251,user_2110,4/13/2025 17:08,checkout,Desktop,Canada,Direct,128,3,1
session_2251,user_2110,4/13/2025 17:10,confirmation,Desktop,Canada,Direct,129,0,1
session_2252,user_2650,7/21/2025 5:51,home,Desktop,Germany,Direct,37,0,1
session_2252,user_2650,7/21/2025 5:52,product_page,Desktop,Germany,Direct,75,0,1
session_2252,user_2650,7/21/2025 5:54,cart,Desktop,Germany,Direct,95,4,1
session_2252,user_2650,7/21/2025 5:56,checkout,Desktop,Germany,Direct,118,4,1
session_2252,user_2650,7/21/2025 5:58,confirmation,Desktop,Germany,Direct,112,0,1
session_2253,user_2774,6/7/2025 13:39,home,Desktop,USA,Direct,158,0,0
session_2254,user_1327,3/16/2025 10:17,home,Tablet,France,Direct,77,0,0
session_2254,user_1327,3/16/2025 10:18,product_page,Tablet,France,Direct,89,4,0
session_2255,user_1058,7/13/2025 20:02,home,Desktop,Germany,Direct,62,0,0
session_2255,user_1058,7/13/2025 20:03,product_page,Desktop,Germany,Direct,34,4,0
session_2256,user_2949,2/7/2025 17:07,home,Tablet,USA,Google,114,0,0
session_2257,user_2701,2/27/2025 0:40,home,Desktop,Germany,Email,72,0,0
session_2257,user_2701,2/27/2025 0:42,product_page,Desktop,Germany,Email,124,0,0
session_2258,user_2481,2/16/2025 20:23,home,Desktop,UK,Direct,176,0,1
session_2258,user_2481,2/16/2025 20:25,product_page,Desktop,UK,Direct,159,3,1
session_2258,user_2481,2/16/2025 20:28,cart,Desktop,UK,Direct,141,3,1
session_2258,user_2481,2/16/2025 20:28,checkout,Desktop,UK,Direct,28,3,1
session_2258,user_2481,2/16/2025 20:31,confirmation,Desktop,UK,Direct,173,0,1
session_2259,user_1941,8/31/2025 0:25,home,Desktop,France,Direct,56,0,0
session_2260,user_2452,2/26/2025 14:34,home,Desktop,UK,Google,113,0,0
session_2260,user_2452,2/26/2025 14:34,product_page,Desktop,UK,Google,15,1,0
session_2261,user_1630,3/2/2025 9:37,home,Tablet,France,Direct,55,0,0
session_2261,user_1630,3/2/2025 9:38,product_page,Tablet,France,Direct,70,3,0
session_2262,user_2790,2/21/2025 11:23,home,Mobile,France,Direct,106,0,1
session_2262,user_2790,2/21/2025 11:24,product_page,Mobile,France,Direct,54,3,1
session_2262,user_2790,2/21/2025 11:27,cart,Mobile,France,Direct,178,3,1
session_2262,user_2790,2/21/2025 11:27,checkout,Mobile,France,Direct,24,3,1
session_2262,user_2790,2/21/2025 11:27,confirmation,Mobile,France,Direct,19,0,1
session_2263,user_2885,1/30/2025 4:52,home,Tablet,USA,Email,65,0,0
session_2264,user_1085,1/3/2025 0:44,home,Desktop,Canada,Direct,20,0,0
session_2264,user_1085,1/3/2025 0:46,product_page,Desktop,Canada,Direct,80,0,0
session_2265,user_1989,1/29/2025 2:40,home,Desktop,UK,Email,99,0,0
session_2266,user_2796,7/27/2025 8:29,home,Mobile,Australia,Google,108,0,1
session_2266,user_2796,7/27/2025 8:30,product_page,Mobile,Australia,Google,37,3,1
session_2266,user_2796,7/27/2025 8:32,cart,Mobile,Australia,Google,98,3,1
session_2266,user_2796,7/27/2025 8:35,checkout,Mobile,Australia,Google,180,3,1
session_2266,user_2796,7/27/2025 8:35,confirmation,Mobile,Australia,Google,31,0,1
session_2267,user_1055,1/10/2025 14:47,home,Mobile,France,Direct,97,0,0
session_2267,user_1055,1/10/2025 14:49,product_page,Mobile,France,Direct,90,4,0
session_2268,user_1008,6/6/2025 15:15,home,Mobile,Australia,Email,178,0,0
session_2268,user_1008,6/6/2025 15:17,product_page,Mobile,Australia,Email,142,1,0
session_2269,user_1070,2/4/2025 12:22,home,Mobile,Australia,Social Media,114,0,1
session_2269,user_1070,2/4/2025 12:25,product_page,Mobile,Australia,Social Media,180,1,1
session_2269,user_1070,2/4/2025 12:27,cart,Mobile,Australia,Social Media,79,1,1
session_2269,user_1070,2/4/2025 12:29,checkout,Mobile,Australia,Social Media,158,1,1
session_2269,user_1070,2/4/2025 12:31,confirmation,Mobile,Australia,Social Media,110,0,1
session_2270,user_1892,2/4/2025 22:58,home,Tablet,France,Email,175,0,0
session_2270,user_1892,2/4/2025 22:59,product_page,Tablet,France,Email,76,2,0
session_2271,user_1716,4/8/2025 3:05,home,Mobile,Germany,Social Media,177,0,0
session_2272,user_1485,5/4/2025 0:05,home,Desktop,Germany,Email,81,0,1
session_2272,user_1485,5/4/2025 0:06,product_page,Desktop,Germany,Email,51,5,1
session_2272,user_1485,5/4/2025 0:08,cart,Desktop,Germany,Email,79,5,1
session_2272,user_1485,5/4/2025 0:08,checkout,Desktop,Germany,Email,35,5,1
session_2272,user_1485,5/4/2025 0:11,confirmation,Desktop,Germany,Email,179,0,1
session_2273,user_2878,1/3/2025 6:48,home,Desktop,France,Email,159,0,0
session_2273,user_2878,1/3/2025 6:51,product_page,Desktop,France,Email,147,0,0
session_2274,user_1112,4/6/2025 16:41,home,Desktop,UK,Google,55,0,1
session_2274,user_1112,4/6/2025 16:44,product_page,Desktop,UK,Google,154,0,1
session_2274,user_1112,4/6/2025 16:46,cart,Desktop,UK,Google,147,1,1
session_2274,user_1112,4/6/2025 16:49,checkout,Desktop,UK,Google,146,1,1
session_2274,user_1112,4/6/2025 16:51,confirmation,Desktop,UK,Google,131,0,1
session_2275,user_1276,8/16/2025 15:51,home,Tablet,Australia,Social Media,76,0,1
session_2275,user_1276,8/16/2025 15:53,product_page,Tablet,Australia,Social Media,128,0,1
session_2275,user_1276,8/16/2025 15:54,cart,Tablet,Australia,Social Media,24,2,1
session_2275,user_1276,8/16/2025 15:54,checkout,Tablet,Australia,Social Media,16,2,1
session_2275,user_1276,8/16/2025 15:55,confirmation,Tablet,Australia,Social Media,35,0,1
session_2276,user_2860,7/14/2025 10:41,home,Tablet,Germany,Email,17,0,0
session_2276,user_2860,7/14/2025 10:43,product_page,Tablet,Germany,Email,98,5,0
session_2277,user_1465,3/6/2025 7:12,home,Desktop,France,Direct,30,0,1
session_2277,user_1465,3/6/2025 7:15,product_page,Desktop,France,Direct,133,2,1
session_2277,user_1465,3/6/2025 7:17,cart,Desktop,France,Direct,131,2,1
session_2277,user_1465,3/6/2025 7:17,checkout,Desktop,France,Direct,36,2,1
session_2277,user_1465,3/6/2025 7:19,confirmation,Desktop,France,Direct,88,0,1
session_2278,user_2869,3/28/2025 4:55,home,Tablet,USA,Google,155,0,0
session_2278,user_2869,3/28/2025 4:57,product_page,Tablet,USA,Google,92,3,0
session_2279,user_2091,2/4/2025 5:27,home,Desktop,Germany,Direct,117,0,1
session_2279,user_2091,2/4/2025 5:29,product_page,Desktop,Germany,Direct,120,5,1
session_2279,user_2091,2/4/2025 5:31,cart,Desktop,Germany,Direct,105,5,1
session_2279,user_2091,2/4/2025 5:31,checkout,Desktop,Germany,Direct,18,5,1
session_2279,user_2091,2/4/2025 5:32,confirmation,Desktop,Germany,Direct,55,0,1
session_2280,user_1064,3/31/2025 7:02,home,Desktop,France,Direct,172,0,0
session_2280,user_1064,3/31/2025 7:02,product_page,Desktop,France,Direct,36,2,0
session_2281,user_2821,3/3/2025 18:19,home,Desktop,Australia,Google,81,0,0
session_2281,user_2821,3/3/2025 18:20,product_page,Desktop,Australia,Google,24,0,0
session_2282,user_2909,7/8/2025 6:38,home,Desktop,France,Direct,26,0,0
session_2283,user_2288,3/9/2025 4:02,home,Mobile,India,Direct,166,0,0
session_2283,user_2288,3/9/2025 4:04,product_page,Mobile,India,Direct,134,3,0
session_2284,user_1440,2/27/2025 21:40,home,Mobile,USA,Social Media,144,0,0
session_2284,user_1440,2/27/2025 21:42,product_page,Mobile,USA,Social Media,111,0,0
session_2284,user_1440,2/27/2025 21:45,cart,Mobile,USA,Social Media,154,4,0
session_2285,user_1589,4/30/2025 3:10,home,Tablet,India,Google,176,0,0
session_2285,user_1589,4/30/2025 3:12,product_page,Tablet,India,Google,105,3,0
session_2286,user_1162,3/13/2025 14:38,home,Desktop,USA,Social Media,79,0,1
session_2286,user_1162,3/13/2025 14:38,product_page,Desktop,USA,Social Media,18,0,1
session_2286,user_1162,3/13/2025 14:41,cart,Desktop,USA,Social Media,172,3,1
session_2286,user_1162,3/13/2025 14:42,checkout,Desktop,USA,Social Media,53,3,1
session_2286,user_1162,3/13/2025 14:44,confirmation,Desktop,USA,Social Media,126,0,1
session_2287,user_1493,5/19/2025 17:23,home,Tablet,Australia,Google,47,0,0
session_2288,user_2364,2/10/2025 21:17,home,Tablet,Australia,Google,116,0,1
session_2288,user_2364,2/10/2025 21:20,product_page,Tablet,Australia,Google,168,4,1
session_2288,user_2364,2/10/2025 21:22,cart,Tablet,Australia,Google,160,4,1
session_2288,user_2364,2/10/2025 21:25,checkout,Tablet,Australia,Google,138,4,1
session_2288,user_2364,2/10/2025 21:26,confirmation,Tablet,Australia,Google,115,0,1
session_2289,user_1045,3/17/2025 2:35,home,Tablet,Germany,Email,124,0,0
session_2290,user_1862,5/12/2025 11:51,home,Mobile,France,Social Media,42,0,0
session_2290,user_1862,5/12/2025 11:53,product_page,Mobile,France,Social Media,156,0,0
session_2291,user_2216,7/7/2025 0:05,home,Desktop,UK,Social Media,27,0,0
session_2291,user_2216,7/7/2025 0:06,product_page,Desktop,UK,Social Media,64,1,0
session_2291,user_2216,7/7/2025 0:07,cart,Desktop,UK,Social Media,24,1,0
session_2292,user_1721,8/16/2025 1:23,home,Mobile,UK,Social Media,154,0,1
session_2292,user_1721,8/16/2025 1:24,product_page,Mobile,UK,Social Media,95,4,1
session_2292,user_1721,8/16/2025 1:27,cart,Mobile,UK,Social Media,141,4,1
session_2292,user_1721,8/16/2025 1:29,checkout,Mobile,UK,Social Media,157,4,1
session_2292,user_1721,8/16/2025 1:30,confirmation,Mobile,UK,Social Media,48,0,1
session_2293,user_2952,5/25/2025 15:47,home,Mobile,Canada,Social Media,29,0,0
session_2293,user_2952,5/25/2025 15:50,product_page,Mobile,Canada,Social Media,164,2,0
session_2294,user_1211,6/29/2025 10:35,home,Desktop,UK,Google,170,0,0
session_2294,user_1211,6/29/2025 10:38,product_page,Desktop,UK,Google,180,4,0
session_2295,user_2791,1/16/2025 20:47,home,Tablet,Canada,Email,65,0,0
session_2295,user_2791,1/16/2025 20:47,product_page,Tablet,Canada,Email,18,0,0
session_2295,user_2791,1/16/2025 20:48,cart,Tablet,Canada,Email,35,2,0
session_2296,user_1617,8/17/2025 18:12,home,Mobile,France,Google,54,0,1
session_2296,user_1617,8/17/2025 18:12,product_page,Mobile,France,Google,27,0,1
session_2296,user_1617,8/17/2025 18:12,cart,Mobile,France,Google,16,4,1
session_2296,user_1617,8/17/2025 18:14,checkout,Mobile,France,Google,85,4,1
session_2296,user_1617,8/17/2025 18:15,confirmation,Mobile,France,Google,105,0,1
session_2297,user_1406,6/17/2025 16:19,home,Desktop,Australia,Social Media,169,0,0
session_2297,user_1406,6/17/2025 16:22,product_page,Desktop,Australia,Social Media,143,0,0
session_2298,user_1359,8/22/2025 23:49,home,Mobile,India,Google,123,0,0
session_2298,user_1359,8/22/2025 23:50,product_page,Mobile,India,Google,71,0,0
session_2299,user_1116,5/2/2025 18:38,home,Mobile,France,Direct,180,0,0
session_2300,user_2165,8/2/2025 4:24,home,Mobile,UK,Social Media,159,0,0
session_2301,user_1442,3/19/2025 10:30,home,Mobile,India,Email,88,0,1
session_2301,user_1442,3/19/2025 10:31,product_page,Mobile,India,Email,91,4,1
session_2301,user_1442,3/19/2025 10:32,cart,Mobile,India,Email,55,4,1
session_2301,user_1442,3/19/2025 10:33,checkout,Mobile,India,Email,81,4,1
session_2301,user_1442,3/19/2025 10:35,confirmation,Mobile,India,Email,91,0,1
session_2302,user_2512,6/9/2025 9:40,home,Desktop,UK,Direct,50,0,0
session_2302,user_2512,6/9/2025 9:43,product_page,Desktop,UK,Direct,176,0,0
session_2303,user_1702,7/23/2025 20:07,home,Desktop,France,Google,61,0,0
session_2303,user_1702,7/23/2025 20:10,product_page,Desktop,France,Google,147,3,0
session_2304,user_2860,4/11/2025 16:49,home,Tablet,France,Google,115,0,1
session_2304,user_2860,4/11/2025 16:51,product_page,Tablet,France,Google,138,1,1
session_2304,user_2860,4/11/2025 16:53,cart,Tablet,France,Google,107,1,1
session_2304,user_2860,4/11/2025 16:54,checkout,Tablet,France,Google,57,1,1
session_2304,user_2860,4/11/2025 16:56,confirmation,Tablet,France,Google,117,0,1
session_2305,user_2447,8/14/2025 18:32,home,Tablet,USA,Email,36,0,0
session_2305,user_2447,8/14/2025 18:32,product_page,Tablet,USA,Email,33,1,0
session_2306,user_2389,1/16/2025 3:24,home,Mobile,USA,Email,139,0,0
session_2306,user_2389,1/16/2025 3:26,product_page,Mobile,USA,Email,129,5,0
session_2307,user_2266,8/22/2025 20:17,home,Mobile,UK,Social Media,45,0,0
session_2308,user_1579,4/5/2025 20:31,home,Tablet,France,Direct,166,0,0
session_2309,user_1393,2/7/2025 21:03,home,Tablet,Germany,Google,102,0,0
session_2309,user_1393,2/7/2025 21:05,product_page,Tablet,Germany,Google,85,3,0
session_2310,user_1627,4/8/2025 10:20,home,Mobile,Australia,Social Media,32,0,0
session_2310,user_1627,4/8/2025 10:22,product_page,Mobile,Australia,Social Media,142,4,0
session_2311,user_1947,7/6/2025 10:09,home,Tablet,Germany,Social Media,121,0,1
session_2311,user_1947,7/6/2025 10:11,product_page,Tablet,Germany,Social Media,146,0,1
session_2311,user_1947,7/6/2025 10:13,cart,Tablet,Germany,Social Media,83,0,1
session_2311,user_1947,7/6/2025 10:16,checkout,Tablet,Germany,Social Media,175,3,1
session_2311,user_1947,7/6/2025 10:17,confirmation,Tablet,Germany,Social Media,94,0,1
session_2312,user_2182,7/28/2025 20:39,home,Desktop,Canada,Email,46,0,0
session_2312,user_2182,7/28/2025 20:41,product_page,Desktop,Canada,Email,116,0,0
session_2313,user_2945,7/8/2025 10:06,home,Mobile,Australia,Google,62,0,0
session_2313,user_2945,7/8/2025 10:07,product_page,Mobile,Australia,Google,49,0,0
session_2314,user_1961,2/19/2025 0:28,home,Mobile,Canada,Social Media,37,0,1
session_2314,user_1961,2/19/2025 0:30,product_page,Mobile,Canada,Social Media,69,3,1
session_2314,user_1961,2/19/2025 0:31,cart,Mobile,Canada,Social Media,82,3,1
session_2314,user_1961,2/19/2025 0:34,checkout,Mobile,Canada,Social Media,163,3,1
session_2314,user_1961,2/19/2025 0:35,confirmation,Mobile,Canada,Social Media,71,0,1
session_2315,user_1391,6/27/2025 11:44,home,Desktop,UK,Email,60,0,0
session_2315,user_1391,6/27/2025 11:46,product_page,Desktop,UK,Email,107,0,0
session_2315,user_1391,6/27/2025 11:47,cart,Desktop,UK,Email,69,0,0
session_2316,user_1394,7/29/2025 0:02,home,Tablet,Australia,Direct,54,0,0
session_2316,user_1394,7/29/2025 0:05,product_page,Tablet,Australia,Direct,131,3,0
session_2317,user_2157,2/12/2025 23:58,home,Mobile,India,Email,43,0,1
session_2317,user_2157,2/12/2025 23:58,product_page,Mobile,India,Email,31,0,1
session_2317,user_2157,2/13/2025 0:00,cart,Mobile,India,Email,131,0,1
session_2317,user_2157,2/13/2025 0:01,checkout,Mobile,India,Email,52,3,1
session_2317,user_2157,2/13/2025 0:03,confirmation,Mobile,India,Email,111,0,1
session_2318,user_2206,3/29/2025 1:37,home,Desktop,France,Google,142,0,0
session_2318,user_2206,3/29/2025 1:39,product_page,Desktop,France,Google,111,2,0
session_2319,user_2004,1/19/2025 9:21,home,Desktop,Germany,Google,149,0,1
session_2319,user_2004,1/19/2025 9:23,product_page,Desktop,Germany,Google,158,0,1
session_2319,user_2004,1/19/2025 9:25,cart,Desktop,Germany,Google,94,1,1
session_2319,user_2004,1/19/2025 9:27,checkout,Desktop,Germany,Google,89,1,1
session_2319,user_2004,1/19/2025 9:28,confirmation,Desktop,Germany,Google,97,0,1
session_2320,user_2331,8/25/2025 10:44,home,Tablet,USA,Google,39,0,1
session_2320,user_2331,8/25/2025 10:44,product_page,Tablet,USA,Google,39,0,1
session_2320,user_2331,8/25/2025 10:45,cart,Tablet,USA,Google,36,3,1
session_2320,user_2331,8/25/2025 10:48,checkout,Tablet,USA,Google,172,3,1
session_2320,user_2331,8/25/2025 10:50,confirmation,Tablet,USA,Google,166,0,1
session_2321,user_2103,5/9/2025 1:40,home,Desktop,India,Email,145,0,0
session_2321,user_2103,5/9/2025 1:41,product_page,Desktop,India,Email,100,0,0
session_2322,user_1259,6/19/2025 22:38,home,Tablet,USA,Social Media,125,0,1
session_2322,user_1259,6/19/2025 22:40,product_page,Tablet,USA,Social Media,115,0,1
session_2322,user_1259,6/19/2025 22:41,cart,Tablet,USA,Social Media,100,0,1
session_2322,user_1259,6/19/2025 22:43,checkout,Tablet,USA,Social Media,109,1,1
session_2322,user_1259,6/19/2025 22:46,confirmation,Tablet,USA,Social Media,174,0,1
session_2323,user_2860,5/7/2025 12:13,home,Tablet,UK,Google,130,0,0
session_2323,user_2860,5/7/2025 12:14,product_page,Tablet,UK,Google,41,3,0
session_2324,user_1621,6/7/2025 9:03,home,Tablet,France,Email,33,0,1
session_2324,user_1621,6/7/2025 9:06,product_page,Tablet,France,Email,155,4,1
session_2324,user_1621,6/7/2025 9:08,cart,Tablet,France,Email,139,4,1
session_2324,user_1621,6/7/2025 9:09,checkout,Tablet,France,Email,63,4,1
session_2324,user_1621,6/7/2025 9:12,confirmation,Tablet,France,Email,157,0,1
session_2325,user_2058,7/12/2025 22:28,home,Tablet,UK,Google,101,0,1
session_2325,user_2058,7/12/2025 22:29,product_page,Tablet,UK,Google,83,0,1
session_2325,user_2058,7/12/2025 22:30,cart,Tablet,UK,Google,38,0,1
session_2325,user_2058,7/12/2025 22:33,checkout,Tablet,UK,Google,178,3,1
session_2325,user_2058,7/12/2025 22:35,confirmation,Tablet,UK,Google,108,0,1
session_2326,user_2756,4/16/2025 1:02,home,Tablet,France,Direct,73,0,0
session_2327,user_1268,1/13/2025 20:17,home,Desktop,Germany,Email,165,0,0
session_2327,user_1268,1/13/2025 20:18,product_page,Desktop,Germany,Email,95,0,0
session_2327,user_1268,1/13/2025 20:21,cart,Desktop,Germany,Email,173,4,0
session_2328,user_1708,5/29/2025 17:54,home,Mobile,Canada,Social Media,56,0,0
session_2328,user_1708,5/29/2025 17:55,product_page,Mobile,Canada,Social Media,49,4,0
session_2329,user_2137,2/7/2025 5:38,home,Mobile,France,Email,180,0,0
session_2329,user_2137,2/7/2025 5:39,product_page,Mobile,France,Email,23,3,0
session_2330,user_2285,2/25/2025 1:34,home,Tablet,Canada,Email,132,0,0
session_2330,user_2285,2/25/2025 1:37,product_page,Tablet,Canada,Email,180,1,0
session_2331,user_2814,3/23/2025 16:53,home,Mobile,Canada,Direct,136,0,0
session_2331,user_2814,3/23/2025 16:56,product_page,Mobile,Canada,Direct,162,2,0
session_2332,user_2160,5/26/2025 3:07,home,Mobile,Australia,Social Media,63,0,0
session_2333,user_2655,2/3/2025 22:29,home,Tablet,USA,Google,123,0,0
session_2333,user_2655,2/3/2025 22:31,product_page,Tablet,USA,Google,111,5,0
session_2334,user_1185,3/26/2025 9:14,home,Desktop,India,Social Media,167,0,1
session_2334,user_1185,3/26/2025 9:17,product_page,Desktop,India,Social Media,172,0,1
session_2334,user_1185,3/26/2025 9:17,cart,Desktop,India,Social Media,45,0,1
session_2334,user_1185,3/26/2025 9:19,checkout,Desktop,India,Social Media,119,3,1
session_2334,user_1185,3/26/2025 9:22,confirmation,Desktop,India,Social Media,144,0,1
session_2335,user_2488,2/16/2025 21:09,home,Mobile,USA,Email,140,0,0
session_2335,user_2488,2/16/2025 21:11,product_page,Mobile,USA,Email,86,0,0
session_2336,user_2566,4/29/2025 7:48,home,Mobile,France,Email,75,0,0
session_2336,user_2566,4/29/2025 7:51,product_page,Mobile,France,Email,167,3,0
session_2337,user_1770,8/14/2025 16:50,home,Mobile,India,Social Media,111,0,1
session_2337,user_1770,8/14/2025 16:52,product_page,Mobile,India,Social Media,126,0,1
session_2337,user_1770,8/14/2025 16:52,cart,Mobile,India,Social Media,45,2,1
session_2337,user_1770,8/14/2025 16:55,checkout,Mobile,India,Social Media,156,2,1
session_2337,user_1770,8/14/2025 16:57,confirmation,Mobile,India,Social Media,103,0,1
session_2338,user_2490,6/10/2025 8:34,home,Tablet,UK,Social Media,131,0,0
session_2338,user_2490,6/10/2025 8:37,product_page,Tablet,UK,Social Media,165,2,0
session_2339,user_2192,6/2/2025 19:42,home,Desktop,Canada,Direct,18,0,0
session_2339,user_2192,6/2/2025 19:43,product_page,Desktop,Canada,Direct,56,0,0
session_2339,user_2192,6/2/2025 19:43,cart,Desktop,Canada,Direct,26,1,0
session_2340,user_1461,6/24/2025 18:20,home,Tablet,Canada,Google,167,0,0
session_2340,user_1461,6/24/2025 18:21,product_page,Tablet,Canada,Google,43,2,0
session_2340,user_1461,6/24/2025 18:22,cart,Tablet,Canada,Google,69,2,0
session_2341,user_1592,2/24/2025 13:30,home,Desktop,USA,Social Media,147,0,0
session_2341,user_1592,2/24/2025 13:31,product_page,Desktop,USA,Social Media,57,2,0
session_2342,user_2110,3/28/2025 19:58,home,Tablet,Germany,Direct,81,0,0
session_2343,user_1591,6/30/2025 8:52,home,Tablet,Germany,Direct,158,0,0
session_2343,user_1591,6/30/2025 8:55,product_page,Tablet,Germany,Direct,130,2,0
session_2344,user_1012,7/14/2025 23:45,home,Mobile,USA,Social Media,53,0,0
session_2345,user_1133,6/7/2025 7:05,home,Mobile,Canada,Email,102,0,0
session_2345,user_1133,6/7/2025 7:07,product_page,Mobile,Canada,Email,87,5,0
session_2346,user_1763,1/16/2025 9:56,home,Desktop,USA,Social Media,15,0,0
session_2346,user_1763,1/16/2025 9:59,product_page,Desktop,USA,Social Media,163,2,0
session_2347,user_2271,4/30/2025 0:13,home,Mobile,India,Google,48,0,0
session_2347,user_2271,4/30/2025 0:16,product_page,Mobile,India,Google,172,0,0
session_2348,user_1622,2/27/2025 5:56,home,Desktop,Australia,Direct,161,0,1
session_2348,user_1622,2/27/2025 5:57,product_page,Desktop,Australia,Direct,32,4,1
session_2348,user_1622,2/27/2025 5:59,cart,Desktop,Australia,Direct,125,4,1
session_2348,user_1622,2/27/2025 6:00,checkout,Desktop,Australia,Direct,61,4,1
session_2348,user_1622,2/27/2025 6:01,confirmation,Desktop,Australia,Direct,97,0,1
session_2349,user_2904,8/26/2025 14:41,home,Desktop,UK,Email,135,0,0
session_2349,user_2904,8/26/2025 14:42,product_page,Desktop,UK,Email,49,0,0
session_2350,user_1351,1/22/2025 23:32,home,Mobile,India,Email,59,0,0
session_2350,user_1351,1/22/2025 23:34,product_page,Mobile,India,Email,67,4,0
session_2351,user_2832,5/6/2025 5:13,home,Tablet,Canada,Google,66,0,1
session_2351,user_2832,5/6/2025 5:16,product_page,Tablet,Canada,Google,174,0,1
session_2351,user_2832,5/6/2025 5:18,cart,Tablet,Canada,Google,140,5,1
session_2351,user_2832,5/6/2025 5:20,checkout,Tablet,Canada,Google,132,5,1
session_2351,user_2832,5/6/2025 5:22,confirmation,Tablet,Canada,Google,114,0,1
session_2352,user_1380,7/29/2025 5:30,home,Tablet,Canada,Direct,155,0,0
session_2352,user_1380,7/29/2025 5:31,product_page,Tablet,Canada,Direct,40,0,0
session_2353,user_2564,7/2/2025 13:25,home,Mobile,Canada,Email,102,0,0
session_2354,user_1950,8/18/2025 12:00,home,Desktop,France,Email,71,0,0
session_2354,user_1950,8/18/2025 12:01,product_page,Desktop,France,Email,57,0,0
session_2355,user_1288,5/6/2025 18:32,home,Desktop,France,Direct,151,0,0
session_2355,user_1288,5/6/2025 18:33,product_page,Desktop,France,Direct,24,0,0
session_2356,user_2366,8/21/2025 21:23,home,Desktop,India,Direct,94,0,0
session_2357,user_1446,3/5/2025 17:00,home,Desktop,India,Social Media,163,0,0
session_2357,user_1446,3/5/2025 17:02,product_page,Desktop,India,Social Media,128,4,0
session_2358,user_1458,4/26/2025 7:38,home,Tablet,Canada,Social Media,55,0,0
session_2358,user_1458,4/26/2025 7:39,product_page,Tablet,Canada,Social Media,86,0,0
session_2359,user_2756,6/9/2025 23:11,home,Desktop,India,Google,96,0,0
session_2359,user_2756,6/9/2025 23:12,product_page,Desktop,India,Google,30,0,0
session_2360,user_2151,5/21/2025 21:51,home,Desktop,USA,Email,89,0,0
session_2360,user_2151,5/21/2025 21:52,product_page,Desktop,USA,Email,101,3,0
session_2361,user_1022,5/4/2025 1:38,home,Mobile,Canada,Direct,143,0,0
session_2361,user_1022,5/4/2025 1:41,product_page,Mobile,Canada,Direct,141,2,0
session_2362,user_2948,5/26/2025 6:33,home,Mobile,Canada,Direct,122,0,0
session_2362,user_2948,5/26/2025 6:35,product_page,Mobile,Canada,Direct,162,3,0
session_2363,user_2534,5/27/2025 1:43,home,Mobile,UK,Google,59,0,0
session_2363,user_2534,5/27/2025 1:44,product_page,Mobile,UK,Google,17,0,0
session_2364,user_2295,1/6/2025 15:02,home,Tablet,France,Direct,21,0,0
session_2364,user_2295,1/6/2025 15:03,product_page,Tablet,France,Direct,53,1,0
session_2365,user_1942,2/26/2025 20:27,home,Mobile,India,Email,23,0,1
session_2365,user_1942,2/26/2025 20:29,product_page,Mobile,India,Email,116,0,1
session_2365,user_1942,2/26/2025 20:30,cart,Mobile,India,Email,50,0,1
session_2365,user_1942,2/26/2025 20:31,checkout,Mobile,India,Email,82,3,1
session_2365,user_1942,2/26/2025 20:34,confirmation,Mobile,India,Email,144,0,1
session_2366,user_2529,8/9/2025 10:22,home,Desktop,Australia,Google,163,0,0
session_2366,user_2529,8/9/2025 10:23,product_page,Desktop,Australia,Google,16,1,0
session_2366,user_2529,8/9/2025 10:23,cart,Desktop,Australia,Google,19,1,0
session_2367,user_1630,3/27/2025 1:04,home,Tablet,France,Google,87,0,0
session_2367,user_1630,3/27/2025 1:06,product_page,Tablet,France,Google,162,4,0
session_2368,user_2418,2/4/2025 18:06,home,Mobile,Germany,Google,15,0,0
session_2369,user_1645,5/27/2025 4:30,home,Tablet,USA,Direct,77,0,0
session_2369,user_1645,5/27/2025 4:32,product_page,Tablet,USA,Direct,139,5,0
session_2370,user_1910,6/8/2025 16:45,home,Desktop,Germany,Email,23,0,0
session_2370,user_1910,6/8/2025 16:46,product_page,Desktop,Germany,Email,81,5,0
session_2371,user_2602,3/7/2025 14:07,home,Tablet,Australia,Email,36,0,0
session_2371,user_2602,3/7/2025 14:10,product_page,Tablet,Australia,Email,160,1,0
session_2371,user_2602,3/7/2025 14:11,cart,Tablet,Australia,Email,63,1,0
session_2372,user_2515,6/21/2025 21:35,home,Desktop,Germany,Email,91,0,1
session_2372,user_2515,6/21/2025 21:37,product_page,Desktop,Germany,Email,84,1,1
session_2372,user_2515,6/21/2025 21:40,cart,Desktop,Germany,Email,174,1,1
session_2372,user_2515,6/21/2025 21:41,checkout,Desktop,Germany,Email,59,1,1
session_2372,user_2515,6/21/2025 21:43,confirmation,Desktop,Germany,Email,135,0,1
session_2373,user_2511,7/19/2025 7:54,home,Desktop,India,Social Media,153,0,0
session_2374,user_2151,3/31/2025 6:39,home,Desktop,Australia,Email,24,0,0
session_2374,user_2151,3/31/2025 6:41,product_page,Desktop,Australia,Email,145,1,0
session_2375,user_2222,1/25/2025 3:36,home,Desktop,Germany,Social Media,97,0,1
session_2375,user_2222,1/25/2025 3:39,product_page,Desktop,Germany,Social Media,144,5,1
session_2375,user_2222,1/25/2025 3:39,cart,Desktop,Germany,Social Media,42,5,1
session_2375,user_2222,1/25/2025 3:41,checkout,Desktop,Germany,Social Media,93,5,1
session_2375,user_2222,1/25/2025 3:43,confirmation,Desktop,Germany,Social Media,143,0,1
session_2376,user_1974,2/24/2025 3:51,home,Tablet,India,Google,123,0,0
session_2376,user_1974,2/24/2025 3:54,product_page,Tablet,India,Google,173,5,0
session_2377,user_1295,6/2/2025 23:17,home,Mobile,France,Email,128,0,0
session_2377,user_1295,6/2/2025 23:18,product_page,Mobile,France,Email,60,2,0
session_2378,user_2453,5/9/2025 17:43,home,Tablet,USA,Social Media,41,0,0
session_2378,user_2453,5/9/2025 17:45,product_page,Tablet,USA,Social Media,144,3,0
session_2379,user_1928,1/18/2025 0:51,home,Desktop,USA,Social Media,53,0,0
session_2380,user_2888,1/16/2025 18:17,home,Tablet,Australia,Email,71,0,0
session_2380,user_2888,1/16/2025 18:19,product_page,Tablet,Australia,Email,141,0,0
session_2381,user_1569,1/17/2025 19:23,home,Tablet,USA,Email,28,0,1
session_2381,user_1569,1/17/2025 19:25,product_page,Tablet,USA,Email,117,5,1
session_2381,user_1569,1/17/2025 19:27,cart,Tablet,USA,Email,101,5,1
session_2381,user_1569,1/17/2025 19:29,checkout,Tablet,USA,Email,94,5,1
session_2381,user_1569,1/17/2025 19:29,confirmation,Tablet,USA,Email,38,0,1
session_2382,user_2204,6/6/2025 22:32,home,Tablet,Australia,Social Media,27,0,1
session_2382,user_2204,6/6/2025 22:33,product_page,Tablet,Australia,Social Media,57,0,1
session_2382,user_2204,6/6/2025 22:33,cart,Tablet,Australia,Social Media,15,3,1
session_2382,user_2204,6/6/2025 22:36,checkout,Tablet,Australia,Social Media,135,3,1
session_2382,user_2204,6/6/2025 22:37,confirmation,Tablet,Australia,Social Media,48,0,1
session_2383,user_2316,4/25/2025 3:07,home,Mobile,USA,Direct,94,0,0
session_2384,user_1070,7/30/2025 21:21,home,Desktop,Canada,Email,34,0,0
session_2384,user_1070,7/30/2025 21:23,product_page,Desktop,Canada,Email,130,1,0
session_2385,user_2997,4/2/2025 16:04,home,Mobile,UK,Social Media,26,0,0
session_2385,user_2997,4/2/2025 16:05,product_page,Mobile,UK,Social Media,49,0,0
session_2386,user_1157,3/1/2025 13:32,home,Desktop,France,Google,82,0,0
session_2386,user_1157,3/1/2025 13:34,product_page,Desktop,France,Google,121,0,0
session_2387,user_2794,2/19/2025 23:47,home,Mobile,Germany,Google,74,0,0
session_2387,user_2794,2/19/2025 23:48,product_page,Mobile,Germany,Google,64,1,0
session_2388,user_2634,5/27/2025 11:14,home,Mobile,UK,Direct,153,0,1
session_2388,user_2634,5/27/2025 11:15,product_page,Mobile,UK,Direct,43,3,1
session_2388,user_2634,5/27/2025 11:16,cart,Mobile,UK,Direct,101,3,1
session_2388,user_2634,5/27/2025 11:19,checkout,Mobile,UK,Direct,175,3,1
session_2388,user_2634,5/27/2025 11:21,confirmation,Mobile,UK,Direct,116,0,1
session_2389,user_1606,1/29/2025 14:12,home,Tablet,Canada,Direct,55,0,0
session_2389,user_1606,1/29/2025 14:13,product_page,Tablet,Canada,Direct,57,3,0
session_2389,user_1606,1/29/2025 14:14,cart,Tablet,Canada,Direct,83,3,0
session_2390,user_2105,6/15/2025 16:40,home,Tablet,Canada,Email,34,0,0
session_2390,user_2105,6/15/2025 16:41,product_page,Tablet,Canada,Email,21,1,0
session_2391,user_1798,5/29/2025 18:08,home,Mobile,Canada,Social Media,139,0,0
session_2391,user_1798,5/29/2025 18:11,product_page,Mobile,Canada,Social Media,180,2,0
session_2392,user_2578,6/27/2025 6:02,home,Mobile,UK,Email,105,0,0
session_2392,user_2578,6/27/2025 6:03,product_page,Mobile,UK,Email,53,5,0
session_2393,user_2527,3/28/2025 17:54,home,Mobile,Australia,Social Media,23,0,0
session_2394,user_2184,6/13/2025 11:27,home,Mobile,Australia,Email,77,0,1
session_2394,user_2184,6/13/2025 11:28,product_page,Mobile,Australia,Email,64,4,1
session_2394,user_2184,6/13/2025 11:30,cart,Mobile,Australia,Email,133,4,1
session_2394,user_2184,6/13/2025 11:32,checkout,Mobile,Australia,Email,125,4,1
session_2394,user_2184,6/13/2025 11:35,confirmation,Mobile,Australia,Email,153,0,1
session_2395,user_1778,4/20/2025 15:40,home,Tablet,Germany,Social Media,85,0,1
session_2395,user_1778,4/20/2025 15:43,product_page,Tablet,Germany,Social Media,172,2,1
session_2395,user_1778,4/20/2025 15:44,cart,Tablet,Germany,Social Media,91,2,1
session_2395,user_1778,4/20/2025 15:47,checkout,Tablet,Germany,Social Media,170,2,1
session_2395,user_1778,4/20/2025 15:49,confirmation,Tablet,Germany,Social Media,111,0,1
session_2396,user_1224,1/12/2025 1:35,home,Desktop,India,Social Media,79,0,0
session_2397,user_1828,6/13/2025 6:10,home,Desktop,Germany,Google,50,0,0
session_2398,user_1124,7/20/2025 18:43,home,Tablet,USA,Social Media,86,0,0
session_2398,user_1124,7/20/2025 18:46,product_page,Tablet,USA,Social Media,157,0,0
session_2399,user_2961,8/4/2025 3:10,home,Mobile,Germany,Google,33,0,0
session_2399,user_2961,8/4/2025 3:12,product_page,Mobile,Germany,Google,154,0,0
session_2399,user_2961,8/4/2025 3:14,cart,Mobile,Germany,Google,89,0,0
session_2400,user_1831,2/16/2025 22:38,home,Desktop,Germany,Direct,175,0,0
session_2401,user_2018,4/17/2025 3:41,home,Tablet,USA,Google,16,0,1
session_2401,user_2018,4/17/2025 3:42,product_page,Tablet,USA,Google,71,4,1
session_2401,user_2018,4/17/2025 3:45,cart,Tablet,USA,Google,176,4,1
session_2401,user_2018,4/17/2025 3:47,checkout,Tablet,USA,Google,115,4,1
session_2401,user_2018,4/17/2025 3:48,confirmation,Tablet,USA,Google,79,0,1
session_2402,user_2955,3/3/2025 13:02,home,Tablet,Canada,Social Media,70,0,0
session_2402,user_2955,3/3/2025 13:04,product_page,Tablet,Canada,Social Media,142,0,0
session_2403,user_2504,2/4/2025 20:52,home,Mobile,Germany,Direct,109,0,0
session_2404,user_2965,4/29/2025 4:07,home,Desktop,Canada,Direct,42,0,0
session_2404,user_2965,4/29/2025 4:09,product_page,Desktop,Canada,Direct,129,0,0
session_2405,user_1983,8/16/2025 10:00,home,Mobile,Germany,Email,91,0,0
session_2405,user_1983,8/16/2025 10:03,product_page,Mobile,Germany,Email,178,2,0
session_2406,user_1255,5/16/2025 12:22,home,Mobile,Canada,Email,98,0,0
session_2406,user_1255,5/16/2025 12:24,product_page,Mobile,Canada,Email,98,0,0
session_2407,user_2468,2/25/2025 20:04,home,Desktop,India,Direct,130,0,1
session_2407,user_2468,2/25/2025 20:07,product_page,Desktop,India,Direct,134,1,1
session_2407,user_2468,2/25/2025 20:09,cart,Desktop,India,Direct,163,1,1
session_2407,user_2468,2/25/2025 20:12,checkout,Desktop,India,Direct,149,1,1
session_2407,user_2468,2/25/2025 20:14,confirmation,Desktop,India,Direct,156,0,1
session_2408,user_2143,6/5/2025 11:27,home,Mobile,Canada,Social Media,56,0,1
session_2408,user_2143,6/5/2025 11:29,product_page,Mobile,Canada,Social Media,74,3,1
session_2408,user_2143,6/5/2025 11:30,cart,Mobile,Canada,Social Media,78,3,1
session_2408,user_2143,6/5/2025 11:32,checkout,Mobile,Canada,Social Media,147,3,1
session_2408,user_2143,6/5/2025 11:35,confirmation,Mobile,Canada,Social Media,154,0,1
session_2409,user_1820,4/25/2025 15:47,home,Tablet,Canada,Email,21,0,0
session_2410,user_1372,4/20/2025 0:41,home,Tablet,France,Google,119,0,1
session_2410,user_1372,4/20/2025 0:44,product_page,Tablet,France,Google,132,1,1
session_2410,user_1372,4/20/2025 0:45,cart,Tablet,France,Google,118,1,1
session_2410,user_1372,4/20/2025 0:46,checkout,Tablet,France,Google,17,1,1
session_2410,user_1372,4/20/2025 0:46,confirmation,Tablet,France,Google,32,0,1
session_2411,user_1599,3/4/2025 11:16,home,Desktop,France,Social Media,33,0,0
session_2411,user_1599,3/4/2025 11:17,product_page,Desktop,France,Social Media,57,0,0
session_2412,user_2514,8/26/2025 21:18,home,Desktop,Australia,Direct,79,0,0
session_2412,user_2514,8/26/2025 21:19,product_page,Desktop,Australia,Direct,37,0,0
session_2413,user_1625,7/20/2025 7:36,home,Desktop,USA,Email,114,0,1
session_2413,user_1625,7/20/2025 7:37,product_page,Desktop,USA,Email,56,4,1
session_2413,user_1625,7/20/2025 7:37,cart,Desktop,USA,Email,15,4,1
session_2413,user_1625,7/20/2025 7:38,checkout,Desktop,USA,Email,50,4,1
session_2413,user_1625,7/20/2025 7:39,confirmation,Desktop,USA,Email,63,0,1
session_2414,user_2512,1/1/2025 17:01,home,Desktop,India,Email,128,0,1
session_2414,user_2512,1/1/2025 17:02,product_page,Desktop,India,Email,59,0,1
session_2414,user_2512,1/1/2025 17:03,cart,Desktop,India,Email,46,0,1
session_2414,user_2512,1/1/2025 17:04,checkout,Desktop,India,Email,53,1,1
session_2414,user_2512,1/1/2025 17:04,confirmation,Desktop,India,Email,27,0,1
session_2415,user_2380,1/12/2025 2:13,home,Tablet,India,Google,149,0,0
session_2416,user_1042,4/10/2025 20:35,home,Mobile,India,Google,22,0,1
session_2416,user_1042,4/10/2025 20:36,product_page,Mobile,India,Google,96,3,1
session_2416,user_1042,4/10/2025 20:39,cart,Mobile,India,Google,174,3,1
session_2416,user_1042,4/10/2025 20:41,checkout,Mobile,India,Google,109,3,1
session_2416,user_1042,4/10/2025 20:44,confirmation,Mobile,India,Google,152,0,1
session_2417,user_1868,1/30/2025 12:45,home,Tablet,France,Social Media,132,0,1
session_2417,user_1868,1/30/2025 12:45,product_page,Tablet,France,Social Media,16,5,1
session_2417,user_1868,1/30/2025 12:47,cart,Tablet,France,Social Media,125,5,1
session_2417,user_1868,1/30/2025 12:48,checkout,Tablet,France,Social Media,55,5,1
session_2417,user_1868,1/30/2025 12:49,confirmation,Tablet,France,Social Media,93,0,1
session_2418,user_2258,8/19/2025 5:05,home,Mobile,USA,Direct,124,0,0
session_2418,user_2258,8/19/2025 5:06,product_page,Mobile,USA,Direct,48,1,0
session_2419,user_1133,6/25/2025 4:02,home,Desktop,USA,Social Media,27,0,0
session_2420,user_2591,1/1/2025 5:21,home,Desktop,Canada,Email,63,0,1
session_2420,user_2591,1/1/2025 5:24,product_page,Desktop,Canada,Email,179,2,1
session_2420,user_2591,1/1/2025 5:25,cart,Desktop,Canada,Email,46,2,1
session_2420,user_2591,1/1/2025 5:25,checkout,Desktop,Canada,Email,27,2,1
session_2420,user_2591,1/1/2025 5:27,confirmation,Desktop,Canada,Email,129,0,1
session_2421,user_1618,6/23/2025 4:18,home,Mobile,India,Social Media,61,0,0
session_2421,user_1618,6/23/2025 4:18,product_page,Mobile,India,Social Media,23,2,0
session_2422,user_1500,5/30/2025 4:03,home,Mobile,India,Google,144,0,0
session_2422,user_1500,5/30/2025 4:04,product_page,Mobile,India,Google,49,3,0
session_2423,user_1964,3/6/2025 17:08,home,Tablet,USA,Google,15,0,0
session_2423,user_1964,3/6/2025 17:09,product_page,Tablet,USA,Google,30,3,0
session_2424,user_1107,5/24/2025 3:12,home,Desktop,USA,Direct,89,0,1
session_2424,user_1107,5/24/2025 3:15,product_page,Desktop,USA,Direct,172,0,1
session_2424,user_1107,5/24/2025 3:17,cart,Desktop,USA,Direct,148,1,1
session_2424,user_1107,5/24/2025 3:18,checkout,Desktop,USA,Direct,58,1,1
session_2424,user_1107,5/24/2025 3:20,confirmation,Desktop,USA,Direct,110,0,1
session_2425,user_1289,3/28/2025 2:52,home,Desktop,UK,Google,146,0,0
session_2425,user_1289,3/28/2025 2:54,product_page,Desktop,UK,Google,118,3,0
session_2425,user_1289,3/28/2025 2:55,cart,Desktop,UK,Google,77,3,0
session_2426,user_2457,8/9/2025 11:55,home,Tablet,Australia,Google,134,0,0
session_2427,user_2293,1/29/2025 0:53,home,Mobile,Germany,Email,28,0,1
session_2427,user_2293,1/29/2025 0:53,product_page,Mobile,Germany,Email,52,1,1
session_2427,user_2293,1/29/2025 0:56,cart,Mobile,Germany,Email,170,1,1
session_2427,user_2293,1/29/2025 0:58,checkout,Mobile,Germany,Email,99,1,1
session_2427,user_2293,1/29/2025 1:00,confirmation,Mobile,Germany,Email,144,0,1
session_2428,user_2778,4/8/2025 21:22,home,Mobile,Australia,Social Media,27,0,0
session_2428,user_2778,4/8/2025 21:24,product_page,Mobile,Australia,Social Media,143,1,0
session_2428,user_2778,4/8/2025 21:27,cart,Mobile,Australia,Social Media,179,1,0
session_2429,user_1478,1/22/2025 8:26,home,Tablet,USA,Google,103,0,0
session_2429,user_1478,1/22/2025 8:27,product_page,Tablet,USA,Google,75,0,0
session_2430,user_1935,5/28/2025 17:48,home,Tablet,Canada,Direct,77,0,0
session_2430,user_1935,5/28/2025 17:50,product_page,Tablet,Canada,Direct,111,0,0
session_2431,user_1860,2/26/2025 19:48,home,Desktop,Canada,Email,158,0,0
session_2431,user_1860,2/26/2025 19:48,product_page,Desktop,Canada,Email,48,4,0
session_2432,user_2972,7/8/2025 22:03,home,Mobile,USA,Social Media,21,0,0
session_2432,user_2972,7/8/2025 22:06,product_page,Mobile,USA,Social Media,178,0,0
session_2433,user_2582,5/4/2025 8:27,home,Mobile,USA,Social Media,106,0,0
session_2433,user_2582,5/4/2025 8:27,product_page,Mobile,USA,Social Media,40,0,0
session_2433,user_2582,5/4/2025 8:30,cart,Mobile,USA,Social Media,165,5,0
session_2434,user_2366,2/18/2025 15:58,home,Tablet,Germany,Google,116,0,0
session_2435,user_1384,6/15/2025 21:16,home,Mobile,Australia,Social Media,19,0,0
session_2436,user_2957,1/22/2025 19:19,home,Mobile,France,Social Media,86,0,0
session_2437,user_2232,2/3/2025 19:36,home,Tablet,India,Direct,38,0,0
session_2437,user_2232,2/3/2025 19:37,product_page,Tablet,India,Direct,51,5,0
session_2437,user_2232,2/3/2025 19:38,cart,Tablet,India,Direct,57,5,0
session_2438,user_2687,5/12/2025 11:50,home,Tablet,France,Email,178,0,0
session_2439,user_1610,3/25/2025 2:05,home,Desktop,USA,Google,112,0,0
session_2440,user_1783,6/4/2025 4:47,home,Mobile,Australia,Google,121,0,0
session_2440,user_1783,6/4/2025 4:47,product_page,Mobile,Australia,Google,52,0,0
session_2441,user_2043,6/7/2025 17:20,home,Mobile,France,Email,30,0,0
session_2441,user_2043,6/7/2025 17:21,product_page,Mobile,France,Email,69,1,0
session_2441,user_2043,6/7/2025 17:22,cart,Mobile,France,Email,37,1,0
session_2442,user_2570,3/6/2025 6:09,home,Mobile,Germany,Direct,167,0,0
session_2442,user_2570,3/6/2025 6:12,product_page,Mobile,Germany,Direct,146,5,0
session_2443,user_1885,4/13/2025 4:13,home,Mobile,Canada,Email,133,0,0
session_2444,user_2914,8/9/2025 1:11,home,Tablet,Canada,Email,60,0,0
session_2445,user_1850,1/18/2025 0:40,home,Tablet,UK,Social Media,54,0,0
session_2446,user_1136,4/29/2025 15:08,home,Tablet,France,Direct,50,0,0
session_2447,user_1837,4/20/2025 0:41,home,Mobile,UK,Google,52,0,0
session_2448,user_2906,2/12/2025 13:47,home,Desktop,India,Direct,143,0,0
session_2448,user_2906,2/12/2025 13:48,product_page,Desktop,India,Direct,69,4,0
session_2449,user_1605,8/9/2025 20:40,home,Mobile,Canada,Email,82,0,0
session_2449,user_1605,8/9/2025 20:41,product_page,Mobile,Canada,Email,28,2,0
session_2449,user_1605,8/9/2025 20:41,cart,Mobile,Canada,Email,45,2,0
session_2450,user_2584,2/19/2025 8:45,home,Tablet,Australia,Direct,114,0,0
session_2450,user_2584,2/19/2025 8:46,product_page,Tablet,Australia,Direct,102,2,0
session_2450,user_2584,2/19/2025 8:49,cart,Tablet,Australia,Direct,168,2,0
session_2450,user_2584,2/19/2025 8:50,checkout,Tablet,Australia,Direct,46,2,0
session_2451,user_2957,4/3/2025 14:01,home,Mobile,Germany,Direct,151,0,0
session_2451,user_2957,4/3/2025 14:02,product_page,Mobile,Germany,Direct,56,5,0
session_2451,user_2957,4/3/2025 14:05,cart,Mobile,Germany,Direct,173,5,0
session_2451,user_2957,4/3/2025 14:06,checkout,Mobile,Germany,Direct,27,5,0
session_2452,user_1519,2/11/2025 9:33,home,Mobile,Australia,Email,132,0,1
session_2452,user_1519,2/11/2025 9:34,product_page,Mobile,Australia,Email,54,0,1
session_2452,user_1519,2/11/2025 9:36,cart,Mobile,Australia,Email,111,4,1
session_2452,user_1519,2/11/2025 9:37,checkout,Mobile,Australia,Email,107,4,1
session_2452,user_1519,2/11/2025 9:39,confirmation,Mobile,Australia,Email,63,0,1
session_2453,user_1440,2/15/2025 14:32,home,Mobile,USA,Direct,101,0,0
session_2454,user_2384,7/25/2025 4:58,home,Mobile,Germany,Direct,85,0,0
session_2454,user_2384,7/25/2025 5:01,product_page,Mobile,Germany,Direct,174,0,0
session_2455,user_1965,1/11/2025 9:00,home,Desktop,UK,Social Media,97,0,0
session_2455,user_1965,1/11/2025 9:00,product_page,Desktop,UK,Social Media,16,5,0
session_2456,user_2208,1/13/2025 19:42,home,Tablet,UK,Google,177,0,1
session_2456,user_2208,1/13/2025 19:43,product_page,Tablet,UK,Google,96,5,1
session_2456,user_2208,1/13/2025 19:46,cart,Tablet,UK,Google,163,5,1
session_2456,user_2208,1/13/2025 19:49,checkout,Tablet,UK,Google,169,5,1
session_2456,user_2208,1/13/2025 19:51,confirmation,Tablet,UK,Google,120,0,1
session_2457,user_2459,1/23/2025 15:12,home,Desktop,Australia,Email,71,0,0
session_2457,user_2459,1/23/2025 15:14,product_page,Desktop,Australia,Email,111,0,0
session_2458,user_2762,7/19/2025 3:30,home,Desktop,Canada,Direct,46,0,0
session_2459,user_1147,6/2/2025 5:16,home,Desktop,India,Direct,49,0,0
session_2459,user_1147,6/2/2025 5:16,product_page,Desktop,India,Direct,36,5,0
session_2460,user_1253,5/28/2025 15:35,home,Tablet,UK,Email,71,0,0
session_2460,user_1253,5/28/2025 15:38,product_page,Tablet,UK,Email,171,0,0
session_2461,user_1433,7/27/2025 16:49,home,Desktop,India,Direct,89,0,0
session_2462,user_2232,1/23/2025 19:01,home,Desktop,Germany,Google,39,0,0
session_2462,user_2232,1/23/2025 19:03,product_page,Desktop,Germany,Google,131,1,0
session_2463,user_2128,5/10/2025 0:48,home,Tablet,Australia,Social Media,162,0,0
session_2463,user_2128,5/10/2025 0:49,product_page,Tablet,Australia,Social Media,27,0,0
session_2464,user_1202,4/2/2025 7:44,home,Desktop,UK,Direct,30,0,0
session_2465,user_2472,8/17/2025 5:50,home,Tablet,UK,Google,165,0,0
session_2465,user_2472,8/17/2025 5:53,product_page,Tablet,UK,Google,174,0,0
session_2466,user_1432,7/14/2025 13:46,home,Mobile,UK,Social Media,150,0,0
session_2467,user_2910,1/17/2025 4:53,home,Desktop,USA,Google,109,0,0
session_2467,user_2910,1/17/2025 4:54,product_page,Desktop,USA,Google,55,0,0
session_2468,user_2733,6/7/2025 4:15,home,Desktop,Canada,Email,79,0,1
session_2468,user_2733,6/7/2025 4:16,product_page,Desktop,Canada,Email,52,0,1
session_2468,user_2733,6/7/2025 4:17,cart,Desktop,Canada,Email,55,4,1
session_2468,user_2733,6/7/2025 4:17,checkout,Desktop,Canada,Email,47,4,1
session_2468,user_2733,6/7/2025 4:20,confirmation,Desktop,Canada,Email,147,0,1
session_2469,user_1919,2/26/2025 5:38,home,Tablet,Canada,Direct,45,0,0
session_2469,user_1919,2/26/2025 5:40,product_page,Tablet,Canada,Direct,100,0,0
session_2470,user_2756,8/28/2025 0:48,home,Tablet,UK,Direct,158,0,1
session_2470,user_2756,8/28/2025 0:49,product_page,Tablet,UK,Direct,52,1,1
session_2470,user_2756,8/28/2025 0:52,cart,Tablet,UK,Direct,176,1,1
session_2470,user_2756,8/28/2025 0:53,checkout,Tablet,UK,Direct,38,1,1
session_2470,user_2756,8/28/2025 0:55,confirmation,Tablet,UK,Direct,105,0,1
session_2471,user_2812,1/19/2025 3:58,home,Tablet,India,Social Media,117,0,0
session_2471,user_2812,1/19/2025 4:01,product_page,Tablet,India,Social Media,134,0,0
session_2472,user_1494,7/24/2025 12:48,home,Mobile,UK,Google,31,0,1
session_2472,user_1494,7/24/2025 12:51,product_page,Mobile,UK,Google,155,0,1
session_2472,user_1494,7/24/2025 12:54,cart,Mobile,UK,Google,177,0,1
session_2472,user_1494,7/24/2025 12:56,checkout,Mobile,UK,Google,170,3,1
session_2472,user_1494,7/24/2025 12:59,confirmation,Mobile,UK,Google,166,0,1
session_2473,user_2543,2/16/2025 3:16,home,Desktop,Australia,Google,143,0,1
session_2473,user_2543,2/16/2025 3:17,product_page,Desktop,Australia,Google,69,5,1
session_2473,user_2543,2/16/2025 3:19,cart,Desktop,Australia,Google,133,5,1
session_2473,user_2543,2/16/2025 3:21,checkout,Desktop,Australia,Google,142,5,1
session_2473,user_2543,2/16/2025 3:22,confirmation,Desktop,Australia,Google,19,0,1
session_2474,user_1270,1/12/2025 20:18,home,Desktop,UK,Direct,58,0,0
session_2474,user_1270,1/12/2025 20:18,product_page,Desktop,UK,Direct,20,3,0
session_2475,user_2896,4/12/2025 18:19,home,Mobile,India,Social Media,164,0,0
session_2475,user_2896,4/12/2025 18:21,product_page,Mobile,India,Social Media,112,4,0
session_2476,user_1895,2/3/2025 7:54,home,Desktop,UK,Google,32,0,0
session_2476,user_1895,2/3/2025 7:55,product_page,Desktop,UK,Google,75,0,0
session_2477,user_1293,2/23/2025 20:57,home,Tablet,UK,Email,70,0,1
session_2477,user_1293,2/23/2025 20:59,product_page,Tablet,UK,Email,137,0,1
session_2477,user_1293,2/23/2025 21:02,cart,Tablet,UK,Email,159,5,1
session_2477,user_1293,2/23/2025 21:04,checkout,Tablet,UK,Email,95,5,1
session_2477,user_1293,2/23/2025 21:04,confirmation,Tablet,UK,Email,48,0,1
session_2478,user_2543,7/18/2025 17:42,home,Tablet,India,Google,114,0,0
session_2479,user_2031,1/31/2025 7:35,home,Tablet,Australia,Direct,130,0,0
session_2479,user_2031,1/31/2025 7:37,product_page,Tablet,Australia,Direct,97,1,0
session_2480,user_2685,2/7/2025 9:43,home,Tablet,India,Email,163,0,0
session_2480,user_2685,2/7/2025 9:44,product_page,Tablet,India,Email,100,5,0
session_2481,user_2344,3/23/2025 14:34,home,Mobile,Australia,Email,81,0,0
session_2481,user_2344,3/23/2025 14:37,product_page,Mobile,Australia,Email,157,3,0
session_2482,user_1284,7/22/2025 1:15,home,Tablet,India,Email,57,0,0
session_2482,user_1284,7/22/2025 1:16,product_page,Tablet,India,Email,51,2,0
session_2483,user_1985,5/25/2025 8:27,home,Mobile,UK,Google,173,0,0
session_2483,user_1985,5/25/2025 8:30,product_page,Mobile,UK,Google,149,0,0
session_2484,user_2923,8/28/2025 13:19,home,Tablet,Canada,Social Media,74,0,0
session_2484,user_2923,8/28/2025 13:20,product_page,Tablet,Canada,Social Media,61,1,0
session_2485,user_2870,7/18/2025 9:55,home,Mobile,Germany,Email,21,0,0
session_2486,user_2454,7/1/2025 6:27,home,Tablet,Canada,Social Media,123,0,0
session_2486,user_2454,7/1/2025 6:29,product_page,Tablet,Canada,Social Media,169,1,0
session_2487,user_2657,4/26/2025 17:19,home,Desktop,Canada,Social Media,110,0,0
session_2487,user_2657,4/26/2025 17:20,product_page,Desktop,Canada,Social Media,58,0,0
session_2487,user_2657,4/26/2025 17:21,cart,Desktop,Canada,Social Media,49,0,0
session_2488,user_1760,8/14/2025 0:19,home,Tablet,UK,Direct,66,0,1
session_2488,user_1760,8/14/2025 0:21,product_page,Tablet,UK,Direct,86,0,1
session_2488,user_1760,8/14/2025 0:23,cart,Tablet,UK,Direct,132,0,1
session_2488,user_1760,8/14/2025 0:24,checkout,Tablet,UK,Direct,71,2,1
session_2488,user_1760,8/14/2025 0:25,confirmation,Tablet,UK,Direct,73,0,1
session_2489,user_1196,5/22/2025 4:10,home,Mobile,UK,Social Media,16,0,1
session_2489,user_1196,5/22/2025 4:13,product_page,Mobile,UK,Social Media,128,4,1
session_2489,user_1196,5/22/2025 4:14,cart,Mobile,UK,Social Media,109,4,1
session_2489,user_1196,5/22/2025 4:15,checkout,Mobile,UK,Social Media,34,4,1
session_2489,user_1196,5/22/2025 4:17,confirmation,Mobile,UK,Social Media,108,0,1
session_2490,user_2846,6/30/2025 20:44,home,Desktop,Canada,Google,15,0,0
session_2490,user_2846,6/30/2025 20:47,product_page,Desktop,Canada,Google,156,0,0
session_2491,user_2974,3/26/2025 7:25,home,Tablet,Germany,Social Media,25,0,0
session_2491,user_2974,3/26/2025 7:27,product_page,Tablet,Germany,Social Media,109,0,0
session_2492,user_2043,3/1/2025 21:45,home,Desktop,France,Social Media,114,0,0
session_2492,user_2043,3/1/2025 21:48,product_page,Desktop,France,Social Media,168,0,0
session_2492,user_2043,3/1/2025 21:49,cart,Desktop,France,Social Media,68,4,0
session_2493,user_1897,1/13/2025 15:48,home,Desktop,UK,Direct,143,0,0
session_2493,user_1897,1/13/2025 15:49,product_page,Desktop,UK,Direct,48,3,0
session_2493,user_1897,1/13/2025 15:50,cart,Desktop,UK,Direct,50,3,0
session_2494,user_2621,8/3/2025 6:57,home,Desktop,USA,Direct,159,0,0
session_2494,user_2621,8/3/2025 6:58,product_page,Desktop,USA,Direct,45,0,0
session_2494,user_2621,8/3/2025 6:58,cart,Desktop,USA,Direct,16,5,0
session_2495,user_1944,7/2/2025 13:25,home,Desktop,UK,Google,141,0,0
session_2496,user_2175,1/19/2025 21:51,home,Tablet,India,Email,76,0,1
session_2496,user_2175,1/19/2025 21:53,product_page,Tablet,India,Email,168,0,1
session_2496,user_2175,1/19/2025 21:54,cart,Tablet,India,Email,56,3,1
session_2496,user_2175,1/19/2025 21:55,checkout,Tablet,India,Email,53,3,1
session_2496,user_2175,1/19/2025 21:57,confirmation,Tablet,India,Email,88,0,1
session_2497,user_1066,6/15/2025 10:49,home,Desktop,Australia,Direct,149,0,0
session_2497,user_1066,6/15/2025 10:51,product_page,Desktop,Australia,Direct,129,4,0
session_2498,user_1585,7/7/2025 11:08,home,Mobile,Canada,Google,117,0,1
session_2498,user_1585,7/7/2025 11:10,product_page,Mobile,Canada,Google,153,0,1
session_2498,user_1585,7/7/2025 11:12,cart,Mobile,Canada,Google,123,0,1
session_2498,user_1585,7/7/2025 11:15,checkout,Mobile,Canada,Google,156,3,1
session_2498,user_1585,7/7/2025 11:16,confirmation,Mobile,Canada,Google,78,0,1
session_2499,user_2837,5/21/2025 21:59,home,Tablet,Canada,Google,162,0,0
session_2499,user_2837,5/21/2025 22:01,product_page,Tablet,Canada,Google,129,0,0
session_2500,user_2301,1/28/2025 20:32,home,Tablet,Canada,Social Media,174,0,0
session_2500,user_2301,1/28/2025 20:34,product_page,Tablet,Canada,Social Media,140,0,0
session_2501,user_2317,7/2/2025 18:45,home,Mobile,USA,Google,38,0,0
session_2501,user_2317,7/2/2025 18:46,product_page,Mobile,USA,Google,61,5,0
session_2501,user_2317,7/2/2025 18:48,cart,Mobile,USA,Google,124,5,0
session_2501,user_2317,7/2/2025 18:50,checkout,Mobile,USA,Google,102,5,0
session_2502,user_2006,7/20/2025 7:39,home,Desktop,USA,Email,38,0,0
session_2502,user_2006,7/20/2025 7:40,product_page,Desktop,USA,Email,28,0,0
session_2503,user_1609,6/7/2025 11:32,home,Desktop,USA,Email,120,0,0
session_2503,user_1609,6/7/2025 11:33,product_page,Desktop,USA,Email,43,0,0
session_2503,user_1609,6/7/2025 11:35,cart,Desktop,USA,Email,155,5,0
session_2504,user_2634,2/10/2025 4:35,home,Mobile,Germany,Direct,55,0,0
session_2505,user_2423,7/15/2025 7:49,home,Tablet,UK,Google,82,0,0
session_2505,user_2423,7/15/2025 7:50,product_page,Tablet,UK,Google,59,0,0
session_2506,user_2391,3/17/2025 14:30,home,Desktop,Germany,Social Media,125,0,1
session_2506,user_2391,3/17/2025 14:32,product_page,Desktop,Germany,Social Media,121,4,1
session_2506,user_2391,3/17/2025 14:34,cart,Desktop,Germany,Social Media,146,4,1
session_2506,user_2391,3/17/2025 14:35,checkout,Desktop,Germany,Social Media,48,4,1
session_2506,user_2391,3/17/2025 14:37,confirmation,Desktop,Germany,Social Media,136,0,1
session_2507,user_2940,2/17/2025 8:34,home,Tablet,Germany,Email,172,0,0
session_2508,user_2026,8/6/2025 6:25,home,Desktop,Australia,Google,34,0,0
session_2509,user_2322,4/4/2025 1:18,home,Tablet,Germany,Social Media,35,0,0
session_2510,user_2989,7/11/2025 19:53,home,Tablet,Germany,Google,49,0,1
session_2510,user_2989,7/11/2025 19:54,product_page,Tablet,Germany,Google,21,0,1
session_2510,user_2989,7/11/2025 19:56,cart,Tablet,Germany,Google,128,5,1
session_2510,user_2989,7/11/2025 19:56,checkout,Tablet,Germany,Google,23,5,1
session_2510,user_2989,7/11/2025 19:58,confirmation,Tablet,Germany,Google,85,0,1
session_2511,user_2219,2/22/2025 16:15,home,Desktop,India,Direct,159,0,0
session_2511,user_2219,2/22/2025 16:16,product_page,Desktop,India,Direct,69,0,0
session_2512,user_2585,2/26/2025 2:57,home,Mobile,India,Direct,27,0,0
session_2513,user_2123,2/6/2025 11:36,home,Mobile,India,Social Media,160,0,1
session_2513,user_2123,2/6/2025 11:37,product_page,Mobile,India,Social Media,45,0,1
session_2513,user_2123,2/6/2025 11:38,cart,Mobile,India,Social Media,70,4,1
session_2513,user_2123,2/6/2025 11:41,checkout,Mobile,India,Social Media,175,4,1
session_2513,user_2123,2/6/2025 11:43,confirmation,Mobile,India,Social Media,110,0,1
session_2514,user_1848,3/8/2025 18:02,home,Mobile,Germany,Google,129,0,1
session_2514,user_1848,3/8/2025 18:03,product_page,Mobile,Germany,Google,52,3,1
session_2514,user_1848,3/8/2025 18:04,cart,Mobile,Germany,Google,79,3,1
session_2514,user_1848,3/8/2025 18:06,checkout,Mobile,Germany,Google,115,3,1
session_2514,user_1848,3/8/2025 18:07,confirmation,Mobile,Germany,Google,63,0,1
session_2515,user_1754,3/16/2025 7:00,home,Desktop,Canada,Email,58,0,0
session_2515,user_1754,3/16/2025 7:02,product_page,Desktop,Canada,Email,83,5,0
session_2516,user_2236,8/17/2025 20:50,home,Tablet,Australia,Google,117,0,0
session_2517,user_1818,6/27/2025 0:40,home,Mobile,Canada,Direct,38,0,0
session_2518,user_1071,6/7/2025 2:12,home,Tablet,UK,Direct,22,0,0
session_2518,user_1071,6/7/2025 2:14,product_page,Tablet,UK,Direct,96,2,0
session_2518,user_1071,6/7/2025 2:17,cart,Tablet,UK,Direct,178,2,0
session_2519,user_2126,4/24/2025 21:37,home,Mobile,Canada,Email,97,0,0
session_2519,user_2126,4/24/2025 21:37,product_page,Mobile,Canada,Email,36,3,0
session_2520,user_1618,8/9/2025 13:17,home,Desktop,Germany,Direct,102,0,0
session_2520,user_1618,8/9/2025 13:20,product_page,Desktop,Germany,Direct,175,0,0
session_2521,user_2842,4/19/2025 7:08,home,Mobile,Germany,Social Media,99,0,0
session_2521,user_2842,4/19/2025 7:08,product_page,Mobile,Germany,Social Media,36,3,0
session_2521,user_2842,4/19/2025 7:10,cart,Mobile,Germany,Social Media,92,3,0
session_2522,user_2223,1/26/2025 23:27,home,Tablet,Canada,Google,53,0,1
session_2522,user_2223,1/26/2025 23:29,product_page,Tablet,Canada,Google,112,3,1
session_2522,user_2223,1/26/2025 23:30,cart,Tablet,Canada,Google,83,3,1
session_2522,user_2223,1/26/2025 23:33,checkout,Tablet,Canada,Google,129,3,1
session_2522,user_2223,1/26/2025 23:33,confirmation,Tablet,Canada,Google,36,0,1
session_2523,user_2329,8/15/2025 11:47,home,Desktop,India,Google,168,0,0
session_2524,user_1740,5/23/2025 1:10,home,Tablet,UK,Email,108,0,0
session_2525,user_2558,4/24/2025 17:47,home,Desktop,USA,Google,52,0,0
session_2525,user_2558,4/24/2025 17:47,product_page,Desktop,USA,Google,27,1,0
session_2526,user_2672,4/6/2025 11:46,home,Mobile,Germany,Google,75,0,0
session_2527,user_1595,4/22/2025 14:04,home,Mobile,India,Social Media,118,0,0
session_2527,user_1595,4/22/2025 14:07,product_page,Mobile,India,Social Media,177,3,0
session_2528,user_1185,1/30/2025 3:55,home,Desktop,Germany,Google,96,0,0
session_2528,user_1185,1/30/2025 3:56,product_page,Desktop,Germany,Google,84,0,0
session_2529,user_2255,5/11/2025 14:13,home,Desktop,India,Social Media,53,0,0
session_2530,user_3000,4/5/2025 15:30,home,Tablet,India,Direct,22,0,1
session_2530,user_3000,4/5/2025 15:33,product_page,Tablet,India,Direct,151,0,1
session_2530,user_3000,4/5/2025 15:35,cart,Tablet,India,Direct,110,0,1
session_2530,user_3000,4/5/2025 15:37,checkout,Tablet,India,Direct,127,3,1
session_2530,user_3000,4/5/2025 15:38,confirmation,Tablet,India,Direct,60,0,1
session_2531,user_1540,6/8/2025 15:41,home,Tablet,USA,Direct,131,0,1
session_2531,user_1540,6/8/2025 15:43,product_page,Tablet,USA,Direct,116,0,1
session_2531,user_1540,6/8/2025 15:44,cart,Tablet,USA,Direct,65,0,1
session_2531,user_1540,6/8/2025 15:47,checkout,Tablet,USA,Direct,163,1,1
session_2531,user_1540,6/8/2025 15:47,confirmation,Tablet,USA,Direct,31,0,1
session_2532,user_1576,2/19/2025 20:39,home,Tablet,Canada,Social Media,176,0,0
session_2532,user_1576,2/19/2025 20:39,product_page,Tablet,Canada,Social Media,49,2,0
session_2533,user_2480,1/25/2025 17:49,home,Tablet,Germany,Social Media,96,0,0
session_2534,user_2215,8/8/2025 6:52,home,Tablet,USA,Google,74,0,0
session_2534,user_2215,8/8/2025 6:55,product_page,Tablet,USA,Google,136,0,0
session_2535,user_2038,5/12/2025 19:53,home,Tablet,USA,Social Media,50,0,0
session_2535,user_2038,5/12/2025 19:55,product_page,Tablet,USA,Social Media,88,5,0
session_2535,user_2038,5/12/2025 19:57,cart,Tablet,USA,Social Media,168,5,0
session_2535,user_2038,5/12/2025 20:00,checkout,Tablet,USA,Social Media,178,5,0
session_2536,user_2230,5/30/2025 4:04,home,Mobile,Canada,Email,149,0,1
session_2536,user_2230,5/30/2025 4:05,product_page,Mobile,Canada,Email,82,1,1
session_2536,user_2230,5/30/2025 4:07,cart,Mobile,Canada,Email,134,1,1
session_2536,user_2230,5/30/2025 4:10,checkout,Mobile,Canada,Email,142,1,1
session_2536,user_2230,5/30/2025 4:12,confirmation,Mobile,Canada,Email,101,0,1
session_2537,user_1594,3/30/2025 6:00,home,Desktop,Germany,Direct,81,0,0
session_2537,user_1594,3/30/2025 6:01,product_page,Desktop,Germany,Direct,42,0,0
session_2538,user_1595,7/17/2025 22:18,home,Tablet,Australia,Email,35,0,0
session_2538,user_1595,7/17/2025 22:21,product_page,Tablet,Australia,Email,158,2,0
session_2538,user_1595,7/17/2025 22:21,cart,Tablet,Australia,Email,20,2,0
session_2539,user_2039,6/17/2025 12:30,home,Tablet,USA,Social Media,19,0,0
session_2539,user_2039,6/17/2025 12:31,product_page,Tablet,USA,Social Media,56,0,0
session_2540,user_1479,8/2/2025 11:00,home,Desktop,UK,Email,42,0,0
session_2540,user_1479,8/2/2025 11:01,product_page,Desktop,UK,Email,78,3,0
session_2540,user_1479,8/2/2025 11:04,cart,Desktop,UK,Email,162,3,0
session_2541,user_1448,4/8/2025 10:26,home,Tablet,Canada,Social Media,147,0,0
session_2541,user_1448,4/8/2025 10:26,product_page,Tablet,Canada,Social Media,58,0,0
session_2541,user_1448,4/8/2025 10:28,cart,Tablet,Canada,Social Media,83,4,0
session_2542,user_2937,8/6/2025 14:33,home,Desktop,India,Email,106,0,0
session_2542,user_2937,8/6/2025 14:35,product_page,Desktop,India,Email,126,2,0
session_2543,user_1229,5/27/2025 16:43,home,Tablet,Germany,Direct,170,0,0
session_2543,user_1229,5/27/2025 16:44,product_page,Tablet,Germany,Direct,56,3,0
session_2543,user_1229,5/27/2025 16:45,cart,Tablet,Germany,Direct,58,3,0
session_2543,user_1229,5/27/2025 16:47,checkout,Tablet,Germany,Direct,118,3,0
session_2544,user_2581,5/8/2025 23:04,home,Mobile,Canada,Email,97,0,0
session_2544,user_2581,5/8/2025 23:04,product_page,Mobile,Canada,Email,29,0,0
session_2545,user_2460,5/9/2025 16:01,home,Tablet,UK,Direct,144,0,0
session_2545,user_2460,5/9/2025 16:03,product_page,Tablet,UK,Direct,126,5,0
session_2546,user_1376,1/5/2025 15:07,home,Mobile,Canada,Email,18,0,1
session_2546,user_1376,1/5/2025 15:09,product_page,Mobile,Canada,Email,67,2,1
session_2546,user_1376,1/5/2025 15:10,cart,Mobile,Canada,Email,81,2,1
session_2546,user_1376,1/5/2025 15:10,checkout,Mobile,Canada,Email,21,2,1
session_2546,user_1376,1/5/2025 15:11,confirmation,Mobile,Canada,Email,45,0,1
session_2547,user_1017,3/29/2025 6:58,home,Mobile,Canada,Email,149,0,0
session_2547,user_1017,3/29/2025 6:59,product_page,Mobile,Canada,Email,25,0,0
session_2548,user_1680,5/15/2025 12:17,home,Tablet,UK,Direct,176,0,0
session_2549,user_1079,1/4/2025 8:19,home,Desktop,UK,Email,71,0,0
session_2549,user_1079,1/4/2025 8:20,product_page,Desktop,UK,Email,50,0,0
session_2550,user_1360,2/17/2025 6:47,home,Tablet,Australia,Email,90,0,0
session_2550,user_1360,2/17/2025 6:50,product_page,Tablet,Australia,Email,160,5,0
session_2551,user_2343,8/8/2025 20:56,home,Mobile,USA,Google,33,0,0
session_2551,user_2343,8/8/2025 20:58,product_page,Mobile,USA,Google,116,0,0
session_2552,user_2028,1/11/2025 20:21,home,Mobile,India,Direct,161,0,0
session_2553,user_1064,3/27/2025 7:30,home,Desktop,USA,Direct,42,0,0
session_2554,user_1850,5/19/2025 21:48,home,Mobile,USA,Email,30,0,0
session_2554,user_1850,5/19/2025 21:50,product_page,Mobile,USA,Email,124,0,0
session_2555,user_2244,8/22/2025 19:48,home,Desktop,USA,Email,145,0,1
session_2555,user_2244,8/22/2025 19:49,product_page,Desktop,USA,Email,32,5,1
session_2555,user_2244,8/22/2025 19:51,cart,Desktop,USA,Email,110,5,1
session_2555,user_2244,8/22/2025 19:52,checkout,Desktop,USA,Email,76,5,1
session_2555,user_2244,8/22/2025 19:54,confirmation,Desktop,USA,Email,123,0,1
session_2556,user_2401,8/25/2025 22:15,home,Mobile,France,Google,133,0,0
session_2556,user_2401,8/25/2025 22:15,product_page,Mobile,France,Google,30,2,0
session_2557,user_2278,5/28/2025 9:14,home,Desktop,UK,Email,108,0,0
session_2557,user_2278,5/28/2025 9:15,product_page,Desktop,UK,Email,47,5,0
session_2558,user_1105,8/16/2025 16:58,home,Tablet,France,Email,120,0,0
session_2558,user_1105,8/16/2025 16:59,product_page,Tablet,France,Email,70,0,0
session_2558,user_1105,8/16/2025 17:00,cart,Tablet,France,Email,67,4,0
session_2559,user_1701,5/25/2025 23:38,home,Desktop,Australia,Google,150,0,0
session_2559,user_1701,5/25/2025 23:40,product_page,Desktop,Australia,Google,125,3,0
session_2559,user_1701,5/25/2025 23:43,cart,Desktop,Australia,Google,148,3,0
session_2560,user_2701,8/21/2025 10:53,home,Tablet,Australia,Email,117,0,0
session_2560,user_2701,8/21/2025 10:54,product_page,Tablet,Australia,Email,84,0,0
session_2561,user_1955,4/1/2025 10:06,home,Desktop,Germany,Email,57,0,0
session_2561,user_1955,4/1/2025 10:06,product_page,Desktop,Germany,Email,49,2,0
session_2562,user_1487,1/11/2025 15:26,home,Tablet,UK,Direct,26,0,1
session_2562,user_1487,1/11/2025 15:26,product_page,Tablet,UK,Direct,15,4,1
session_2562,user_1487,1/11/2025 15:28,cart,Tablet,UK,Direct,91,4,1
session_2562,user_1487,1/11/2025 15:28,checkout,Tablet,UK,Direct,30,4,1
session_2562,user_1487,1/11/2025 15:31,confirmation,Tablet,UK,Direct,139,0,1
session_2563,user_2318,3/29/2025 7:15,home,Mobile,Australia,Social Media,177,0,1
session_2563,user_2318,3/29/2025 7:17,product_page,Mobile,Australia,Social Media,157,2,1
session_2563,user_2318,3/29/2025 7:19,cart,Mobile,Australia,Social Media,134,2,1
session_2563,user_2318,3/29/2025 7:22,checkout,Mobile,Australia,Social Media,143,2,1
session_2563,user_2318,3/29/2025 7:22,confirmation,Mobile,Australia,Social Media,33,0,1
session_2564,user_1849,2/28/2025 20:54,home,Mobile,India,Email,41,0,1
session_2564,user_1849,2/28/2025 20:56,product_page,Mobile,India,Email,167,5,1
session_2564,user_1849,2/28/2025 20:58,cart,Mobile,India,Email,115,5,1
session_2564,user_1849,2/28/2025 21:01,checkout,Mobile,India,Email,135,5,1
session_2564,user_1849,2/28/2025 21:03,confirmation,Mobile,India,Email,118,0,1
session_2565,user_1363,5/13/2025 1:34,home,Desktop,Australia,Direct,42,0,0
session_2565,user_1363,5/13/2025 1:34,product_page,Desktop,Australia,Direct,23,3,0
session_2565,user_1363,5/13/2025 1:36,cart,Desktop,Australia,Direct,100,3,0
session_2566,user_1929,7/16/2025 12:25,home,Desktop,Canada,Email,74,0,1
session_2566,user_1929,7/16/2025 12:25,product_page,Desktop,Canada,Email,21,0,1
session_2566,user_1929,7/16/2025 12:26,cart,Desktop,Canada,Email,51,3,1
session_2566,user_1929,7/16/2025 12:28,checkout,Desktop,Canada,Email,159,3,1
session_2566,user_1929,7/16/2025 12:31,confirmation,Desktop,Canada,Email,166,0,1
session_2567,user_2628,6/29/2025 18:54,home,Tablet,Australia,Direct,168,0,0
session_2568,user_2579,7/4/2025 3:34,home,Desktop,UK,Direct,25,0,1
session_2568,user_2579,7/4/2025 3:35,product_page,Desktop,UK,Direct,82,0,1
session_2568,user_2579,7/4/2025 3:38,cart,Desktop,UK,Direct,178,0,1
session_2568,user_2579,7/4/2025 3:40,checkout,Desktop,UK,Direct,110,1,1
session_2568,user_2579,7/4/2025 3:41,confirmation,Desktop,UK,Direct,103,0,1
session_2569,user_1487,3/28/2025 7:21,home,Desktop,France,Google,84,0,0
session_2570,user_2176,3/14/2025 19:43,home,Tablet,France,Google,168,0,0
session_2570,user_2176,3/14/2025 19:45,product_page,Tablet,France,Google,103,0,0
session_2571,user_2336,3/2/2025 14:46,home,Mobile,Australia,Google,19,0,1
session_2571,user_2336,3/2/2025 14:48,product_page,Mobile,Australia,Google,127,2,1
session_2571,user_2336,3/2/2025 14:48,cart,Mobile,Australia,Google,27,2,1
session_2571,user_2336,3/2/2025 14:51,checkout,Mobile,Australia,Google,149,2,1
session_2571,user_2336,3/2/2025 14:53,confirmation,Mobile,Australia,Google,110,0,1
session_2572,user_1387,5/12/2025 10:34,home,Desktop,Australia,Email,170,0,1
session_2572,user_1387,5/12/2025 10:35,product_page,Desktop,Australia,Email,100,5,1
session_2572,user_1387,5/12/2025 10:37,cart,Desktop,Australia,Email,114,5,1
session_2572,user_1387,5/12/2025 10:39,checkout,Desktop,Australia,Email,88,5,1
session_2572,user_1387,5/12/2025 10:39,confirmation,Desktop,Australia,Email,23,0,1
session_2573,user_2132,1/15/2025 11:22,home,Desktop,USA,Google,47,0,1
session_2573,user_2132,1/15/2025 11:23,product_page,Desktop,USA,Google,26,4,1
session_2573,user_2132,1/15/2025 11:23,cart,Desktop,USA,Google,15,4,1
session_2573,user_2132,1/15/2025 11:25,checkout,Desktop,USA,Google,115,4,1
session_2573,user_2132,1/15/2025 11:28,confirmation,Desktop,USA,Google,170,0,1
session_2574,user_2982,1/13/2025 0:11,home,Desktop,India,Google,50,0,1
session_2574,user_2982,1/13/2025 0:12,product_page,Desktop,India,Google,25,0,1
session_2574,user_2982,1/13/2025 0:13,cart,Desktop,India,Google,67,2,1
session_2574,user_2982,1/13/2025 0:15,checkout,Desktop,India,Google,123,2,1
session_2574,user_2982,1/13/2025 0:17,confirmation,Desktop,India,Google,142,0,1
session_2575,user_1138,6/1/2025 3:23,home,Mobile,France,Email,104,0,0
session_2575,user_1138,6/1/2025 3:24,product_page,Mobile,France,Email,26,0,0
session_2576,user_2651,2/17/2025 19:45,home,Desktop,USA,Direct,174,0,0
session_2576,user_2651,2/17/2025 19:46,product_page,Desktop,USA,Direct,35,1,0
session_2577,user_1942,2/6/2025 5:52,home,Mobile,Canada,Social Media,134,0,0
session_2578,user_1237,2/13/2025 21:13,home,Mobile,Canada,Direct,18,0,0
session_2578,user_1237,2/13/2025 21:15,product_page,Mobile,Canada,Direct,73,1,0
session_2578,user_1237,2/13/2025 21:17,cart,Mobile,Canada,Direct,122,1,0
session_2579,user_1837,2/20/2025 14:30,home,Mobile,UK,Email,47,0,0
session_2579,user_1837,2/20/2025 14:32,product_page,Mobile,UK,Email,118,4,0
session_2580,user_2385,7/4/2025 1:50,home,Mobile,France,Social Media,113,0,0
session_2580,user_2385,7/4/2025 1:52,product_page,Mobile,France,Social Media,93,3,0
session_2581,user_1831,5/24/2025 14:24,home,Mobile,USA,Social Media,151,0,0
session_2581,user_1831,5/24/2025 14:25,product_page,Mobile,USA,Social Media,17,0,0
session_2582,user_2523,5/24/2025 2:11,home,Tablet,France,Direct,46,0,0
session_2583,user_2207,6/3/2025 23:05,home,Desktop,Australia,Google,144,0,0
session_2583,user_2207,6/3/2025 23:05,product_page,Desktop,Australia,Google,47,4,0
session_2584,user_2592,7/21/2025 18:20,home,Desktop,UK,Social Media,52,0,0
session_2585,user_2055,8/6/2025 8:05,home,Desktop,Germany,Social Media,158,0,0
session_2585,user_2055,8/6/2025 8:06,product_page,Desktop,Germany,Social Media,33,0,0
session_2586,user_1502,3/5/2025 12:15,home,Tablet,Canada,Social Media,148,0,1
session_2586,user_1502,3/5/2025 12:17,product_page,Tablet,Canada,Social Media,148,1,1
session_2586,user_1502,3/5/2025 12:19,cart,Tablet,Canada,Social Media,102,1,1
session_2586,user_1502,3/5/2025 12:21,checkout,Tablet,Canada,Social Media,99,1,1
session_2586,user_1502,3/5/2025 12:23,confirmation,Tablet,Canada,Social Media,128,0,1
session_2587,user_1161,2/14/2025 11:17,home,Desktop,Canada,Direct,119,0,0
session_2587,user_1161,2/14/2025 11:20,product_page,Desktop,Canada,Direct,175,1,0
session_2588,user_2007,6/29/2025 10:16,home,Mobile,USA,Email,17,0,1
session_2588,user_2007,6/29/2025 10:18,product_page,Mobile,USA,Email,70,5,1
session_2588,user_2007,6/29/2025 10:20,cart,Mobile,USA,Email,160,5,1
session_2588,user_2007,6/29/2025 10:22,checkout,Mobile,USA,Email,102,5,1
session_2588,user_2007,6/29/2025 10:24,confirmation,Mobile,USA,Email,131,0,1
session_2589,user_1142,7/1/2025 16:30,home,Tablet,Germany,Direct,82,0,1
session_2589,user_1142,7/1/2025 16:30,product_page,Tablet,Germany,Direct,31,4,1
session_2589,user_1142,7/1/2025 16:31,cart,Tablet,Germany,Direct,50,4,1
session_2589,user_1142,7/1/2025 16:34,checkout,Tablet,Germany,Direct,170,4,1
session_2589,user_1142,7/1/2025 16:35,confirmation,Tablet,Germany,Direct,79,0,1
session_2590,user_1533,7/21/2025 1:15,home,Tablet,USA,Direct,76,0,0
session_2591,user_1835,5/24/2025 11:38,home,Tablet,France,Direct,176,0,0
session_2591,user_1835,5/24/2025 11:40,product_page,Tablet,France,Direct,131,5,0
session_2591,user_1835,5/24/2025 11:42,cart,Tablet,France,Direct,106,5,0
session_2592,user_1558,3/14/2025 19:24,home,Tablet,India,Google,77,0,0
session_2592,user_1558,3/14/2025 19:26,product_page,Tablet,India,Google,90,5,0
session_2593,user_1782,4/11/2025 10:41,home,Desktop,UK,Google,69,0,0
session_2593,user_1782,4/11/2025 10:42,product_page,Desktop,UK,Google,36,0,0
session_2594,user_1554,4/28/2025 5:24,home,Mobile,USA,Direct,90,0,1
session_2594,user_1554,4/28/2025 5:26,product_page,Mobile,USA,Direct,134,3,1
session_2594,user_1554,4/28/2025 5:28,cart,Mobile,USA,Direct,143,3,1
session_2594,user_1554,4/28/2025 5:31,checkout,Mobile,USA,Direct,159,3,1
session_2594,user_1554,4/28/2025 5:31,confirmation,Mobile,USA,Direct,37,0,1
session_2595,user_1525,7/26/2025 14:02,home,Mobile,Australia,Social Media,140,0,0
session_2595,user_1525,7/26/2025 14:05,product_page,Mobile,Australia,Social Media,173,1,0
session_2596,user_2467,2/17/2025 0:27,home,Desktop,UK,Email,15,0,1
session_2596,user_2467,2/17/2025 0:30,product_page,Desktop,UK,Email,149,1,1
session_2596,user_2467,2/17/2025 0:32,cart,Desktop,UK,Email,99,1,1
session_2596,user_2467,2/17/2025 0:33,checkout,Desktop,UK,Email,80,1,1
session_2596,user_2467,2/17/2025 0:34,confirmation,Desktop,UK,Email,79,0,1
session_2597,user_2874,1/18/2025 21:12,home,Desktop,USA,Direct,163,0,0
session_2598,user_1360,2/20/2025 11:11,home,Tablet,USA,Direct,167,0,0
session_2599,user_2752,3/13/2025 4:52,home,Desktop,India,Direct,107,0,1
session_2599,user_2752,3/13/2025 4:52,product_page,Desktop,India,Direct,29,4,1
session_2599,user_2752,3/13/2025 4:54,cart,Desktop,India,Direct,112,4,1
session_2599,user_2752,3/13/2025 4:55,checkout,Desktop,India,Direct,85,4,1
session_2599,user_2752,3/13/2025 4:58,confirmation,Desktop,India,Direct,142,0,1
session_2600,user_1723,6/23/2025 11:15,home,Desktop,France,Google,65,0,0
session_2601,user_2376,5/2/2025 3:03,home,Tablet,India,Social Media,179,0,0
session_2601,user_2376,5/2/2025 3:05,product_page,Tablet,India,Social Media,102,3,0
session_2601,user_2376,5/2/2025 3:07,cart,Tablet,India,Social Media,134,3,0
session_2602,user_1453,6/7/2025 9:49,home,Tablet,France,Direct,62,0,1
session_2602,user_1453,6/7/2025 9:50,product_page,Tablet,France,Direct,58,1,1
session_2602,user_1453,6/7/2025 9:51,cart,Tablet,France,Direct,44,1,1
session_2602,user_1453,6/7/2025 9:52,checkout,Tablet,France,Direct,61,1,1
session_2602,user_1453,6/7/2025 9:53,confirmation,Tablet,France,Direct,81,0,1
session_2603,user_1739,3/10/2025 22:01,home,Desktop,USA,Social Media,37,0,1
session_2603,user_1739,3/10/2025 22:04,product_page,Desktop,USA,Social Media,173,0,1
session_2603,user_1739,3/10/2025 22:04,cart,Desktop,USA,Social Media,45,5,1
session_2603,user_1739,3/10/2025 22:05,checkout,Desktop,USA,Social Media,49,5,1
session_2603,user_1739,3/10/2025 22:06,confirmation,Desktop,USA,Social Media,31,0,1
session_2604,user_1705,7/28/2025 11:57,home,Mobile,France,Direct,154,0,1
session_2604,user_1705,7/28/2025 12:00,product_page,Mobile,France,Direct,145,2,1
session_2604,user_1705,7/28/2025 12:01,cart,Mobile,France,Direct,99,2,1
session_2604,user_1705,7/28/2025 12:02,checkout,Mobile,France,Direct,57,2,1
session_2604,user_1705,7/28/2025 12:03,confirmation,Mobile,France,Direct,25,0,1
session_2605,user_1380,7/26/2025 1:55,home,Mobile,India,Email,143,0,1
session_2605,user_1380,7/26/2025 1:58,product_page,Mobile,India,Email,174,2,1
session_2605,user_1380,7/26/2025 2:01,cart,Mobile,India,Email,162,2,1
session_2605,user_1380,7/26/2025 2:01,checkout,Mobile,India,Email,24,2,1
session_2605,user_1380,7/26/2025 2:03,confirmation,Mobile,India,Email,150,0,1
session_2606,user_2476,5/27/2025 18:55,home,Tablet,Australia,Email,70,0,1
session_2606,user_2476,5/27/2025 18:56,product_page,Tablet,Australia,Email,41,3,1
session_2606,user_2476,5/27/2025 18:58,cart,Tablet,Australia,Email,136,3,1
session_2606,user_2476,5/27/2025 18:59,checkout,Tablet,Australia,Email,36,3,1
session_2606,user_2476,5/27/2025 19:01,confirmation,Tablet,Australia,Email,101,0,1
session_2607,user_1441,7/6/2025 20:23,home,Tablet,Germany,Email,78,0,0
session_2607,user_1441,7/6/2025 20:25,product_page,Tablet,Germany,Email,119,0,0
session_2608,user_1210,2/9/2025 11:07,home,Mobile,Canada,Google,62,0,0
session_2608,user_1210,2/9/2025 11:10,product_page,Mobile,Canada,Google,137,5,0
session_2608,user_1210,2/9/2025 11:12,cart,Mobile,Canada,Google,155,5,0
session_2608,user_1210,2/9/2025 11:12,checkout,Mobile,Canada,Google,17,5,0
session_2609,user_2937,3/21/2025 2:49,home,Mobile,Germany,Social Media,171,0,0
session_2609,user_2937,3/21/2025 2:50,product_page,Mobile,Germany,Social Media,53,2,0
session_2610,user_2564,4/22/2025 7:58,home,Mobile,India,Social Media,92,0,0
session_2610,user_2564,4/22/2025 8:00,product_page,Mobile,India,Social Media,99,3,0
session_2611,user_1921,2/4/2025 21:41,home,Mobile,Canada,Direct,166,0,0
session_2611,user_1921,2/4/2025 21:42,product_page,Mobile,Canada,Direct,95,0,0
session_2611,user_1921,2/4/2025 21:45,cart,Mobile,Canada,Direct,150,5,0
session_2611,user_1921,2/4/2025 21:47,checkout,Mobile,Canada,Direct,103,5,0
session_2612,user_2179,6/18/2025 18:24,home,Tablet,USA,Direct,77,0,0
session_2612,user_2179,6/18/2025 18:27,product_page,Tablet,USA,Direct,149,0,0
session_2613,user_1032,7/23/2025 8:23,home,Tablet,India,Google,79,0,0
session_2613,user_1032,7/23/2025 8:26,product_page,Tablet,India,Google,141,0,0
session_2614,user_2565,6/23/2025 0:11,home,Tablet,India,Direct,154,0,0
session_2614,user_2565,6/23/2025 0:12,product_page,Tablet,India,Direct,44,0,0
session_2614,user_2565,6/23/2025 0:12,cart,Tablet,India,Direct,22,0,0
session_2614,user_2565,6/23/2025 0:12,checkout,Tablet,India,Direct,20,2,0
session_2615,user_1123,2/7/2025 14:14,home,Mobile,USA,Social Media,81,0,1
session_2615,user_1123,2/7/2025 14:14,product_page,Mobile,USA,Social Media,19,3,1
session_2615,user_1123,2/7/2025 14:16,cart,Mobile,USA,Social Media,111,3,1
session_2615,user_1123,2/7/2025 14:17,checkout,Mobile,USA,Social Media,45,3,1
session_2615,user_1123,2/7/2025 14:17,confirmation,Mobile,USA,Social Media,38,0,1
session_2616,user_1504,3/13/2025 20:30,home,Mobile,Australia,Direct,108,0,1
session_2616,user_1504,3/13/2025 20:30,product_page,Mobile,Australia,Direct,27,4,1
session_2616,user_1504,3/13/2025 20:33,cart,Mobile,Australia,Direct,138,4,1
session_2616,user_1504,3/13/2025 20:34,checkout,Mobile,Australia,Direct,63,4,1
session_2616,user_1504,3/13/2025 20:36,confirmation,Mobile,Australia,Direct,113,0,1
session_2617,user_1479,1/4/2025 10:00,home,Desktop,USA,Email,36,0,0
session_2617,user_1479,1/4/2025 10:01,product_page,Desktop,USA,Email,59,0,0
session_2618,user_1765,4/29/2025 12:36,home,Mobile,France,Email,60,0,0
session_2618,user_1765,4/29/2025 12:37,product_page,Mobile,France,Email,47,2,0
session_2619,user_2004,3/31/2025 4:15,home,Mobile,Germany,Direct,171,0,0
session_2619,user_2004,3/31/2025 4:15,product_page,Mobile,Germany,Direct,35,0,0
session_2620,user_1215,6/26/2025 16:33,home,Mobile,USA,Google,15,0,0
session_2621,user_1378,3/5/2025 11:25,home,Desktop,India,Direct,88,0,1
session_2621,user_1378,3/5/2025 11:26,product_page,Desktop,India,Direct,23,3,1
session_2621,user_1378,3/5/2025 11:28,cart,Desktop,India,Direct,158,3,1
session_2621,user_1378,3/5/2025 11:29,checkout,Desktop,India,Direct,29,3,1
session_2621,user_1378,3/5/2025 11:32,confirmation,Desktop,India,Direct,176,0,1
session_2622,user_2899,2/2/2025 7:10,home,Tablet,India,Social Media,18,0,0
session_2623,user_1772,4/5/2025 17:03,home,Tablet,Australia,Direct,87,0,0
session_2623,user_1772,4/5/2025 17:04,product_page,Tablet,Australia,Direct,68,0,0
session_2623,user_1772,4/5/2025 17:07,cart,Tablet,Australia,Direct,173,4,0
session_2623,user_1772,4/5/2025 17:08,checkout,Tablet,Australia,Direct,33,4,0
session_2624,user_2115,6/30/2025 16:36,home,Tablet,India,Google,94,0,0
session_2624,user_2115,6/30/2025 16:37,product_page,Tablet,India,Google,39,2,0
session_2625,user_1593,2/8/2025 0:55,home,Mobile,France,Email,117,0,1
session_2625,user_1593,2/8/2025 0:58,product_page,Mobile,France,Email,173,0,1
session_2625,user_1593,2/8/2025 0:59,cart,Mobile,France,Email,79,4,1
session_2625,user_1593,2/8/2025 1:02,checkout,Mobile,France,Email,177,4,1
session_2625,user_1593,2/8/2025 1:03,confirmation,Mobile,France,Email,43,0,1
session_2626,user_2859,1/10/2025 3:02,home,Mobile,UK,Email,19,0,1
session_2626,user_2859,1/10/2025 3:05,product_page,Mobile,UK,Email,166,0,1
session_2626,user_2859,1/10/2025 3:08,cart,Mobile,UK,Email,164,1,1
session_2626,user_2859,1/10/2025 3:11,checkout,Mobile,UK,Email,179,1,1
session_2626,user_2859,1/10/2025 3:12,confirmation,Mobile,UK,Email,96,0,1
session_2627,user_2261,6/15/2025 11:23,home,Mobile,Canada,Email,55,0,0
session_2627,user_2261,6/15/2025 11:24,product_page,Mobile,Canada,Email,56,0,0
session_2628,user_2560,6/25/2025 20:01,home,Tablet,Germany,Google,61,0,0
session_2628,user_2560,6/25/2025 20:01,product_page,Tablet,Germany,Google,24,0,0
session_2629,user_1349,6/17/2025 17:35,home,Tablet,France,Google,179,0,0
session_2630,user_2696,3/15/2025 6:34,home,Tablet,India,Social Media,139,0,0
session_2630,user_2696,3/15/2025 6:35,product_page,Tablet,India,Social Media,39,0,0
session_2630,user_2696,3/15/2025 6:37,cart,Tablet,India,Social Media,149,0,0
session_2631,user_1423,2/5/2025 14:06,home,Tablet,USA,Google,61,0,0
session_2632,user_1911,6/29/2025 2:08,home,Mobile,France,Email,103,0,0
session_2632,user_1911,6/29/2025 2:09,product_page,Mobile,France,Email,78,2,0
session_2633,user_1586,4/1/2025 2:03,home,Tablet,France,Social Media,79,0,0
session_2633,user_1586,4/1/2025 2:04,product_page,Tablet,France,Social Media,44,1,0
session_2633,user_1586,4/1/2025 2:04,cart,Tablet,France,Social Media,29,1,0
session_2634,user_2260,5/7/2025 7:31,home,Tablet,Australia,Social Media,52,0,0
session_2634,user_2260,5/7/2025 7:33,product_page,Tablet,Australia,Social Media,121,0,0
session_2635,user_1017,4/14/2025 4:12,home,Desktop,Germany,Social Media,173,0,1
session_2635,user_1017,4/14/2025 4:15,product_page,Desktop,Germany,Social Media,168,0,1
session_2635,user_1017,4/14/2025 4:18,cart,Desktop,Germany,Social Media,149,0,1
session_2635,user_1017,4/14/2025 4:20,checkout,Desktop,Germany,Social Media,155,3,1
session_2635,user_1017,4/14/2025 4:23,confirmation,Desktop,Germany,Social Media,176,0,1
session_2636,user_1805,5/25/2025 1:58,home,Tablet,France,Direct,59,0,0
session_2636,user_1805,5/25/2025 1:59,product_page,Tablet,France,Direct,68,0,0
session_2637,user_2645,1/18/2025 10:30,home,Tablet,Germany,Direct,93,0,1
session_2637,user_2645,1/18/2025 10:30,product_page,Tablet,Germany,Direct,46,5,1
session_2637,user_2645,1/18/2025 10:31,cart,Tablet,Germany,Direct,25,5,1
session_2637,user_2645,1/18/2025 10:34,checkout,Tablet,Germany,Direct,167,5,1
session_2637,user_2645,1/18/2025 10:35,confirmation,Tablet,Germany,Direct,66,0,1
session_2638,user_1227,4/7/2025 14:14,home,Desktop,Canada,Social Media,168,0,1
session_2638,user_1227,4/7/2025 14:15,product_page,Desktop,Canada,Social Media,106,3,1
session_2638,user_1227,4/7/2025 14:17,cart,Desktop,Canada,Social Media,100,3,1
session_2638,user_1227,4/7/2025 14:18,checkout,Desktop,Canada,Social Media,43,3,1
session_2638,user_1227,4/7/2025 14:19,confirmation,Desktop,Canada,Social Media,59,0,1
session_2639,user_2775,5/31/2025 13:48,home,Desktop,UK,Google,144,0,0
session_2639,user_2775,5/31/2025 13:48,product_page,Desktop,UK,Google,17,1,0
session_2640,user_2272,8/24/2025 7:52,home,Desktop,France,Social Media,41,0,0
session_2640,user_2272,8/24/2025 7:54,product_page,Desktop,France,Social Media,132,1,0
session_2641,user_2881,8/29/2025 0:42,home,Desktop,France,Email,144,0,0
session_2641,user_2881,8/29/2025 0:45,product_page,Desktop,France,Email,177,0,0
session_2642,user_1754,6/25/2025 0:02,home,Tablet,India,Social Media,162,0,0
session_2642,user_1754,6/25/2025 0:03,product_page,Tablet,India,Social Media,48,5,0
session_2643,user_2678,5/12/2025 7:53,home,Mobile,USA,Social Media,76,0,1
session_2643,user_2678,5/12/2025 7:54,product_page,Mobile,USA,Social Media,102,4,1
session_2643,user_2678,5/12/2025 7:55,cart,Mobile,USA,Social Media,30,4,1
session_2643,user_2678,5/12/2025 7:57,checkout,Mobile,USA,Social Media,165,4,1
session_2643,user_2678,5/12/2025 8:00,confirmation,Mobile,USA,Social Media,127,0,1
session_2644,user_2931,6/8/2025 8:15,home,Mobile,Australia,Social Media,36,0,0
session_2645,user_2170,2/7/2025 22:44,home,Desktop,France,Google,175,0,0
session_2645,user_2170,2/7/2025 22:46,product_page,Desktop,France,Google,126,0,0
session_2646,user_1151,3/31/2025 8:06,home,Tablet,Germany,Social Media,45,0,0
session_2647,user_1951,2/19/2025 8:50,home,Mobile,France,Social Media,150,0,0
session_2647,user_1951,2/19/2025 8:51,product_page,Mobile,France,Social Media,62,3,0
session_2648,user_2691,6/19/2025 7:59,home,Tablet,UK,Google,49,0,0
session_2649,user_1376,3/18/2025 5:12,home,Desktop,Canada,Direct,31,0,1
session_2649,user_1376,3/18/2025 5:15,product_page,Desktop,Canada,Direct,165,0,1
session_2649,user_1376,3/18/2025 5:16,cart,Desktop,Canada,Direct,53,0,1
session_2649,user_1376,3/18/2025 5:17,checkout,Desktop,Canada,Direct,75,2,1
session_2649,user_1376,3/18/2025 5:20,confirmation,Desktop,Canada,Direct,164,0,1
session_2650,user_1725,5/17/2025 5:53,home,Mobile,France,Social Media,41,0,1
session_2650,user_1725,5/17/2025 5:54,product_page,Mobile,France,Social Media,77,0,1
session_2650,user_1725,5/17/2025 5:57,cart,Mobile,France,Social Media,152,0,1
session_2650,user_1725,5/17/2025 5:58,checkout,Mobile,France,Social Media,78,3,1
session_2650,user_1725,5/17/2025 6:00,confirmation,Mobile,France,Social Media,123,0,1
session_2651,user_2903,3/25/2025 14:02,home,Mobile,Canada,Google,154,0,1
session_2651,user_2903,3/25/2025 14:03,product_page,Mobile,Canada,Google,79,2,1
session_2651,user_2903,3/25/2025 14:05,cart,Mobile,Canada,Google,142,2,1
session_2651,user_2903,3/25/2025 14:08,checkout,Mobile,Canada,Google,157,2,1
session_2651,user_2903,3/25/2025 14:09,confirmation,Mobile,Canada,Google,47,0,1
session_2652,user_2706,2/24/2025 2:19,home,Tablet,UK,Google,177,0,1
session_2652,user_2706,2/24/2025 2:20,product_page,Tablet,UK,Google,26,0,1
session_2652,user_2706,2/24/2025 2:20,cart,Tablet,UK,Google,44,5,1
session_2652,user_2706,2/24/2025 2:21,checkout,Tablet,UK,Google,18,5,1
session_2652,user_2706,2/24/2025 2:23,confirmation,Tablet,UK,Google,144,0,1
session_2653,user_1099,1/6/2025 20:44,home,Mobile,Germany,Google,108,0,0
session_2653,user_1099,1/6/2025 20:45,product_page,Mobile,Germany,Google,78,0,0
session_2654,user_1027,1/5/2025 23:23,home,Desktop,UK,Social Media,122,0,1
session_2654,user_1027,1/5/2025 23:26,product_page,Desktop,UK,Social Media,172,0,1
session_2654,user_1027,1/5/2025 23:29,cart,Desktop,UK,Social Media,174,1,1
session_2654,user_1027,1/5/2025 23:32,checkout,Desktop,UK,Social Media,147,1,1
session_2654,user_1027,1/5/2025 23:32,confirmation,Desktop,UK,Social Media,28,0,1
session_2655,user_2401,4/9/2025 0:37,home,Mobile,India,Email,144,0,0
session_2655,user_2401,4/9/2025 0:38,product_page,Mobile,India,Email,78,4,0
session_2656,user_1796,7/19/2025 5:41,home,Tablet,Australia,Email,84,0,1
session_2656,user_1796,7/19/2025 5:42,product_page,Tablet,Australia,Email,85,2,1
session_2656,user_1796,7/19/2025 5:42,cart,Tablet,Australia,Email,21,2,1
session_2656,user_1796,7/19/2025 5:44,checkout,Tablet,Australia,Email,118,2,1
session_2656,user_1796,7/19/2025 5:47,confirmation,Tablet,Australia,Email,163,0,1
session_2657,user_1631,2/22/2025 20:08,home,Mobile,UK,Email,111,0,0
session_2658,user_1732,7/30/2025 16:26,home,Desktop,France,Google,50,0,0
session_2658,user_1732,7/30/2025 16:28,product_page,Desktop,France,Google,135,0,0
session_2659,user_2475,4/15/2025 7:17,home,Tablet,Germany,Direct,56,0,0
session_2659,user_2475,4/15/2025 7:18,product_page,Tablet,Germany,Direct,71,0,0
session_2659,user_2475,4/15/2025 7:19,cart,Tablet,Germany,Direct,47,0,0
session_2660,user_2519,1/15/2025 15:51,home,Desktop,France,Google,118,0,1
session_2660,user_2519,1/15/2025 15:51,product_page,Desktop,France,Google,23,2,1
session_2660,user_2519,1/15/2025 15:54,cart,Desktop,France,Google,170,2,1
session_2660,user_2519,1/15/2025 15:55,checkout,Desktop,France,Google,59,2,1
session_2660,user_2519,1/15/2025 15:56,confirmation,Desktop,France,Google,26,0,1
session_2661,user_2979,3/7/2025 6:41,home,Tablet,France,Google,60,0,0
session_2662,user_2862,6/3/2025 19:43,home,Desktop,Australia,Google,149,0,0
session_2662,user_2862,6/3/2025 19:44,product_page,Desktop,Australia,Google,93,4,0
session_2663,user_1100,8/20/2025 22:11,home,Desktop,UK,Social Media,33,0,0
session_2663,user_1100,8/20/2025 22:13,product_page,Desktop,UK,Social Media,131,0,0
session_2664,user_2697,4/12/2025 20:18,home,Mobile,Germany,Email,45,0,0
session_2665,user_1972,5/7/2025 18:04,home,Tablet,France,Social Media,65,0,0
session_2665,user_1972,5/7/2025 18:05,product_page,Tablet,France,Social Media,93,0,0
session_2666,user_2182,2/1/2025 12:34,home,Mobile,USA,Email,130,0,0
session_2666,user_2182,2/1/2025 12:35,product_page,Mobile,USA,Email,52,4,0
session_2667,user_2454,4/27/2025 13:16,home,Tablet,Canada,Email,111,0,0
session_2667,user_2454,4/27/2025 13:16,product_page,Tablet,Canada,Email,16,2,0
session_2668,user_2297,2/14/2025 21:11,home,Tablet,Canada,Social Media,59,0,0
session_2669,user_1896,3/11/2025 9:45,home,Desktop,USA,Social Media,175,0,0
session_2669,user_1896,3/11/2025 9:45,product_page,Desktop,USA,Social Media,15,5,0
session_2670,user_2419,1/6/2025 7:28,home,Desktop,Germany,Email,123,0,0
session_2670,user_2419,1/6/2025 7:29,product_page,Desktop,Germany,Email,85,3,0
session_2670,user_2419,1/6/2025 7:32,cart,Desktop,Germany,Email,160,3,0
session_2670,user_2419,1/6/2025 7:34,checkout,Desktop,Germany,Email,88,3,0
session_2671,user_2699,6/28/2025 2:12,home,Mobile,France,Google,84,0,0
session_2672,user_2171,6/4/2025 2:22,home,Tablet,Germany,Email,155,0,0
session_2672,user_2171,6/4/2025 2:25,product_page,Tablet,Germany,Email,177,1,0
session_2672,user_2171,6/4/2025 2:27,cart,Tablet,Germany,Email,94,1,0
session_2672,user_2171,6/4/2025 2:29,checkout,Tablet,Germany,Email,155,1,0
session_2673,user_1619,7/22/2025 1:11,home,Desktop,Germany,Google,73,0,0
session_2674,user_1054,1/25/2025 15:27,home,Tablet,India,Social Media,20,0,0
session_2674,user_1054,1/25/2025 15:28,product_page,Tablet,India,Social Media,51,1,0
session_2675,user_2208,4/11/2025 21:53,home,Desktop,Australia,Social Media,54,0,1
session_2675,user_2208,4/11/2025 21:54,product_page,Desktop,Australia,Social Media,60,0,1
session_2675,user_2208,4/11/2025 21:54,cart,Desktop,Australia,Social Media,54,0,1
session_2675,user_2208,4/11/2025 21:56,checkout,Desktop,Australia,Social Media,107,3,1
session_2675,user_2208,4/11/2025 21:57,confirmation,Desktop,Australia,Social Media,61,0,1
session_2676,user_2236,2/1/2025 8:46,home,Tablet,Canada,Direct,19,0,0
session_2676,user_2236,2/1/2025 8:48,product_page,Tablet,Canada,Direct,106,0,0
session_2677,user_2766,7/17/2025 10:33,home,Tablet,Germany,Email,136,0,1
session_2677,user_2766,7/17/2025 10:34,product_page,Tablet,Germany,Email,74,0,1
session_2677,user_2766,7/17/2025 10:36,cart,Tablet,Germany,Email,100,5,1
session_2677,user_2766,7/17/2025 10:38,checkout,Tablet,Germany,Email,140,5,1
session_2677,user_2766,7/17/2025 10:41,confirmation,Tablet,Germany,Email,155,0,1
session_2678,user_2201,7/17/2025 21:58,home,Mobile,France,Google,45,0,0
session_2679,user_2461,3/22/2025 21:15,home,Mobile,UK,Direct,24,0,0
session_2679,user_2461,3/22/2025 21:15,product_page,Mobile,UK,Direct,36,4,0
session_2680,user_2903,6/6/2025 11:50,home,Mobile,Canada,Email,59,0,0
session_2680,user_2903,6/6/2025 11:52,product_page,Mobile,Canada,Email,91,0,0
session_2681,user_1876,6/12/2025 9:58,home,Tablet,France,Email,162,0,0
session_2682,user_2093,6/30/2025 13:15,home,Desktop,USA,Direct,81,0,0
session_2682,user_2093,6/30/2025 13:16,product_page,Desktop,USA,Direct,60,3,0
session_2683,user_1635,1/18/2025 22:46,home,Desktop,UK,Google,111,0,0
session_2683,user_1635,1/18/2025 22:47,product_page,Desktop,UK,Google,69,0,0
session_2684,user_2895,1/17/2025 0:51,home,Desktop,Australia,Google,169,0,0
session_2685,user_2205,7/17/2025 12:07,home,Tablet,USA,Google,103,0,0
session_2685,user_2205,7/17/2025 12:07,product_page,Tablet,USA,Google,39,3,0
session_2686,user_2698,7/31/2025 22:27,home,Mobile,UK,Google,174,0,0
session_2686,user_2698,7/31/2025 22:29,product_page,Mobile,UK,Google,155,2,0
session_2687,user_1472,8/13/2025 3:25,home,Mobile,Canada,Social Media,157,0,0
session_2687,user_1472,8/13/2025 3:26,product_page,Mobile,Canada,Social Media,80,5,0
session_2688,user_1850,5/1/2025 17:05,home,Tablet,UK,Social Media,92,0,0
session_2688,user_1850,5/1/2025 17:06,product_page,Tablet,UK,Social Media,32,0,0
session_2689,user_2774,5/5/2025 17:55,home,Tablet,India,Direct,59,0,0
session_2689,user_2774,5/5/2025 17:57,product_page,Tablet,India,Direct,118,2,0
session_2690,user_2874,6/13/2025 20:21,home,Tablet,Germany,Social Media,113,0,0
session_2690,user_2874,6/13/2025 20:22,product_page,Tablet,Germany,Social Media,80,0,0
session_2690,user_2874,6/13/2025 20:24,cart,Tablet,Germany,Social Media,101,0,0
session_2690,user_2874,6/13/2025 20:27,checkout,Tablet,Germany,Social Media,162,2,0
session_2691,user_1450,6/24/2025 7:44,home,Tablet,France,Google,35,0,0
session_2691,user_1450,6/24/2025 7:45,product_page,Tablet,France,Google,82,2,0
session_2692,user_2823,5/6/2025 20:57,home,Desktop,India,Google,78,0,0
session_2692,user_2823,5/6/2025 20:58,product_page,Desktop,India,Google,58,1,0
session_2693,user_2202,4/13/2025 5:43,home,Mobile,India,Direct,21,0,0
session_2693,user_2202,4/13/2025 5:44,product_page,Mobile,India,Direct,32,4,0
session_2694,user_2497,2/26/2025 17:38,home,Tablet,India,Direct,80,0,0
session_2694,user_2497,2/26/2025 17:41,product_page,Tablet,India,Direct,150,4,0
session_2695,user_1049,6/17/2025 9:24,home,Desktop,Germany,Direct,29,0,1
session_2695,user_1049,6/17/2025 9:27,product_page,Desktop,Germany,Direct,157,2,1
session_2695,user_1049,6/17/2025 9:29,cart,Desktop,Germany,Direct,145,2,1
session_2695,user_1049,6/17/2025 9:30,checkout,Desktop,Germany,Direct,37,2,1
session_2695,user_1049,6/17/2025 9:30,confirmation,Desktop,Germany,Direct,40,0,1
session_2696,user_2198,1/21/2025 9:21,home,Mobile,France,Google,110,0,1
session_2696,user_2198,1/21/2025 9:23,product_page,Mobile,France,Google,83,5,1
session_2696,user_2198,1/21/2025 9:26,cart,Mobile,France,Google,179,5,1
session_2696,user_2198,1/21/2025 9:29,checkout,Mobile,France,Google,161,5,1
session_2696,user_2198,1/21/2025 9:29,confirmation,Mobile,France,Google,30,0,1
session_2697,user_1092,6/27/2025 9:04,home,Tablet,India,Direct,27,0,0
session_2697,user_1092,6/27/2025 9:06,product_page,Tablet,India,Direct,98,3,0
session_2698,user_2663,7/20/2025 3:36,home,Tablet,Canada,Social Media,110,0,1
session_2698,user_2663,7/20/2025 3:37,product_page,Tablet,Canada,Social Media,98,5,1
session_2698,user_2663,7/20/2025 3:38,cart,Tablet,Canada,Social Media,63,5,1
session_2698,user_2663,7/20/2025 3:40,checkout,Tablet,Canada,Social Media,99,5,1
session_2698,user_2663,7/20/2025 3:41,confirmation,Tablet,Canada,Social Media,72,0,1
session_2699,user_1234,5/21/2025 11:34,home,Tablet,Australia,Direct,160,0,0
session_2699,user_1234,5/21/2025 11:35,product_page,Tablet,Australia,Direct,44,2,0
session_2700,user_1496,8/1/2025 1:03,home,Mobile,UK,Direct,96,0,0
session_2701,user_1866,4/10/2025 1:26,home,Desktop,UK,Direct,129,0,0
session_2701,user_1866,4/10/2025 1:29,product_page,Desktop,UK,Direct,180,0,0
session_2702,user_2381,7/24/2025 7:20,home,Mobile,India,Direct,52,0,0
session_2702,user_2381,7/24/2025 7:23,product_page,Mobile,India,Direct,139,3,0
session_2703,user_1753,2/3/2025 14:06,home,Mobile,Germany,Email,109,0,0
session_2703,user_1753,2/3/2025 14:09,product_page,Mobile,Germany,Email,155,0,0
session_2703,user_1753,2/3/2025 14:10,cart,Mobile,Germany,Email,52,5,0
session_2704,user_2039,3/10/2025 4:21,home,Mobile,Canada,Email,177,0,0
session_2705,user_1689,1/28/2025 23:44,home,Mobile,France,Social Media,154,0,0
session_2705,user_1689,1/28/2025 23:45,product_page,Mobile,France,Social Media,59,4,0
session_2705,user_1689,1/28/2025 23:48,cart,Mobile,France,Social Media,180,4,0
session_2706,user_1409,1/8/2025 1:51,home,Mobile,UK,Email,115,0,0
session_2706,user_1409,1/8/2025 1:52,product_page,Mobile,UK,Email,21,0,0
session_2707,user_2926,4/3/2025 17:13,home,Tablet,Germany,Direct,136,0,0
session_2707,user_2926,4/3/2025 17:15,product_page,Tablet,Germany,Direct,85,2,0
session_2707,user_2926,4/3/2025 17:16,cart,Tablet,Germany,Direct,42,2,0
session_2708,user_2274,6/22/2025 10:24,home,Desktop,USA,Direct,175,0,0
session_2708,user_2274,6/22/2025 10:26,product_page,Desktop,USA,Direct,161,0,0
session_2709,user_1344,8/12/2025 8:58,home,Mobile,Canada,Google,22,0,0
session_2709,user_1344,8/12/2025 9:00,product_page,Mobile,Canada,Google,130,3,0
session_2710,user_1680,3/3/2025 1:49,home,Tablet,USA,Social Media,67,0,0
session_2710,user_1680,3/3/2025 1:52,product_page,Tablet,USA,Social Media,138,0,0
session_2711,user_1007,8/10/2025 13:28,home,Mobile,USA,Social Media,147,0,0
session_2711,user_1007,8/10/2025 13:29,product_page,Mobile,USA,Social Media,33,0,0
session_2712,user_2115,5/13/2025 23:38,home,Mobile,India,Email,108,0,0
session_2712,user_2115,5/13/2025 23:40,product_page,Mobile,India,Email,130,2,0
session_2713,user_1887,6/5/2025 6:15,home,Desktop,France,Email,46,0,0
session_2714,user_2657,3/4/2025 1:51,home,Mobile,Germany,Social Media,136,0,0
session_2714,user_2657,3/4/2025 1:52,product_page,Mobile,Germany,Social Media,72,3,0
session_2715,user_2989,1/7/2025 15:56,home,Mobile,UK,Email,84,0,0
session_2716,user_2934,1/14/2025 3:51,home,Tablet,India,Social Media,62,0,0
session_2716,user_2934,1/14/2025 3:51,product_page,Tablet,India,Social Media,24,1,0
session_2717,user_2686,6/13/2025 2:26,home,Desktop,Canada,Direct,21,0,0
session_2718,user_1487,8/29/2025 5:35,home,Mobile,UK,Social Media,127,0,0
session_2718,user_1487,8/29/2025 5:36,product_page,Mobile,UK,Social Media,104,5,0
session_2719,user_1290,3/23/2025 16:57,home,Mobile,Germany,Email,170,0,0
session_2720,user_1519,5/6/2025 4:06,home,Tablet,India,Direct,128,0,1
session_2720,user_1519,5/6/2025 4:07,product_page,Tablet,India,Direct,24,0,1
session_2720,user_1519,5/6/2025 4:09,cart,Tablet,India,Direct,162,0,1
session_2720,user_1519,5/6/2025 4:11,checkout,Tablet,India,Direct,78,1,1
session_2720,user_1519,5/6/2025 4:12,confirmation,Tablet,India,Direct,87,0,1
session_2721,user_2571,6/22/2025 23:48,home,Desktop,Australia,Social Media,46,0,0
session_2721,user_2571,6/22/2025 23:50,product_page,Desktop,Australia,Social Media,93,5,0
session_2722,user_2135,5/11/2025 2:21,home,Tablet,Germany,Direct,109,0,1
session_2722,user_2135,5/11/2025 2:22,product_page,Tablet,Germany,Direct,114,1,1
session_2722,user_2135,5/11/2025 2:23,cart,Tablet,Germany,Direct,46,1,1
session_2722,user_2135,5/11/2025 2:25,checkout,Tablet,Germany,Direct,101,1,1
session_2722,user_2135,5/11/2025 2:27,confirmation,Tablet,Germany,Direct,135,0,1
session_2723,user_1195,4/27/2025 10:37,home,Mobile,Canada,Direct,32,0,0
session_2724,user_2062,3/8/2025 22:30,home,Tablet,France,Google,41,0,0
session_2725,user_1401,6/9/2025 7:01,home,Mobile,Canada,Google,79,0,1
session_2725,user_1401,6/9/2025 7:01,product_page,Mobile,Canada,Google,41,0,1
session_2725,user_1401,6/9/2025 7:03,cart,Mobile,Canada,Google,112,0,1
session_2725,user_1401,6/9/2025 7:04,checkout,Mobile,Canada,Google,38,2,1
session_2725,user_1401,6/9/2025 7:07,confirmation,Mobile,Canada,Google,177,0,1
session_2726,user_1689,4/26/2025 10:02,home,Mobile,France,Google,55,0,0
session_2727,user_1238,8/13/2025 2:58,home,Tablet,UK,Email,38,0,0
session_2727,user_1238,8/13/2025 2:59,product_page,Tablet,UK,Email,78,5,0
session_2727,user_1238,8/13/2025 3:00,cart,Tablet,UK,Email,73,5,0
session_2728,user_2594,5/15/2025 13:26,home,Mobile,Germany,Direct,15,0,0
session_2728,user_2594,5/15/2025 13:29,product_page,Mobile,Germany,Direct,164,0,0
session_2729,user_2081,1/8/2025 14:47,home,Desktop,UK,Direct,171,0,0
session_2729,user_2081,1/8/2025 14:47,product_page,Desktop,UK,Direct,22,0,0
session_2729,user_2081,1/8/2025 14:49,cart,Desktop,UK,Direct,82,0,0
session_2730,user_1777,3/2/2025 5:41,home,Mobile,UK,Social Media,177,0,0
session_2730,user_1777,3/2/2025 5:42,product_page,Mobile,UK,Social Media,27,5,0
session_2731,user_2676,8/3/2025 15:28,home,Mobile,Canada,Google,60,0,1
session_2731,user_2676,8/3/2025 15:30,product_page,Mobile,Canada,Google,140,0,1
session_2731,user_2676,8/3/2025 15:32,cart,Mobile,Canada,Google,113,0,1
session_2731,user_2676,8/3/2025 15:34,checkout,Mobile,Canada,Google,76,3,1
session_2731,user_2676,8/3/2025 15:36,confirmation,Mobile,Canada,Google,168,0,1
session_2732,user_1837,1/31/2025 0:58,home,Desktop,Australia,Direct,126,0,0
session_2732,user_1837,1/31/2025 1:00,product_page,Desktop,Australia,Direct,161,3,0
session_2733,user_1508,5/2/2025 20:07,home,Mobile,France,Direct,45,0,0
session_2733,user_1508,5/2/2025 20:09,product_page,Mobile,France,Direct,138,1,0
session_2734,user_1164,7/10/2025 3:31,home,Tablet,UK,Direct,88,0,0
session_2734,user_1164,7/10/2025 3:33,product_page,Tablet,UK,Direct,140,3,0
session_2735,user_1504,7/14/2025 1:28,home,Mobile,UK,Direct,80,0,0
session_2736,user_1962,4/20/2025 7:26,home,Mobile,Canada,Social Media,173,0,0
session_2736,user_1962,4/20/2025 7:29,product_page,Mobile,Canada,Social Media,175,4,0
session_2736,user_1962,4/20/2025 7:29,cart,Mobile,Canada,Social Media,48,4,0
session_2737,user_2471,2/24/2025 2:46,home,Desktop,Australia,Social Media,159,0,0
session_2737,user_2471,2/24/2025 2:46,product_page,Desktop,Australia,Social Media,35,4,0
session_2738,user_2428,3/8/2025 2:19,home,Tablet,Australia,Social Media,126,0,1
session_2738,user_2428,3/8/2025 2:22,product_page,Tablet,Australia,Social Media,164,5,1
session_2738,user_2428,3/8/2025 2:25,cart,Tablet,Australia,Social Media,147,5,1
session_2738,user_2428,3/8/2025 2:27,checkout,Tablet,Australia,Social Media,117,5,1
session_2738,user_2428,3/8/2025 2:28,confirmation,Tablet,Australia,Social Media,68,0,1
session_2739,user_2143,2/14/2025 12:54,home,Tablet,Germany,Google,88,0,0
session_2740,user_1838,6/28/2025 21:13,home,Mobile,France,Social Media,53,0,0
session_2740,user_1838,6/28/2025 21:13,product_page,Mobile,France,Social Media,44,0,0
session_2741,user_1961,6/2/2025 14:07,home,Mobile,Germany,Email,111,0,0
session_2742,user_1552,4/11/2025 13:34,home,Tablet,France,Email,24,0,0
session_2742,user_1552,4/11/2025 13:36,product_page,Tablet,France,Email,169,2,0
session_2742,user_1552,4/11/2025 13:37,cart,Tablet,France,Email,39,2,0
session_2743,user_2895,4/19/2025 20:19,home,Desktop,France,Social Media,132,0,0
session_2743,user_2895,4/19/2025 20:22,product_page,Desktop,France,Social Media,171,5,0
session_2743,user_2895,4/19/2025 20:25,cart,Desktop,France,Social Media,175,5,0
session_2744,user_1851,8/26/2025 17:20,home,Tablet,Canada,Google,56,0,0
session_2744,user_1851,8/26/2025 17:22,product_page,Tablet,Canada,Google,115,0,0
session_2744,user_1851,8/26/2025 17:24,cart,Tablet,Canada,Google,119,5,0
session_2744,user_1851,8/26/2025 17:26,checkout,Tablet,Canada,Google,133,5,0
session_2745,user_2561,3/15/2025 12:35,home,Tablet,Germany,Social Media,16,0,0
session_2745,user_2561,3/15/2025 12:38,product_page,Tablet,Germany,Social Media,166,5,0
session_2746,user_1791,4/23/2025 6:02,home,Tablet,UK,Direct,165,0,0
session_2746,user_1791,4/23/2025 6:05,product_page,Tablet,UK,Direct,157,0,0
session_2747,user_2334,4/9/2025 10:12,home,Tablet,UK,Google,70,0,0
session_2748,user_2785,6/27/2025 20:41,home,Desktop,UK,Social Media,136,0,0
session_2748,user_2785,6/27/2025 20:42,product_page,Desktop,UK,Social Media,110,2,0
session_2748,user_2785,6/27/2025 20:44,cart,Desktop,UK,Social Media,118,2,0
session_2749,user_1913,2/17/2025 18:49,home,Desktop,Australia,Google,32,0,1
session_2749,user_1913,2/17/2025 18:51,product_page,Desktop,Australia,Google,164,0,1
session_2749,user_1913,2/17/2025 18:52,cart,Desktop,Australia,Google,49,0,1
session_2749,user_1913,2/17/2025 18:54,checkout,Desktop,Australia,Google,83,2,1
session_2749,user_1913,2/17/2025 18:56,confirmation,Desktop,Australia,Google,122,0,1
session_2750,user_2402,8/1/2025 10:08,home,Desktop,Canada,Google,150,0,1
session_2750,user_2402,8/1/2025 10:10,product_page,Desktop,Canada,Google,168,0,1
session_2750,user_2402,8/1/2025 10:13,cart,Desktop,Canada,Google,171,5,1
session_2750,user_2402,8/1/2025 10:14,checkout,Desktop,Canada,Google,72,5,1
session_2750,user_2402,8/1/2025 10:15,confirmation,Desktop,Canada,Google,23,0,1
session_2751,user_1294,6/16/2025 2:55,home,Tablet,Germany,Google,23,0,0
session_2752,user_2506,8/21/2025 22:02,home,Tablet,France,Direct,15,0,0
session_2752,user_2506,8/21/2025 22:03,product_page,Tablet,France,Direct,31,0,0
session_2753,user_1335,1/6/2025 22:29,home,Mobile,USA,Google,134,0,0
session_2753,user_1335,1/6/2025 22:29,product_page,Mobile,USA,Google,34,5,0
session_2754,user_1407,5/28/2025 6:20,home,Tablet,India,Social Media,45,0,0
session_2755,user_2465,7/12/2025 10:00,home,Mobile,India,Social Media,70,0,0
session_2755,user_2465,7/12/2025 10:01,product_page,Mobile,India,Social Media,110,3,0
session_2755,user_2465,7/12/2025 10:02,cart,Mobile,India,Social Media,16,3,0
session_2756,user_1500,1/27/2025 4:31,home,Tablet,Germany,Social Media,54,0,0
session_2756,user_1500,1/27/2025 4:31,product_page,Tablet,Germany,Social Media,22,2,0
session_2756,user_1500,1/27/2025 4:33,cart,Tablet,Germany,Social Media,136,2,0
session_2757,user_2993,7/14/2025 22:05,home,Desktop,France,Email,19,0,1
session_2757,user_2993,7/14/2025 22:07,product_page,Desktop,France,Email,149,2,1
session_2757,user_2993,7/14/2025 22:10,cart,Desktop,France,Email,179,2,1
session_2757,user_2993,7/14/2025 22:13,checkout,Desktop,France,Email,152,2,1
session_2757,user_2993,7/14/2025 22:15,confirmation,Desktop,France,Email,146,0,1
session_2758,user_1096,6/27/2025 23:45,home,Desktop,France,Google,162,0,0
session_2758,user_1096,6/27/2025 23:47,product_page,Desktop,France,Google,133,0,0
session_2758,user_1096,6/27/2025 23:48,cart,Desktop,France,Google,43,5,0
session_2758,user_1096,6/27/2025 23:49,checkout,Desktop,France,Google,53,5,0
session_2759,user_1884,7/30/2025 18:56,home,Mobile,UK,Google,55,0,0
session_2759,user_1884,7/30/2025 18:59,product_page,Mobile,UK,Google,175,0,0
session_2760,user_1931,1/16/2025 17:39,home,Desktop,Australia,Google,31,0,0
session_2761,user_1992,2/21/2025 10:30,home,Tablet,UK,Social Media,118,0,0
session_2762,user_1753,5/30/2025 3:55,home,Desktop,UK,Direct,90,0,1
session_2762,user_1753,5/30/2025 3:56,product_page,Desktop,UK,Direct,69,2,1
session_2762,user_1753,5/30/2025 3:57,cart,Desktop,UK,Direct,94,2,1
session_2762,user_1753,5/30/2025 4:00,checkout,Desktop,UK,Direct,172,2,1
session_2762,user_1753,5/30/2025 4:02,confirmation,Desktop,UK,Direct,96,0,1
session_2763,user_2546,4/28/2025 4:22,home,Desktop,UK,Direct,53,0,0
session_2764,user_1909,7/1/2025 1:32,home,Tablet,Canada,Email,169,0,0
session_2765,user_1185,2/14/2025 18:20,home,Desktop,India,Google,21,0,0
session_2765,user_1185,2/14/2025 18:21,product_page,Desktop,India,Google,107,5,0
session_2765,user_1185,2/14/2025 18:24,cart,Desktop,India,Google,152,5,0
session_2765,user_1185,2/14/2025 18:24,checkout,Desktop,India,Google,17,5,0
session_2766,user_2901,6/4/2025 15:31,home,Desktop,Canada,Social Media,84,0,1
session_2766,user_2901,6/4/2025 15:33,product_page,Desktop,Canada,Social Media,120,3,1
session_2766,user_2901,6/4/2025 15:34,cart,Desktop,Canada,Social Media,75,3,1
session_2766,user_2901,6/4/2025 15:35,checkout,Desktop,Canada,Social Media,65,3,1
session_2766,user_2901,6/4/2025 15:36,confirmation,Desktop,Canada,Social Media,86,0,1
session_2767,user_1574,7/7/2025 5:03,home,Tablet,USA,Social Media,138,0,0
session_2768,user_1679,1/19/2025 17:59,home,Desktop,France,Direct,153,0,0
session_2768,user_1679,1/19/2025 18:01,product_page,Desktop,France,Direct,121,0,0
session_2768,user_1679,1/19/2025 18:03,cart,Desktop,France,Direct,145,0,0
session_2769,user_1651,6/30/2025 1:57,home,Mobile,UK,Direct,68,0,0
session_2769,user_1651,6/30/2025 1:58,product_page,Mobile,UK,Direct,87,0,0
session_2770,user_1009,7/5/2025 11:43,home,Mobile,Australia,Social Media,140,0,0
session_2771,user_1417,3/14/2025 22:00,home,Tablet,Australia,Social Media,147,0,1
session_2771,user_1417,3/14/2025 22:02,product_page,Tablet,Australia,Social Media,107,5,1
session_2771,user_1417,3/14/2025 22:04,cart,Tablet,Australia,Social Media,125,5,1
session_2771,user_1417,3/14/2025 22:05,checkout,Tablet,Australia,Social Media,59,5,1
session_2771,user_1417,3/14/2025 22:07,confirmation,Tablet,Australia,Social Media,129,0,1
session_2772,user_1050,3/6/2025 2:44,home,Desktop,Australia,Social Media,118,0,0
session_2772,user_1050,3/6/2025 2:44,product_page,Desktop,Australia,Social Media,34,0,0
session_2773,user_2559,1/19/2025 21:36,home,Mobile,Canada,Google,117,0,0
session_2773,user_2559,1/19/2025 21:39,product_page,Mobile,Canada,Google,155,3,0
session_2774,user_1479,5/25/2025 18:26,home,Desktop,Canada,Google,99,0,0
session_2775,user_1256,8/13/2025 3:39,home,Desktop,UK,Google,177,0,0
session_2776,user_2782,1/30/2025 9:06,home,Tablet,Australia,Social Media,43,0,0
session_2776,user_2782,1/30/2025 9:08,product_page,Tablet,Australia,Social Media,101,1,0
session_2777,user_1197,6/3/2025 19:30,home,Desktop,Germany,Direct,74,0,0
session_2778,user_2767,4/18/2025 15:18,home,Tablet,Germany,Social Media,176,0,0
session_2778,user_2767,4/18/2025 15:18,product_page,Tablet,Germany,Social Media,33,5,0
session_2779,user_2837,3/2/2025 15:55,home,Desktop,Germany,Email,38,0,0
session_2780,user_1855,3/10/2025 21:00,home,Desktop,Canada,Email,37,0,0
session_2780,user_1855,3/10/2025 21:00,product_page,Desktop,Canada,Email,26,1,0
session_2781,user_1736,2/19/2025 9:24,home,Mobile,Australia,Email,148,0,0
session_2781,user_1736,2/19/2025 9:26,product_page,Mobile,Australia,Email,125,1,0
session_2782,user_1863,4/7/2025 10:36,home,Desktop,Australia,Email,130,0,0
session_2782,user_1863,4/7/2025 10:38,product_page,Desktop,Australia,Email,150,2,0
session_2782,user_1863,4/7/2025 10:41,cart,Desktop,Australia,Email,166,2,0
session_2783,user_1461,4/9/2025 9:01,home,Mobile,Germany,Email,176,0,0
session_2783,user_1461,4/9/2025 9:02,product_page,Mobile,Germany,Email,16,5,0
session_2784,user_1823,2/14/2025 6:35,home,Mobile,UK,Social Media,22,0,0
session_2784,user_1823,2/14/2025 6:36,product_page,Mobile,UK,Social Media,32,4,0
session_2785,user_2980,2/22/2025 21:33,home,Mobile,Germany,Google,111,0,0
session_2785,user_2980,2/22/2025 21:34,product_page,Mobile,Germany,Google,57,0,0
session_2786,user_2561,6/1/2025 10:21,home,Desktop,UK,Direct,41,0,0
session_2786,user_2561,6/1/2025 10:23,product_page,Desktop,UK,Direct,92,4,0
session_2787,user_1182,7/10/2025 6:41,home,Mobile,Australia,Google,78,0,0
session_2788,user_2900,7/24/2025 6:57,home,Desktop,France,Email,139,0,0
session_2788,user_2900,7/24/2025 7:00,product_page,Desktop,France,Email,147,0,0
session_2789,user_1178,7/14/2025 0:51,home,Tablet,Canada,Email,90,0,0
session_2789,user_1178,7/14/2025 0:53,product_page,Tablet,Canada,Email,87,5,0
session_2790,user_1658,2/12/2025 11:36,home,Mobile,USA,Direct,128,0,0
session_2790,user_1658,2/12/2025 11:39,product_page,Mobile,USA,Direct,157,4,0
session_2791,user_1590,5/5/2025 14:43,home,Mobile,UK,Direct,31,0,1
session_2791,user_1590,5/5/2025 14:43,product_page,Mobile,UK,Direct,28,0,1
session_2791,user_1590,5/5/2025 14:45,cart,Mobile,UK,Direct,88,3,1
session_2791,user_1590,5/5/2025 14:45,checkout,Mobile,UK,Direct,24,3,1
session_2791,user_1590,5/5/2025 14:46,confirmation,Mobile,UK,Direct,35,0,1
session_2792,user_1109,6/24/2025 2:13,home,Tablet,USA,Social Media,67,0,1
session_2792,user_1109,6/24/2025 2:15,product_page,Tablet,USA,Social Media,108,0,1
session_2792,user_1109,6/24/2025 2:17,cart,Tablet,USA,Social Media,130,0,1
session_2792,user_1109,6/24/2025 2:18,checkout,Tablet,USA,Social Media,29,1,1
session_2792,user_1109,6/24/2025 2:19,confirmation,Tablet,USA,Social Media,47,0,1
session_2793,user_1726,2/8/2025 12:27,home,Tablet,USA,Direct,57,0,1
session_2793,user_1726,2/8/2025 12:28,product_page,Tablet,USA,Direct,24,0,1
session_2793,user_1726,2/8/2025 12:29,cart,Tablet,USA,Direct,86,3,1
session_2793,user_1726,2/8/2025 12:31,checkout,Tablet,USA,Direct,76,3,1
session_2793,user_1726,2/8/2025 12:32,confirmation,Tablet,USA,Direct,72,0,1
session_2794,user_2227,3/23/2025 23:48,home,Mobile,Germany,Google,61,0,0
session_2794,user_2227,3/23/2025 23:51,product_page,Mobile,Germany,Google,128,0,0
session_2795,user_1560,6/16/2025 18:32,home,Tablet,Germany,Social Media,148,0,0
session_2795,user_1560,6/16/2025 18:35,product_page,Tablet,Germany,Social Media,138,0,0
session_2795,user_1560,6/16/2025 18:36,cart,Tablet,Germany,Social Media,104,5,0
session_2796,user_2085,8/15/2025 10:59,home,Desktop,India,Social Media,57,0,0
session_2796,user_2085,8/15/2025 11:00,product_page,Desktop,India,Social Media,95,1,0
session_2797,user_1959,5/28/2025 2:16,home,Tablet,France,Email,162,0,0
session_2797,user_1959,5/28/2025 2:18,product_page,Tablet,France,Email,115,0,0
session_2798,user_1600,8/23/2025 10:25,home,Mobile,Canada,Direct,168,0,0
session_2798,user_1600,8/23/2025 10:25,product_page,Mobile,Canada,Direct,18,0,0
session_2799,user_2438,7/31/2025 7:29,home,Tablet,Canada,Direct,82,0,0
session_2799,user_2438,7/31/2025 7:30,product_page,Tablet,Canada,Direct,68,0,0
session_2800,user_1366,4/24/2025 14:05,home,Mobile,Canada,Social Media,22,0,0
session_2800,user_1366,4/24/2025 14:06,product_page,Mobile,Canada,Social Media,73,3,0
session_2801,user_1638,7/18/2025 9:58,home,Desktop,USA,Email,49,0,0
session_2801,user_1638,7/18/2025 9:59,product_page,Desktop,USA,Email,32,5,0
session_2801,user_1638,7/18/2025 9:59,cart,Desktop,USA,Email,23,5,0
session_2802,user_2351,4/14/2025 11:33,home,Desktop,Canada,Direct,170,0,0
session_2802,user_2351,4/14/2025 11:35,product_page,Desktop,Canada,Direct,114,0,0
session_2803,user_1257,1/20/2025 19:32,home,Desktop,India,Email,24,0,0
session_2803,user_1257,1/20/2025 19:35,product_page,Desktop,India,Email,154,4,0
session_2803,user_1257,1/20/2025 19:35,cart,Desktop,India,Email,28,4,0
session_2804,user_2778,6/28/2025 9:57,home,Tablet,UK,Social Media,57,0,1
session_2804,user_2778,6/28/2025 9:59,product_page,Tablet,UK,Social Media,148,2,1
session_2804,user_2778,6/28/2025 10:00,cart,Tablet,UK,Social Media,76,2,1
session_2804,user_2778,6/28/2025 10:03,checkout,Tablet,UK,Social Media,158,2,1
session_2804,user_2778,6/28/2025 10:04,confirmation,Tablet,UK,Social Media,76,0,1
session_2805,user_1910,8/26/2025 15:40,home,Mobile,UK,Google,32,0,1
session_2805,user_1910,8/26/2025 15:41,product_page,Mobile,UK,Google,104,0,1
session_2805,user_1910,8/26/2025 15:43,cart,Mobile,UK,Google,110,0,1
session_2805,user_1910,8/26/2025 15:44,checkout,Mobile,UK,Google,63,3,1
session_2805,user_1910,8/26/2025 15:47,confirmation,Mobile,UK,Google,162,0,1
session_2806,user_2896,8/5/2025 16:26,home,Mobile,Germany,Email,52,0,0
session_2807,user_1996,4/28/2025 21:01,home,Desktop,UK,Email,37,0,0
session_2807,user_1996,4/28/2025 21:04,product_page,Desktop,UK,Email,128,1,0
session_2808,user_2142,1/17/2025 4:36,home,Mobile,India,Email,40,0,0
session_2808,user_2142,1/17/2025 4:37,product_page,Mobile,India,Email,34,5,0
session_2809,user_1790,5/10/2025 11:39,home,Desktop,India,Email,69,0,0
session_2809,user_1790,5/10/2025 11:42,product_page,Desktop,India,Email,179,3,0
session_2809,user_1790,5/10/2025 11:44,cart,Desktop,India,Email,112,3,0
session_2810,user_1586,6/28/2025 15:06,home,Mobile,India,Google,173,0,0
session_2811,user_1085,2/26/2025 0:09,home,Desktop,Canada,Social Media,90,0,0
session_2811,user_1085,2/26/2025 0:12,product_page,Desktop,Canada,Social Media,126,2,0
session_2812,user_1764,7/3/2025 15:41,home,Tablet,Germany,Google,146,0,0
session_2812,user_1764,7/3/2025 15:43,product_page,Tablet,Germany,Google,116,4,0
session_2813,user_1449,5/19/2025 20:33,home,Mobile,Australia,Email,106,0,1
session_2813,user_1449,5/19/2025 20:36,product_page,Mobile,Australia,Email,161,5,1
session_2813,user_1449,5/19/2025 20:39,cart,Mobile,Australia,Email,171,5,1
session_2813,user_1449,5/19/2025 20:40,checkout,Mobile,Australia,Email,49,5,1
session_2813,user_1449,5/19/2025 20:43,confirmation,Mobile,Australia,Email,174,0,1
session_2814,user_1330,1/21/2025 8:29,home,Tablet,Australia,Direct,43,0,0
session_2814,user_1330,1/21/2025 8:31,product_page,Tablet,Australia,Direct,105,0,0
session_2815,user_1874,2/22/2025 11:24,home,Tablet,Australia,Email,125,0,0
session_2815,user_1874,2/22/2025 11:25,product_page,Tablet,Australia,Email,25,0,0
session_2815,user_1874,2/22/2025 11:28,cart,Tablet,Australia,Email,165,0,0
session_2816,user_1295,8/9/2025 10:26,home,Tablet,UK,Google,115,0,0
session_2816,user_1295,8/9/2025 10:28,product_page,Tablet,UK,Google,113,4,0
session_2817,user_1351,2/19/2025 16:02,home,Tablet,Australia,Social Media,100,0,1
session_2817,user_1351,2/19/2025 16:03,product_page,Tablet,Australia,Social Media,47,0,1
session_2817,user_1351,2/19/2025 16:05,cart,Tablet,Australia,Social Media,100,0,1
session_2817,user_1351,2/19/2025 16:07,checkout,Tablet,Australia,Social Media,125,1,1
session_2817,user_1351,2/19/2025 16:10,confirmation,Tablet,Australia,Social Media,175,0,1
session_2818,user_2116,3/10/2025 14:51,home,Mobile,Australia,Email,84,0,0
session_2818,user_2116,3/10/2025 14:53,product_page,Mobile,Australia,Email,128,0,0
session_2819,user_1306,8/1/2025 13:33,home,Tablet,Germany,Direct,165,0,1
session_2819,user_1306,8/1/2025 13:34,product_page,Tablet,Germany,Direct,70,2,1
session_2819,user_1306,8/1/2025 13:36,cart,Tablet,Germany,Direct,152,2,1
session_2819,user_1306,8/1/2025 13:38,checkout,Tablet,Germany,Direct,106,2,1
session_2819,user_1306,8/1/2025 13:40,confirmation,Tablet,Germany,Direct,107,0,1
session_2820,user_1757,5/15/2025 7:12,home,Mobile,France,Email,98,0,0
session_2820,user_1757,5/15/2025 7:14,product_page,Mobile,France,Email,156,0,0
session_2821,user_1562,6/14/2025 12:35,home,Mobile,USA,Google,58,0,0
session_2821,user_1562,6/14/2025 12:38,product_page,Mobile,USA,Google,143,3,0
session_2822,user_2269,5/29/2025 6:34,home,Mobile,Australia,Email,114,0,0
session_2822,user_2269,5/29/2025 6:35,product_page,Mobile,Australia,Email,72,0,0
session_2822,user_2269,5/29/2025 6:38,cart,Mobile,Australia,Email,164,5,0
session_2823,user_1455,7/10/2025 19:41,home,Desktop,USA,Social Media,68,0,0
session_2823,user_1455,7/10/2025 19:41,product_page,Desktop,USA,Social Media,30,0,0
session_2824,user_1718,6/26/2025 4:17,home,Tablet,Germany,Direct,38,0,0
session_2824,user_1718,6/26/2025 4:18,product_page,Tablet,Germany,Direct,41,5,0
session_2825,user_2338,3/21/2025 9:56,home,Mobile,Australia,Google,120,0,1
session_2825,user_2338,3/21/2025 9:59,product_page,Mobile,Australia,Google,148,4,1
session_2825,user_2338,3/21/2025 10:01,cart,Mobile,Australia,Google,119,4,1
session_2825,user_2338,3/21/2025 10:02,checkout,Mobile,Australia,Google,80,4,1
session_2825,user_2338,3/21/2025 10:04,confirmation,Mobile,Australia,Google,94,0,1
session_2826,user_2584,2/8/2025 14:54,home,Tablet,Australia,Email,87,0,1
session_2826,user_2584,2/8/2025 14:55,product_page,Tablet,Australia,Email,75,4,1
session_2826,user_2584,2/8/2025 14:55,cart,Tablet,Australia,Email,29,4,1
session_2826,user_2584,2/8/2025 14:58,checkout,Tablet,Australia,Email,144,4,1
session_2826,user_2584,2/8/2025 15:01,confirmation,Tablet,Australia,Email,176,0,1
session_2827,user_2265,1/27/2025 21:16,home,Desktop,Australia,Direct,73,0,0
session_2827,user_2265,1/27/2025 21:17,product_page,Desktop,Australia,Direct,35,5,0
session_2827,user_2265,1/27/2025 21:20,cart,Desktop,Australia,Direct,176,5,0
session_2828,user_1482,3/16/2025 17:51,home,Mobile,India,Social Media,61,0,1
session_2828,user_1482,3/16/2025 17:53,product_page,Mobile,India,Social Media,99,1,1
session_2828,user_1482,3/16/2025 17:56,cart,Mobile,India,Social Media,172,1,1
session_2828,user_1482,3/16/2025 17:57,checkout,Mobile,India,Social Media,40,1,1
session_2828,user_1482,3/16/2025 17:58,confirmation,Mobile,India,Social Media,75,0,1
session_2829,user_2720,2/17/2025 8:12,home,Tablet,USA,Direct,21,0,0
session_2830,user_1761,8/23/2025 23:41,home,Tablet,India,Google,25,0,0
session_2830,user_1761,8/23/2025 23:43,product_page,Tablet,India,Google,148,2,0
session_2831,user_1686,2/4/2025 6:52,home,Tablet,Canada,Google,173,0,0
session_2831,user_1686,2/4/2025 6:54,product_page,Tablet,Canada,Google,83,0,0
session_2831,user_1686,2/4/2025 6:55,cart,Tablet,Canada,Google,58,5,0
session_2832,user_2516,3/28/2025 0:17,home,Tablet,Canada,Google,43,0,0
session_2832,user_2516,3/28/2025 0:20,product_page,Tablet,Canada,Google,159,0,0
session_2832,user_2516,3/28/2025 0:21,cart,Tablet,Canada,Google,45,0,0
session_2833,user_2596,7/30/2025 16:10,home,Tablet,India,Social Media,108,0,0
session_2833,user_2596,7/30/2025 16:11,product_page,Tablet,India,Social Media,26,5,0
session_2834,user_2094,1/26/2025 18:30,home,Tablet,Canada,Direct,89,0,0
session_2834,user_2094,1/26/2025 18:32,product_page,Tablet,Canada,Direct,117,2,0
session_2835,user_2570,3/25/2025 2:09,home,Tablet,Germany,Social Media,22,0,0
session_2835,user_2570,3/25/2025 2:12,product_page,Tablet,Germany,Social Media,164,0,0
session_2836,user_2899,6/3/2025 8:50,home,Desktop,USA,Social Media,106,0,0
session_2836,user_2899,6/3/2025 8:52,product_page,Desktop,USA,Social Media,64,0,0
session_2837,user_1448,2/7/2025 18:54,home,Mobile,India,Google,163,0,0
session_2838,user_2890,6/23/2025 0:52,home,Desktop,France,Direct,77,0,0
session_2838,user_2890,6/23/2025 0:53,product_page,Desktop,France,Direct,68,4,0
session_2838,user_2890,6/23/2025 0:56,cart,Desktop,France,Direct,130,4,0
session_2839,user_1200,8/9/2025 0:51,home,Mobile,India,Direct,160,0,0
session_2839,user_1200,8/9/2025 0:52,product_page,Mobile,India,Direct,94,0,0
session_2840,user_2644,8/10/2025 22:08,home,Desktop,India,Email,38,0,0
session_2841,user_2283,3/15/2025 15:23,home,Mobile,Germany,Email,28,0,0
session_2841,user_2283,3/15/2025 15:26,product_page,Mobile,Germany,Email,163,0,0
session_2842,user_2877,4/10/2025 14:38,home,Mobile,France,Social Media,145,0,0
session_2842,user_2877,4/10/2025 14:40,product_page,Mobile,France,Social Media,107,0,0
session_2843,user_1612,7/16/2025 8:59,home,Tablet,France,Google,48,0,0
session_2843,user_1612,7/16/2025 9:00,product_page,Tablet,France,Google,67,2,0
session_2844,user_1793,2/23/2025 19:48,home,Desktop,Australia,Email,90,0,0
session_2844,user_1793,2/23/2025 19:50,product_page,Desktop,Australia,Email,117,5,0
session_2844,user_1793,2/23/2025 19:52,cart,Desktop,Australia,Email,123,5,0
session_2845,user_1883,5/20/2025 13:10,home,Desktop,Australia,Social Media,159,0,0
session_2846,user_1385,5/26/2025 19:42,home,Desktop,UK,Google,166,0,0
session_2847,user_2023,5/24/2025 16:55,home,Mobile,Germany,Direct,145,0,0
session_2847,user_2023,5/24/2025 16:58,product_page,Mobile,Germany,Direct,162,0,0
session_2848,user_1806,8/10/2025 9:50,home,Desktop,France,Social Media,23,0,0
session_2848,user_1806,8/10/2025 9:51,product_page,Desktop,France,Social Media,69,3,0
session_2849,user_2308,5/10/2025 9:50,home,Mobile,Germany,Social Media,68,0,0
session_2849,user_2308,5/10/2025 9:52,product_page,Mobile,Germany,Social Media,133,0,0
session_2850,user_2591,7/8/2025 15:15,home,Mobile,UK,Social Media,146,0,0
session_2850,user_2591,7/8/2025 15:16,product_page,Mobile,UK,Social Media,89,5,0
session_2851,user_1461,8/24/2025 6:01,home,Mobile,UK,Social Media,163,0,0
session_2852,user_1774,5/14/2025 17:40,home,Tablet,Canada,Social Media,63,0,0
session_2852,user_1774,5/14/2025 17:41,product_page,Tablet,Canada,Social Media,76,1,0
session_2853,user_1419,1/16/2025 0:24,home,Tablet,UK,Email,62,0,0
session_2853,user_1419,1/16/2025 0:27,product_page,Tablet,UK,Email,157,2,0
session_2853,user_1419,1/16/2025 0:29,cart,Tablet,UK,Email,138,2,0
session_2854,user_1214,6/12/2025 17:29,home,Tablet,Canada,Direct,47,0,0
session_2855,user_1549,8/27/2025 3:27,home,Mobile,France,Direct,65,0,0
session_2856,user_1583,6/2/2025 11:46,home,Desktop,USA,Email,69,0,0
session_2856,user_1583,6/2/2025 11:48,product_page,Desktop,USA,Email,128,4,0
session_2857,user_1665,7/1/2025 4:56,home,Mobile,UK,Social Media,75,0,1
session_2857,user_1665,7/1/2025 4:57,product_page,Mobile,UK,Social Media,83,1,1
session_2857,user_1665,7/1/2025 4:59,cart,Mobile,UK,Social Media,89,1,1
session_2857,user_1665,7/1/2025 5:01,checkout,Mobile,UK,Social Media,149,1,1
session_2857,user_1665,7/1/2025 5:03,confirmation,Mobile,UK,Social Media,86,0,1
session_2858,user_1035,3/22/2025 7:49,home,Desktop,Australia,Direct,62,0,0
session_2858,user_1035,3/22/2025 7:51,product_page,Desktop,Australia,Direct,125,1,0
session_2859,user_2473,5/11/2025 18:42,home,Mobile,Australia,Google,179,0,1
session_2859,user_2473,5/11/2025 18:43,product_page,Mobile,Australia,Google,29,5,1
session_2859,user_2473,5/11/2025 18:44,cart,Mobile,Australia,Google,86,5,1
session_2859,user_2473,5/11/2025 18:46,checkout,Mobile,Australia,Google,110,5,1
session_2859,user_2473,5/11/2025 18:49,confirmation,Mobile,Australia,Google,161,0,1
session_2860,user_2675,3/26/2025 15:10,home,Tablet,USA,Email,41,0,0
session_2860,user_2675,3/26/2025 15:12,product_page,Tablet,USA,Email,132,0,0
session_2861,user_1458,5/23/2025 21:27,home,Tablet,Germany,Social Media,80,0,0
session_2861,user_1458,5/23/2025 21:28,product_page,Tablet,Germany,Social Media,86,0,0
session_2862,user_2829,8/16/2025 12:56,home,Desktop,Australia,Direct,126,0,0
session_2863,user_2676,7/21/2025 5:10,home,Mobile,UK,Direct,15,0,0
session_2864,user_1789,2/2/2025 0:08,home,Tablet,India,Direct,141,0,1
session_2864,user_1789,2/2/2025 0:10,product_page,Tablet,India,Direct,106,2,1
session_2864,user_1789,2/2/2025 0:12,cart,Tablet,India,Direct,85,2,1
session_2864,user_1789,2/2/2025 0:13,checkout,Tablet,India,Direct,58,2,1
session_2864,user_1789,2/2/2025 0:15,confirmation,Tablet,India,Direct,153,0,1
session_2865,user_1103,7/21/2025 5:02,home,Tablet,USA,Email,98,0,0
session_2865,user_1103,7/21/2025 5:03,product_page,Tablet,USA,Email,33,0,0
session_2866,user_1102,5/19/2025 3:17,home,Desktop,India,Google,84,0,0
session_2866,user_1102,5/19/2025 3:18,product_page,Desktop,India,Google,60,4,0
session_2866,user_1102,5/19/2025 3:19,cart,Desktop,India,Google,68,4,0
session_2867,user_1631,3/4/2025 4:15,home,Mobile,India,Direct,29,0,0
session_2867,user_1631,3/4/2025 4:16,product_page,Mobile,India,Direct,48,0,0
session_2867,user_1631,3/4/2025 4:18,cart,Mobile,India,Direct,121,1,0
session_2867,user_1631,3/4/2025 4:21,checkout,Mobile,India,Direct,175,1,0
session_2868,user_1817,1/20/2025 5:17,home,Tablet,France,Google,76,0,0
session_2868,user_1817,1/20/2025 5:19,product_page,Tablet,France,Google,84,0,0
session_2869,user_1599,6/2/2025 1:54,home,Tablet,Germany,Direct,54,0,0
session_2869,user_1599,6/2/2025 1:55,product_page,Tablet,Germany,Direct,41,0,0
session_2870,user_2510,2/23/2025 21:37,home,Tablet,India,Email,102,0,0
session_2870,user_2510,2/23/2025 21:40,product_page,Tablet,India,Email,154,2,0
session_2871,user_2060,6/29/2025 2:45,home,Tablet,Canada,Social Media,89,0,0
session_2871,user_2060,6/29/2025 2:47,product_page,Tablet,Canada,Social Media,145,0,0
session_2871,user_2060,6/29/2025 2:50,cart,Tablet,Canada,Social Media,147,0,0
session_2871,user_2060,6/29/2025 2:50,checkout,Tablet,Canada,Social Media,16,3,0
session_2872,user_1862,5/31/2025 12:53,home,Mobile,Australia,Google,164,0,0
session_2872,user_1862,5/31/2025 12:56,product_page,Mobile,Australia,Google,180,5,0
session_2873,user_2862,5/20/2025 20:26,home,Desktop,Canada,Email,53,0,0
session_2874,user_1785,6/2/2025 2:26,home,Mobile,Germany,Google,53,0,0
session_2874,user_1785,6/2/2025 2:28,product_page,Mobile,Germany,Google,85,1,0
session_2874,user_1785,6/2/2025 2:29,cart,Mobile,Germany,Google,69,1,0
session_2875,user_2486,1/5/2025 3:03,home,Mobile,Germany,Email,49,0,1
session_2875,user_2486,1/5/2025 3:06,product_page,Mobile,Germany,Email,166,0,1
session_2875,user_2486,1/5/2025 3:07,cart,Mobile,Germany,Email,50,0,1
session_2875,user_2486,1/5/2025 3:10,checkout,Mobile,Germany,Email,171,1,1
session_2875,user_2486,1/5/2025 3:12,confirmation,Mobile,Germany,Email,163,0,1
session_2876,user_2820,3/19/2025 9:56,home,Mobile,Canada,Google,73,0,0
session_2876,user_2820,3/19/2025 9:58,product_page,Mobile,Canada,Google,172,1,0
session_2877,user_1649,3/24/2025 15:02,home,Desktop,France,Direct,105,0,0
session_2877,user_1649,3/24/2025 15:03,product_page,Desktop,France,Direct,76,0,0
session_2878,user_1565,3/26/2025 0:34,home,Tablet,Germany,Direct,130,0,1
session_2878,user_1565,3/26/2025 0:35,product_page,Tablet,Germany,Direct,34,4,1
session_2878,user_1565,3/26/2025 0:35,cart,Tablet,Germany,Direct,43,4,1
session_2878,user_1565,3/26/2025 0:36,checkout,Tablet,Germany,Direct,66,4,1
session_2878,user_1565,3/26/2025 0:38,confirmation,Tablet,Germany,Direct,86,0,1
session_2879,user_1825,2/4/2025 23:01,home,Desktop,Canada,Email,135,0,0
session_2879,user_1825,2/4/2025 23:04,product_page,Desktop,Canada,Email,170,1,0
session_2880,user_1996,7/9/2025 21:33,home,Desktop,UK,Email,34,0,0
session_2880,user_1996,7/9/2025 21:34,product_page,Desktop,UK,Email,19,0,0
session_2881,user_2270,3/5/2025 19:35,home,Desktop,USA,Direct,179,0,0
session_2882,user_1702,3/4/2025 17:23,home,Desktop,USA,Google,103,0,1
session_2882,user_1702,3/4/2025 17:24,product_page,Desktop,USA,Google,45,5,1
session_2882,user_1702,3/4/2025 17:25,cart,Desktop,USA,Google,81,5,1
session_2882,user_1702,3/4/2025 17:27,checkout,Desktop,USA,Google,148,5,1
session_2882,user_1702,3/4/2025 17:28,confirmation,Desktop,USA,Google,46,0,1
session_2883,user_2640,2/16/2025 16:05,home,Mobile,India,Social Media,121,0,0
session_2883,user_2640,2/16/2025 16:06,product_page,Mobile,India,Social Media,63,4,0
session_2884,user_1792,8/17/2025 15:01,home,Tablet,USA,Email,89,0,1
session_2884,user_1792,8/17/2025 15:02,product_page,Tablet,USA,Email,106,5,1
session_2884,user_1792,8/17/2025 15:05,cart,Tablet,USA,Email,176,5,1
session_2884,user_1792,8/17/2025 15:08,checkout,Tablet,USA,Email,166,5,1
session_2884,user_1792,8/17/2025 15:08,confirmation,Tablet,USA,Email,18,0,1
session_2885,user_1268,4/4/2025 5:23,home,Desktop,USA,Direct,20,0,0
session_2885,user_1268,4/4/2025 5:24,product_page,Desktop,USA,Direct,83,3,0
session_2885,user_1268,4/4/2025 5:26,cart,Desktop,USA,Direct,120,3,0
session_2885,user_1268,4/4/2025 5:27,checkout,Desktop,USA,Direct,75,3,0
session_2886,user_2410,6/26/2025 15:26,home,Mobile,USA,Direct,114,0,0
session_2887,user_1124,7/9/2025 10:45,home,Tablet,France,Email,87,0,0
session_2887,user_1124,7/9/2025 10:46,product_page,Tablet,France,Email,27,3,0
session_2888,user_1676,5/16/2025 0:54,home,Mobile,India,Google,86,0,0
session_2888,user_1676,5/16/2025 0:56,product_page,Mobile,India,Google,115,1,0
session_2889,user_1348,2/18/2025 7:53,home,Mobile,Australia,Email,168,0,0
session_2890,user_2508,5/29/2025 3:38,home,Mobile,Canada,Google,53,0,0
session_2890,user_2508,5/29/2025 3:39,product_page,Mobile,Canada,Google,33,3,0
session_2891,user_2249,5/28/2025 1:08,home,Desktop,USA,Social Media,148,0,0
session_2892,user_1738,6/14/2025 11:42,home,Tablet,Germany,Google,25,0,1
session_2892,user_1738,6/14/2025 11:44,product_page,Tablet,Germany,Google,120,3,1
session_2892,user_1738,6/14/2025 11:46,cart,Tablet,Germany,Google,134,3,1
session_2892,user_1738,6/14/2025 11:47,checkout,Tablet,Germany,Google,33,3,1
session_2892,user_1738,6/14/2025 11:48,confirmation,Tablet,Germany,Google,103,0,1
session_2893,user_2135,7/22/2025 18:21,home,Desktop,Germany,Google,54,0,1
session_2893,user_2135,7/22/2025 18:22,product_page,Desktop,Germany,Google,95,0,1
session_2893,user_2135,7/22/2025 18:23,cart,Desktop,Germany,Google,41,2,1
session_2893,user_2135,7/22/2025 18:24,checkout,Desktop,Germany,Google,56,2,1
session_2893,user_2135,7/22/2025 18:24,confirmation,Desktop,Germany,Google,17,0,1
session_2894,user_1009,8/9/2025 12:16,home,Desktop,India,Email,31,0,0
session_2895,user_2232,5/6/2025 3:24,home,Desktop,India,Email,76,0,0
session_2895,user_2232,5/6/2025 3:27,product_page,Desktop,India,Email,178,0,0
session_2896,user_1549,2/2/2025 3:22,home,Desktop,UK,Direct,171,0,0
session_2896,user_1549,2/2/2025 3:22,product_page,Desktop,UK,Direct,15,1,0
session_2896,user_1549,2/2/2025 3:24,cart,Desktop,UK,Direct,95,1,0
session_2896,user_1549,2/2/2025 3:26,checkout,Desktop,UK,Direct,142,1,0
session_2897,user_2596,3/3/2025 18:16,home,Mobile,USA,Email,92,0,0
session_2897,user_2596,3/3/2025 18:17,product_page,Mobile,USA,Email,59,5,0
session_2898,user_1133,7/24/2025 15:49,home,Mobile,Canada,Email,177,0,0
session_2899,user_1569,1/27/2025 20:16,home,Desktop,USA,Direct,103,0,0
session_2899,user_1569,1/27/2025 20:19,product_page,Desktop,USA,Direct,176,3,0
session_2900,user_1598,7/12/2025 3:16,home,Mobile,USA,Email,40,0,0
session_2900,user_1598,7/12/2025 3:18,product_page,Mobile,USA,Email,144,4,0
session_2901,user_2299,1/19/2025 8:25,home,Tablet,India,Direct,81,0,0
session_2901,user_2299,1/19/2025 8:28,product_page,Tablet,India,Direct,142,3,0
session_2902,user_2462,4/3/2025 8:38,home,Mobile,UK,Social Media,164,0,1
session_2902,user_2462,4/3/2025 8:40,product_page,Mobile,UK,Social Media,128,3,1
session_2902,user_2462,4/3/2025 8:43,cart,Mobile,UK,Social Media,177,3,1
session_2902,user_2462,4/3/2025 8:46,checkout,Mobile,UK,Social Media,175,3,1
session_2902,user_2462,4/3/2025 8:46,confirmation,Mobile,UK,Social Media,18,0,1
session_2903,user_2651,6/17/2025 2:43,home,Desktop,Australia,Direct,155,0,0
session_2903,user_2651,6/17/2025 2:44,product_page,Desktop,Australia,Direct,92,1,0
session_2904,user_2914,3/19/2025 20:18,home,Mobile,France,Social Media,160,0,0
session_2904,user_2914,3/19/2025 20:19,product_page,Mobile,France,Social Media,102,1,0
session_2905,user_1923,5/19/2025 9:54,home,Mobile,USA,Google,158,0,0
session_2906,user_2490,8/14/2025 8:04,home,Mobile,Canada,Direct,171,0,0
session_2907,user_2319,4/28/2025 17:43,home,Desktop,UK,Direct,43,0,1
session_2907,user_2319,4/28/2025 17:46,product_page,Desktop,UK,Direct,180,4,1
session_2907,user_2319,4/28/2025 17:48,cart,Desktop,UK,Direct,165,4,1
session_2907,user_2319,4/28/2025 17:51,checkout,Desktop,UK,Direct,160,4,1
session_2907,user_2319,4/28/2025 17:52,confirmation,Desktop,UK,Direct,65,0,1
session_2908,user_2826,4/25/2025 9:35,home,Desktop,Australia,Social Media,99,0,0
session_2909,user_2639,1/15/2025 0:46,home,Tablet,Canada,Email,22,0,1
session_2909,user_2639,1/15/2025 0:49,product_page,Tablet,Canada,Email,180,0,1
session_2909,user_2639,1/15/2025 0:51,cart,Tablet,Canada,Email,149,4,1
session_2909,user_2639,1/15/2025 0:52,checkout,Tablet,Canada,Email,24,4,1
session_2909,user_2639,1/15/2025 0:52,confirmation,Tablet,Canada,Email,52,0,1
session_2910,user_2934,6/15/2025 9:22,home,Tablet,France,Social Media,137,0,0
session_2910,user_2934,6/15/2025 9:24,product_page,Tablet,France,Social Media,111,0,0
session_2910,user_2934,6/15/2025 9:27,cart,Tablet,France,Social Media,171,4,0
session_2911,user_1201,3/22/2025 6:50,home,Desktop,Australia,Social Media,139,0,0
session_2912,user_2292,3/19/2025 16:45,home,Tablet,UK,Social Media,80,0,0
session_2912,user_2292,3/19/2025 16:48,product_page,Tablet,UK,Social Media,152,1,0
session_2913,user_2061,5/3/2025 18:03,home,Tablet,USA,Social Media,162,0,0
session_2913,user_2061,5/3/2025 18:06,product_page,Tablet,USA,Social Media,153,0,0
session_2914,user_2805,1/30/2025 1:20,home,Tablet,Germany,Google,66,0,0
session_2915,user_2796,5/8/2025 9:05,home,Mobile,France,Email,180,0,0
session_2915,user_2796,5/8/2025 9:06,product_page,Mobile,France,Email,67,0,0
session_2916,user_1918,4/12/2025 7:02,home,Mobile,Canada,Social Media,39,0,0
session_2916,user_1918,4/12/2025 7:04,product_page,Mobile,Canada,Social Media,113,1,0
session_2917,user_1569,5/5/2025 19:26,home,Desktop,UK,Direct,45,0,0
session_2917,user_1569,5/5/2025 19:29,product_page,Desktop,UK,Direct,143,4,0
session_2917,user_1569,5/5/2025 19:31,cart,Desktop,UK,Direct,127,4,0
session_2918,user_1854,5/26/2025 10:16,home,Desktop,France,Google,44,0,1
session_2918,user_1854,5/26/2025 10:17,product_page,Desktop,France,Google,79,4,1
session_2918,user_1854,5/26/2025 10:18,cart,Desktop,France,Google,53,4,1
session_2918,user_1854,5/26/2025 10:21,checkout,Desktop,France,Google,176,4,1
session_2918,user_1854,5/26/2025 10:22,confirmation,Desktop,France,Google,98,0,1
session_2919,user_2537,5/19/2025 1:49,home,Tablet,Germany,Direct,72,0,0
session_2919,user_2537,5/19/2025 1:50,product_page,Tablet,Germany,Direct,40,1,0
session_2919,user_2537,5/19/2025 1:52,cart,Tablet,Germany,Direct,118,1,0
session_2920,user_1562,5/15/2025 9:32,home,Desktop,India,Direct,31,0,0
session_2921,user_2139,2/14/2025 20:11,home,Mobile,Germany,Social Media,71,0,0
session_2922,user_1001,3/30/2025 8:27,home,Desktop,Germany,Google,89,0,1
session_2922,user_1001,3/30/2025 8:29,product_page,Desktop,Germany,Google,97,3,1
session_2922,user_1001,3/30/2025 8:30,cart,Desktop,Germany,Google,54,3,1
session_2922,user_1001,3/30/2025 8:32,checkout,Desktop,Germany,Google,128,3,1
session_2922,user_1001,3/30/2025 8:34,confirmation,Desktop,Germany,Google,131,0,1
session_2923,user_2530,6/11/2025 5:31,home,Desktop,UK,Email,91,0,0
session_2924,user_2633,3/13/2025 13:14,home,Mobile,Australia,Google,147,0,0
session_2924,user_2633,3/13/2025 13:16,product_page,Mobile,Australia,Google,107,2,0
session_2925,user_1086,5/26/2025 22:55,home,Desktop,India,Email,20,0,0
session_2925,user_1086,5/26/2025 22:56,product_page,Desktop,India,Email,106,3,0
session_2926,user_1013,3/19/2025 5:18,home,Desktop,Germany,Email,122,0,0
session_2926,user_1013,3/19/2025 5:20,product_page,Desktop,Germany,Email,131,5,0
session_2927,user_1173,7/9/2025 18:08,home,Mobile,France,Direct,99,0,0
session_2927,user_1173,7/9/2025 18:10,product_page,Mobile,France,Direct,135,5,0
session_2928,user_1200,2/3/2025 17:26,home,Desktop,France,Email,69,0,0
session_2928,user_1200,2/3/2025 17:29,product_page,Desktop,France,Email,167,4,0
session_2929,user_2620,2/7/2025 8:30,home,Tablet,Canada,Google,144,0,0
session_2930,user_1360,7/10/2025 7:24,home,Desktop,France,Google,55,0,0
session_2930,user_1360,7/10/2025 7:26,product_page,Desktop,France,Google,108,0,0
session_2931,user_1980,7/14/2025 22:27,home,Desktop,UK,Google,133,0,0
session_2931,user_1980,7/14/2025 22:29,product_page,Desktop,UK,Google,126,0,0
session_2932,user_1577,8/6/2025 23:35,home,Tablet,Germany,Social Media,155,0,0
session_2932,user_1577,8/6/2025 23:36,product_page,Tablet,Germany,Social Media,57,0,0
session_2933,user_1795,4/3/2025 17:36,home,Tablet,USA,Google,93,0,0
session_2933,user_1795,4/3/2025 17:36,product_page,Tablet,USA,Google,22,4,0
session_2933,user_1795,4/3/2025 17:39,cart,Tablet,USA,Google,146,4,0
session_2933,user_1795,4/3/2025 17:40,checkout,Tablet,USA,Google,96,4,0
session_2934,user_1074,4/12/2025 9:36,home,Mobile,Australia,Social Media,19,0,1
session_2934,user_1074,4/12/2025 9:37,product_page,Mobile,Australia,Social Media,60,5,1
session_2934,user_1074,4/12/2025 9:38,cart,Mobile,Australia,Social Media,52,5,1
session_2934,user_1074,4/12/2025 9:40,checkout,Mobile,Australia,Social Media,141,5,1
session_2934,user_1074,4/12/2025 9:43,confirmation,Mobile,Australia,Social Media,165,0,1
session_2935,user_2357,5/16/2025 17:32,home,Desktop,Germany,Direct,51,0,0
session_2936,user_1271,4/6/2025 22:25,home,Tablet,France,Direct,163,0,0
session_2936,user_1271,4/6/2025 22:28,product_page,Tablet,France,Direct,163,5,0
session_2937,user_1685,3/1/2025 20:19,home,Mobile,UK,Direct,53,0,0
session_2937,user_1685,3/1/2025 20:19,product_page,Mobile,UK,Direct,43,4,0
session_2938,user_1241,5/9/2025 12:08,home,Desktop,Australia,Direct,116,0,0
session_2938,user_1241,5/9/2025 12:10,product_page,Desktop,Australia,Direct,122,0,0
session_2939,user_2300,8/5/2025 23:22,home,Tablet,UK,Social Media,21,0,1
session_2939,user_2300,8/5/2025 23:24,product_page,Tablet,UK,Social Media,101,3,1
session_2939,user_2300,8/5/2025 23:26,cart,Tablet,UK,Social Media,106,3,1
session_2939,user_2300,8/5/2025 23:28,checkout,Tablet,UK,Social Media,156,3,1
session_2939,user_2300,8/5/2025 23:30,confirmation,Tablet,UK,Social Media,98,0,1
session_2940,user_2660,6/15/2025 5:51,home,Tablet,France,Social Media,16,0,0
session_2940,user_2660,6/15/2025 5:53,product_page,Tablet,France,Social Media,81,0,0
session_2940,user_2660,6/15/2025 5:54,cart,Tablet,France,Social Media,104,3,0
session_2941,user_2265,1/26/2025 11:05,home,Desktop,USA,Social Media,102,0,0
session_2941,user_2265,1/26/2025 11:06,product_page,Desktop,USA,Social Media,50,0,0
session_2941,user_2265,1/26/2025 11:06,cart,Desktop,USA,Social Media,27,0,0
session_2941,user_2265,1/26/2025 11:09,checkout,Desktop,USA,Social Media,180,2,0
session_2942,user_2439,3/22/2025 10:09,home,Tablet,Australia,Direct,149,0,0
session_2943,user_1002,5/20/2025 7:01,home,Mobile,France,Email,25,0,0
session_2943,user_1002,5/20/2025 7:03,product_page,Mobile,France,Email,111,0,0
session_2944,user_1503,1/28/2025 17:38,home,Desktop,USA,Email,88,0,0
session_2944,user_1503,1/28/2025 17:40,product_page,Desktop,USA,Email,131,0,0
session_2945,user_2824,6/23/2025 7:29,home,Desktop,Canada,Direct,174,0,0
session_2946,user_2019,8/27/2025 15:17,home,Desktop,India,Email,55,0,0
session_2946,user_2019,8/27/2025 15:20,product_page,Desktop,India,Email,165,5,0
session_2947,user_1907,8/20/2025 20:31,home,Desktop,India,Email,178,0,1
session_2947,user_1907,8/20/2025 20:31,product_page,Desktop,India,Email,29,0,1
session_2947,user_1907,8/20/2025 20:32,cart,Desktop,India,Email,71,0,1
session_2947,user_1907,8/20/2025 20:34,checkout,Desktop,India,Email,77,1,1
session_2947,user_1907,8/20/2025 20:35,confirmation,Desktop,India,Email,77,0,1
session_2948,user_2053,1/29/2025 20:51,home,Desktop,UK,Direct,133,0,0
session_2948,user_2053,1/29/2025 20:53,product_page,Desktop,UK,Direct,114,3,0
session_2948,user_2053,1/29/2025 20:54,cart,Desktop,UK,Direct,72,3,0
session_2949,user_1024,1/26/2025 15:28,home,Mobile,Canada,Email,32,0,0
session_2949,user_1024,1/26/2025 15:30,product_page,Mobile,Canada,Email,118,3,0
session_2950,user_1609,6/12/2025 18:47,home,Tablet,Canada,Social Media,87,0,1
session_2950,user_1609,6/12/2025 18:48,product_page,Tablet,Canada,Social Media,63,5,1
session_2950,user_1609,6/12/2025 18:50,cart,Tablet,Canada,Social Media,131,5,1
session_2950,user_1609,6/12/2025 18:51,checkout,Tablet,Canada,Social Media,45,5,1
session_2950,user_1609,6/12/2025 18:52,confirmation,Tablet,Canada,Social Media,81,0,1
session_2951,user_2446,1/19/2025 6:34,home,Desktop,Canada,Direct,32,0,0
session_2951,user_2446,1/19/2025 6:35,product_page,Desktop,Canada,Direct,86,1,0
session_2951,user_2446,1/19/2025 6:36,cart,Desktop,Canada,Direct,78,1,0
session_2952,user_2154,1/14/2025 1:10,home,Tablet,USA,Google,139,0,0
session_2952,user_2154,1/14/2025 1:12,product_page,Tablet,USA,Google,145,3,0
session_2953,user_1312,3/16/2025 16:14,home,Tablet,Australia,Email,171,0,0
session_2953,user_1312,3/16/2025 16:14,product_page,Tablet,Australia,Email,47,5,0
session_2954,user_1673,1/10/2025 13:32,home,Desktop,France,Google,94,0,0
session_2954,user_1673,1/10/2025 13:33,product_page,Desktop,France,Google,64,4,0
session_2955,user_1093,2/24/2025 10:47,home,Tablet,UK,Social Media,139,0,0
session_2955,user_1093,2/24/2025 10:49,product_page,Tablet,UK,Social Media,159,4,0
session_2956,user_2866,7/25/2025 3:31,home,Desktop,UK,Social Media,53,0,1
session_2956,user_2866,7/25/2025 3:33,product_page,Desktop,UK,Social Media,107,0,1
session_2956,user_2866,7/25/2025 3:35,cart,Desktop,UK,Social Media,114,4,1
session_2956,user_2866,7/25/2025 3:35,checkout,Desktop,UK,Social Media,34,4,1
session_2956,user_2866,7/25/2025 3:37,confirmation,Desktop,UK,Social Media,96,0,1
session_2957,user_1606,8/20/2025 6:32,home,Mobile,Canada,Direct,172,0,1
session_2957,user_1606,8/20/2025 6:35,product_page,Mobile,Canada,Direct,139,3,1
session_2957,user_1606,8/20/2025 6:36,cart,Mobile,Canada,Direct,57,3,1
session_2957,user_1606,8/20/2025 6:38,checkout,Mobile,Canada,Direct,117,3,1
session_2957,user_1606,8/20/2025 6:39,confirmation,Mobile,Canada,Direct,89,0,1
session_2958,user_2218,7/4/2025 4:00,home,Mobile,Australia,Google,163,0,0
session_2959,user_1674,7/3/2025 7:00,home,Tablet,USA,Social Media,39,0,0
session_2959,user_1674,7/3/2025 7:03,product_page,Tablet,USA,Social Media,164,1,0
session_2960,user_1680,7/22/2025 2:25,home,Desktop,UK,Email,78,0,0
session_2960,user_1680,7/22/2025 2:27,product_page,Desktop,UK,Email,122,0,0
session_2961,user_2848,5/6/2025 19:54,home,Tablet,USA,Email,96,0,0
session_2962,user_2556,4/17/2025 4:29,home,Desktop,Canada,Email,21,0,0
session_2963,user_2556,7/17/2025 17:02,home,Tablet,UK,Email,25,0,1
session_2963,user_2556,7/17/2025 17:04,product_page,Tablet,UK,Email,154,0,1
session_2963,user_2556,7/17/2025 17:06,cart,Tablet,UK,Email,123,3,1
session_2963,user_2556,7/17/2025 17:08,checkout,Tablet,UK,Email,99,3,1
session_2963,user_2556,7/17/2025 17:09,confirmation,Tablet,UK,Email,79,0,1
session_2964,user_1580,1/9/2025 22:40,home,Mobile,India,Direct,159,0,1
session_2964,user_1580,1/9/2025 22:42,product_page,Mobile,India,Direct,87,0,1
session_2964,user_1580,1/9/2025 22:44,cart,Mobile,India,Direct,148,0,1
session_2964,user_1580,1/9/2025 22:47,checkout,Mobile,India,Direct,175,3,1
session_2964,user_1580,1/9/2025 22:47,confirmation,Mobile,India,Direct,26,0,1
session_2965,user_1802,3/2/2025 19:06,home,Desktop,Australia,Email,45,0,0
session_2965,user_1802,3/2/2025 19:07,product_page,Desktop,Australia,Email,76,0,0
session_2966,user_2473,1/22/2025 22:02,home,Mobile,USA,Email,73,0,0
session_2966,user_2473,1/22/2025 22:02,product_page,Mobile,USA,Email,23,5,0
session_2966,user_2473,1/22/2025 22:04,cart,Mobile,USA,Email,70,5,0
session_2967,user_1579,7/29/2025 4:21,home,Mobile,Canada,Google,82,0,0
session_2967,user_1579,7/29/2025 4:22,product_page,Mobile,Canada,Google,27,4,0
session_2968,user_1341,8/23/2025 19:29,home,Mobile,USA,Social Media,179,0,0
session_2968,user_1341,8/23/2025 19:30,product_page,Mobile,USA,Social Media,41,0,0
session_2969,user_2086,6/21/2025 15:58,home,Mobile,Australia,Direct,138,0,0
session_2969,user_2086,6/21/2025 15:59,product_page,Mobile,Australia,Direct,42,0,0
session_2970,user_1073,1/25/2025 11:17,home,Tablet,USA,Email,77,0,1
session_2970,user_1073,1/25/2025 11:18,product_page,Tablet,USA,Email,33,2,1
session_2970,user_1073,1/25/2025 11:21,cart,Tablet,USA,Email,169,2,1
session_2970,user_1073,1/25/2025 11:21,checkout,Tablet,USA,Email,16,2,1
session_2970,user_1073,1/25/2025 11:22,confirmation,Tablet,USA,Email,65,0,1
session_2971,user_1712,1/26/2025 12:38,home,Mobile,UK,Direct,107,0,0
session_2972,user_1742,6/11/2025 19:47,home,Tablet,UK,Direct,21,0,0
session_2972,user_1742,6/11/2025 19:48,product_page,Tablet,UK,Direct,38,5,0
session_2973,user_2770,2/9/2025 15:49,home,Desktop,USA,Google,112,0,0
session_2973,user_2770,2/9/2025 15:50,product_page,Desktop,USA,Google,60,0,0
session_2973,user_2770,2/9/2025 15:51,cart,Desktop,USA,Google,105,0,0
session_2974,user_1314,1/8/2025 12:35,home,Mobile,Australia,Direct,177,0,0
session_2974,user_1314,1/8/2025 12:37,product_page,Mobile,Australia,Direct,118,1,0
session_2975,user_2861,6/24/2025 10:04,home,Mobile,India,Email,51,0,0
session_2975,user_2861,6/24/2025 10:05,product_page,Mobile,India,Email,40,3,0
session_2976,user_1482,2/20/2025 1:55,home,Mobile,Canada,Google,149,0,0
session_2977,user_1498,5/28/2025 15:28,home,Desktop,Germany,Email,163,0,0
session_2977,user_1498,5/28/2025 15:30,product_page,Desktop,Germany,Email,100,5,0
session_2978,user_1203,5/31/2025 8:23,home,Desktop,Germany,Direct,149,0,0
session_2978,user_1203,5/31/2025 8:24,product_page,Desktop,Germany,Direct,71,5,0
session_2979,user_1006,3/10/2025 7:50,home,Mobile,Australia,Social Media,115,0,0
session_2979,user_1006,3/10/2025 7:51,product_page,Mobile,Australia,Social Media,89,0,0
session_2980,user_1892,4/12/2025 23:17,home,Desktop,France,Google,27,0,0
session_2980,user_1892,4/12/2025 23:20,product_page,Desktop,France,Google,174,5,0
session_2980,user_1892,4/12/2025 23:23,cart,Desktop,France,Google,143,5,0
session_2980,user_1892,4/12/2025 23:23,checkout,Desktop,France,Google,22,5,0
session_2981,user_1379,5/6/2025 2:19,home,Tablet,India,Google,148,0,0
session_2981,user_1379,5/6/2025 2:21,product_page,Tablet,India,Google,124,0,0
session_2982,user_2672,7/4/2025 20:44,home,Tablet,Australia,Email,18,0,0
session_2983,user_2407,4/6/2025 2:35,home,Mobile,India,Email,138,0,1
session_2983,user_2407,4/6/2025 2:36,product_page,Mobile,India,Email,43,4,1
session_2983,user_2407,4/6/2025 2:38,cart,Mobile,India,Email,114,4,1
session_2983,user_2407,4/6/2025 2:38,checkout,Mobile,India,Email,26,4,1
session_2983,user_2407,4/6/2025 2:39,confirmation,Mobile,India,Email,64,0,1
session_2984,user_2415,7/12/2025 9:14,home,Desktop,France,Email,148,0,0
session_2984,user_2415,7/12/2025 9:15,product_page,Desktop,France,Email,60,5,0
session_2985,user_1849,4/3/2025 22:48,home,Tablet,Canada,Social Media,94,0,1
session_2985,user_1849,4/3/2025 22:50,product_page,Tablet,Canada,Social Media,114,5,1
session_2985,user_1849,4/3/2025 22:53,cart,Tablet,Canada,Social Media,161,5,1
session_2985,user_1849,4/3/2025 22:54,checkout,Tablet,Canada,Social Media,91,5,1
session_2985,user_1849,4/3/2025 22:55,confirmation,Tablet,Canada,Social Media,69,0,1
session_2986,user_1130,4/16/2025 18:48,home,Mobile,USA,Google,63,0,0
session_2986,user_1130,4/16/2025 18:50,product_page,Mobile,USA,Google,104,0,0
session_2987,user_1981,1/18/2025 4:40,home,Mobile,UK,Email,98,0,0
session_2987,user_1981,1/18/2025 4:41,product_page,Mobile,UK,Email,100,0,0
session_2988,user_2323,8/29/2025 4:12,home,Tablet,India,Google,76,0,0
session_2988,user_2323,8/29/2025 4:14,product_page,Tablet,India,Google,123,2,0
session_2989,user_2219,4/21/2025 19:58,home,Tablet,Canada,Direct,154,0,0
session_2990,user_1087,7/30/2025 13:44,home,Desktop,India,Google,30,0,0
session_2990,user_1087,7/30/2025 13:46,product_page,Desktop,India,Google,126,0,0
session_2991,user_2020,4/23/2025 12:49,home,Desktop,UK,Direct,77,0,1
session_2991,user_2020,4/23/2025 12:51,product_page,Desktop,UK,Direct,119,3,1
session_2991,user_2020,4/23/2025 12:52,cart,Desktop,UK,Direct,90,3,1
session_2991,user_2020,4/23/2025 12:54,checkout,Desktop,UK,Direct,115,3,1
session_2991,user_2020,4/23/2025 12:56,confirmation,Desktop,UK,Direct,113,0,1
session_2992,user_1176,8/1/2025 3:42,home,Tablet,USA,Direct,141,0,0
session_2992,user_1176,8/1/2025 3:43,product_page,Tablet,USA,Direct,90,1,0
session_2993,user_1759,6/15/2025 10:04,home,Desktop,Germany,Google,169,0,0
session_2994,user_1479,3/25/2025 21:36,home,Desktop,Germany,Google,166,0,0
session_2995,user_1920,8/23/2025 0:09,home,Desktop,Canada,Direct,79,0,0
session_2995,user_1920,8/23/2025 0:10,product_page,Desktop,Canada,Direct,74,5,0
session_2995,user_1920,8/23/2025 0:11,cart,Desktop,Canada,Direct,26,5,0
session_2996,user_1393,2/1/2025 15:45,home,Tablet,USA,Google,64,0,0
session_2997,user_1563,3/20/2025 13:31,home,Mobile,France,Direct,101,0,0
session_2998,user_1342,6/19/2025 23:43,home,Desktop,UK,Social Media,40,0,0
session_2999,user_2507,4/20/2025 7:06,home,Mobile,Australia,Email,70,0,0
session_2999,user_2507,4/20/2025 7:08,product_page,Mobile,Australia,Email,77,4,0
session_3000,user_2658,2/1/2025 15:00,home,Mobile,Canada,Social Media,67,0,0
session_3001,user_1349,2/4/2025 8:54,home,Desktop,UK,Google,168,0,1
session_3001,user_1349,2/4/2025 8:56,product_page,Desktop,UK,Google,95,3,1
session_3001,user_1349,2/4/2025 8:58,cart,Desktop,UK,Google,151,3,1
session_3001,user_1349,2/4/2025 9:00,checkout,Desktop,UK,Google,94,3,1
session_3001,user_1349,2/4/2025 9:01,confirmation,Desktop,UK,Google,49,0,1
session_3002,user_1708,8/19/2025 12:25,home,Tablet,Canada,Google,74,0,0
session_3003,user_2466,8/16/2025 0:54,home,Mobile,UK,Email,86,0,0
session_3003,user_2466,8/16/2025 0:55,product_page,Mobile,UK,Email,60,0,0
session_3004,user_1131,7/1/2025 13:24,home,Tablet,Germany,Google,78,0,0
session_3004,user_1131,7/1/2025 13:25,product_page,Tablet,Germany,Google,54,0,0
session_3005,user_2747,8/20/2025 22:39,home,Desktop,Canada,Direct,30,0,0
session_3005,user_2747,8/20/2025 22:42,product_page,Desktop,Canada,Direct,165,0,0
session_3006,user_1285,5/9/2025 12:36,home,Tablet,India,Google,131,0,0
session_3006,user_1285,5/9/2025 12:39,product_page,Tablet,India,Google,176,5,0
session_3007,user_1060,7/21/2025 1:06,home,Desktop,UK,Google,33,0,1
session_3007,user_1060,7/21/2025 1:08,product_page,Desktop,UK,Google,102,1,1
session_3007,user_1060,7/21/2025 1:10,cart,Desktop,UK,Google,108,1,1
session_3007,user_1060,7/21/2025 1:11,checkout,Desktop,UK,Google,112,1,1
session_3007,user_1060,7/21/2025 1:14,confirmation,Desktop,UK,Google,155,0,1
session_3008,user_2574,4/14/2025 16:26,home,Tablet,UK,Social Media,117,0,0
session_3008,user_2574,4/14/2025 16:27,product_page,Tablet,UK,Social Media,66,5,0
session_3009,user_2534,2/10/2025 22:03,home,Tablet,India,Direct,17,0,1
session_3009,user_2534,2/10/2025 22:04,product_page,Tablet,India,Direct,44,1,1
session_3009,user_2534,2/10/2025 22:06,cart,Tablet,India,Direct,121,1,1
session_3009,user_2534,2/10/2025 22:06,checkout,Tablet,India,Direct,15,1,1
session_3009,user_2534,2/10/2025 22:07,confirmation,Tablet,India,Direct,37,0,1
session_3010,user_1387,6/28/2025 23:01,home,Desktop,France,Google,135,0,0
session_3010,user_1387,6/28/2025 23:01,product_page,Desktop,France,Google,29,4,0
session_3010,user_1387,6/28/2025 23:02,cart,Desktop,France,Google,45,4,0
session_3010,user_1387,6/28/2025 23:03,checkout,Desktop,France,Google,36,4,0
session_3011,user_2188,6/20/2025 3:35,home,Desktop,India,Direct,66,0,0
session_3012,user_1646,1/6/2025 3:09,home,Desktop,France,Direct,165,0,1
session_3012,user_1646,1/6/2025 3:11,product_page,Desktop,France,Direct,98,4,1
session_3012,user_1646,1/6/2025 3:13,cart,Desktop,France,Direct,117,4,1
session_3012,user_1646,1/6/2025 3:15,checkout,Desktop,France,Direct,133,4,1
session_3012,user_1646,1/6/2025 3:17,confirmation,Desktop,France,Direct,93,0,1
session_3013,user_2026,8/28/2025 16:15,home,Mobile,Germany,Direct,18,0,0
session_3013,user_2026,8/28/2025 16:17,product_page,Mobile,Germany,Direct,137,4,0
session_3014,user_1278,1/3/2025 15:41,home,Tablet,Germany,Email,94,0,0
session_3014,user_1278,1/3/2025 15:43,product_page,Tablet,Germany,Email,72,4,0
session_3015,user_2512,7/17/2025 20:13,home,Tablet,France,Email,122,0,1
session_3015,user_2512,7/17/2025 20:15,product_page,Tablet,France,Email,167,1,1
session_3015,user_2512,7/17/2025 20:16,cart,Tablet,France,Email,52,1,1
session_3015,user_2512,7/17/2025 20:18,checkout,Tablet,France,Email,104,1,1
session_3015,user_2512,7/17/2025 20:18,confirmation,Tablet,France,Email,16,0,1
session_3016,user_2696,1/18/2025 16:17,home,Tablet,Australia,Direct,163,0,0
session_3016,user_2696,1/18/2025 16:19,product_page,Tablet,Australia,Direct,149,1,0
session_3017,user_1023,7/20/2025 13:55,home,Mobile,USA,Social Media,130,0,0
session_3017,user_1023,7/20/2025 13:56,product_page,Mobile,USA,Social Media,54,0,0
session_3018,user_2747,1/8/2025 22:55,home,Desktop,France,Social Media,177,0,1
session_3018,user_2747,1/8/2025 22:55,product_page,Desktop,France,Social Media,24,2,1
session_3018,user_2747,1/8/2025 22:57,cart,Desktop,France,Social Media,106,2,1
session_3018,user_2747,1/8/2025 22:59,checkout,Desktop,France,Social Media,122,2,1
session_3018,user_2747,1/8/2025 23:02,confirmation,Desktop,France,Social Media,143,0,1
session_3019,user_1786,8/16/2025 6:58,home,Desktop,France,Email,110,0,1
session_3019,user_1786,8/16/2025 7:00,product_page,Desktop,France,Email,109,1,1
session_3019,user_1786,8/16/2025 7:00,cart,Desktop,France,Email,23,1,1
session_3019,user_1786,8/16/2025 7:03,checkout,Desktop,France,Email,136,1,1
session_3019,user_1786,8/16/2025 7:04,confirmation,Desktop,France,Email,60,0,1
session_3020,user_2579,8/16/2025 1:22,home,Tablet,UK,Google,115,0,0
session_3021,user_1863,4/28/2025 5:38,home,Tablet,Canada,Direct,22,0,0
session_3021,user_1863,4/28/2025 5:39,product_page,Tablet,Canada,Direct,86,5,0
session_3022,user_2067,3/27/2025 9:16,home,Desktop,France,Email,125,0,0
session_3022,user_2067,3/27/2025 9:17,product_page,Desktop,France,Email,99,2,0
session_3023,user_1383,7/22/2025 12:38,home,Desktop,UK,Social Media,135,0,0
session_3023,user_1383,7/22/2025 12:40,product_page,Desktop,UK,Social Media,82,0,0
session_3024,user_1280,2/12/2025 8:44,home,Mobile,Australia,Direct,58,0,0
session_3024,user_1280,2/12/2025 8:44,product_page,Mobile,Australia,Direct,40,4,0
session_3025,user_1479,8/25/2025 16:47,home,Desktop,France,Email,136,0,1
session_3025,user_1479,8/25/2025 16:48,product_page,Desktop,France,Email,64,1,1
session_3025,user_1479,8/25/2025 16:49,cart,Desktop,France,Email,83,1,1
session_3025,user_1479,8/25/2025 16:52,checkout,Desktop,France,Email,165,1,1
session_3025,user_1479,8/25/2025 16:53,confirmation,Desktop,France,Email,66,0,1
session_3026,user_1572,8/17/2025 23:41,home,Tablet,Germany,Email,158,0,1
session_3026,user_1572,8/17/2025 23:42,product_page,Tablet,Germany,Email,85,1,1
session_3026,user_1572,8/17/2025 23:43,cart,Tablet,Germany,Email,57,1,1
session_3026,user_1572,8/17/2025 23:43,checkout,Tablet,Germany,Email,27,1,1
session_3026,user_1572,8/17/2025 23:46,confirmation,Tablet,Germany,Email,154,0,1
session_3027,user_1163,7/1/2025 1:07,home,Desktop,Canada,Social Media,134,0,0
session_3027,user_1163,7/1/2025 1:07,product_page,Desktop,Canada,Social Media,54,0,0
session_3028,user_2948,5/27/2025 23:52,home,Desktop,USA,Google,37,0,0
session_3029,user_2048,4/12/2025 14:54,home,Desktop,USA,Email,134,0,0
session_3030,user_2543,3/16/2025 1:40,home,Desktop,UK,Social Media,135,0,1
session_3030,user_2543,3/16/2025 1:41,product_page,Desktop,UK,Social Media,52,0,1
session_3030,user_2543,3/16/2025 1:44,cart,Desktop,UK,Social Media,162,2,1
session_3030,user_2543,3/16/2025 1:45,checkout,Desktop,UK,Social Media,75,2,1
session_3030,user_2543,3/16/2025 1:47,confirmation,Desktop,UK,Social Media,77,0,1
session_3031,user_2485,2/15/2025 11:37,home,Mobile,UK,Social Media,159,0,0
session_3031,user_2485,2/15/2025 11:40,product_page,Mobile,UK,Social Media,180,5,0
session_3032,user_2750,8/13/2025 21:40,home,Desktop,India,Email,168,0,0
session_3033,user_1948,2/23/2025 21:19,home,Mobile,India,Email,178,0,0
session_3033,user_1948,2/23/2025 21:19,product_page,Mobile,India,Email,46,3,0
session_3034,user_2430,3/9/2025 22:58,home,Desktop,India,Google,149,0,0
session_3034,user_2430,3/9/2025 22:59,product_page,Desktop,India,Google,45,4,0
session_3035,user_1509,5/9/2025 8:17,home,Mobile,UK,Google,72,0,0
session_3035,user_1509,5/9/2025 8:18,product_page,Mobile,UK,Google,43,0,0
session_3036,user_2901,8/26/2025 13:50,home,Desktop,India,Social Media,106,0,0
session_3036,user_2901,8/26/2025 13:53,product_page,Desktop,India,Social Media,172,0,0
session_3037,user_2764,8/27/2025 19:42,home,Tablet,Canada,Email,19,0,0
session_3037,user_2764,8/27/2025 19:43,product_page,Tablet,Canada,Email,103,0,0
session_3038,user_1127,8/4/2025 7:46,home,Tablet,Australia,Email,98,0,0
session_3038,user_1127,8/4/2025 7:47,product_page,Tablet,Australia,Email,53,0,0
session_3038,user_1127,8/4/2025 7:50,cart,Tablet,Australia,Email,171,4,0
session_3038,user_1127,8/4/2025 7:53,checkout,Tablet,Australia,Email,176,4,0
session_3039,user_1856,2/19/2025 11:33,home,Mobile,USA,Social Media,176,0,0
session_3039,user_1856,2/19/2025 11:34,product_page,Mobile,USA,Social Media,86,1,0
session_3040,user_2229,2/15/2025 21:27,home,Mobile,Canada,Email,59,0,0
session_3041,user_1903,3/4/2025 15:52,home,Tablet,Canada,Email,44,0,0
session_3042,user_2604,1/8/2025 7:10,home,Mobile,USA,Social Media,59,0,1
session_3042,user_2604,1/8/2025 7:12,product_page,Mobile,USA,Social Media,133,3,1
session_3042,user_2604,1/8/2025 7:14,cart,Mobile,USA,Social Media,162,3,1
session_3042,user_2604,1/8/2025 7:17,checkout,Mobile,USA,Social Media,171,3,1
session_3042,user_2604,1/8/2025 7:19,confirmation,Mobile,USA,Social Media,102,0,1
session_3043,user_1088,4/10/2025 20:07,home,Mobile,Australia,Email,119,0,1
session_3043,user_1088,4/10/2025 20:08,product_page,Mobile,Australia,Email,82,5,1
session_3043,user_1088,4/10/2025 20:10,cart,Mobile,Australia,Email,104,5,1
session_3043,user_1088,4/10/2025 20:13,checkout,Mobile,Australia,Email,146,5,1
session_3043,user_1088,4/10/2025 20:15,confirmation,Mobile,Australia,Email,157,0,1
session_3044,user_2297,3/8/2025 18:06,home,Mobile,Australia,Email,174,0,0
session_3044,user_2297,3/8/2025 18:06,product_page,Mobile,Australia,Email,19,0,0
session_3045,user_2328,6/15/2025 0:14,home,Tablet,USA,Email,80,0,1
session_3045,user_2328,6/15/2025 0:16,product_page,Tablet,USA,Email,83,4,1
session_3045,user_2328,6/15/2025 0:18,cart,Tablet,USA,Email,140,4,1
session_3045,user_2328,6/15/2025 0:21,checkout,Tablet,USA,Email,166,4,1
session_3045,user_2328,6/15/2025 0:22,confirmation,Tablet,USA,Email,105,0,1
session_3046,user_2984,5/11/2025 0:49,home,Tablet,UK,Google,83,0,0
session_3046,user_2984,5/11/2025 0:50,product_page,Tablet,UK,Google,75,2,0
session_3047,user_2499,2/24/2025 0:03,home,Mobile,France,Direct,91,0,1
session_3047,user_2499,2/24/2025 0:04,product_page,Mobile,France,Direct,48,0,1
session_3047,user_2499,2/24/2025 0:07,cart,Mobile,France,Direct,171,5,1
session_3047,user_2499,2/24/2025 0:09,checkout,Mobile,France,Direct,101,5,1
session_3047,user_2499,2/24/2025 0:10,confirmation,Mobile,France,Direct,71,0,1
session_3048,user_1925,4/12/2025 10:14,home,Tablet,Germany,Social Media,113,0,0
session_3048,user_1925,4/12/2025 10:15,product_page,Tablet,Germany,Social Media,61,2,0
session_3049,user_1889,8/5/2025 20:54,home,Tablet,France,Social Media,24,0,0
session_3049,user_1889,8/5/2025 20:54,product_page,Tablet,France,Social Media,52,3,0
session_3050,user_2177,3/27/2025 18:27,home,Mobile,Canada,Direct,178,0,0
session_3050,user_2177,3/27/2025 18:29,product_page,Mobile,Canada,Direct,86,5,0
session_3051,user_1584,4/25/2025 12:45,home,Mobile,France,Social Media,76,0,0
session_3051,user_1584,4/25/2025 12:46,product_page,Mobile,France,Social Media,48,0,0
session_3052,user_1454,4/5/2025 8:07,home,Tablet,USA,Email,42,0,0
session_3052,user_1454,4/5/2025 8:08,product_page,Tablet,USA,Email,20,0,0
session_3053,user_2092,5/7/2025 2:00,home,Desktop,Australia,Email,156,0,1
session_3053,user_2092,5/7/2025 2:00,product_page,Desktop,Australia,Email,21,2,1
session_3053,user_2092,5/7/2025 2:01,cart,Desktop,Australia,Email,18,2,1
session_3053,user_2092,5/7/2025 2:02,checkout,Desktop,Australia,Email,89,2,1
session_3053,user_2092,5/7/2025 2:05,confirmation,Desktop,Australia,Email,150,0,1
session_3054,user_2287,3/20/2025 18:59,home,Desktop,Germany,Google,41,0,0
session_3055,user_2067,2/27/2025 18:31,home,Desktop,USA,Google,94,0,0
session_3055,user_2067,2/27/2025 18:32,product_page,Desktop,USA,Google,95,2,0
session_3056,user_2564,8/20/2025 0:41,home,Desktop,India,Direct,148,0,1
session_3056,user_2564,8/20/2025 0:44,product_page,Desktop,India,Direct,157,3,1
session_3056,user_2564,8/20/2025 0:46,cart,Desktop,India,Direct,130,3,1
session_3056,user_2564,8/20/2025 0:47,checkout,Desktop,India,Direct,69,3,1
session_3056,user_2564,8/20/2025 0:47,confirmation,Desktop,India,Direct,17,0,1
session_3057,user_1897,2/12/2025 3:06,home,Tablet,Germany,Email,96,0,0
session_3057,user_1897,2/12/2025 3:06,product_page,Tablet,Germany,Email,32,0,0
session_3058,user_2527,5/13/2025 11:40,home,Tablet,Canada,Direct,138,0,0
session_3058,user_2527,5/13/2025 11:43,product_page,Tablet,Canada,Direct,160,3,0
session_3059,user_2917,1/25/2025 5:55,home,Tablet,France,Social Media,172,0,0
session_3059,user_2917,1/25/2025 5:56,product_page,Tablet,France,Social Media,72,1,0
session_3060,user_1319,1/4/2025 11:04,home,Mobile,Canada,Social Media,85,0,0
session_3061,user_2127,3/25/2025 15:32,home,Tablet,UK,Google,111,0,0
session_3062,user_2707,2/11/2025 14:18,home,Mobile,Canada,Direct,160,0,0
session_3063,user_1799,3/10/2025 10:02,home,Mobile,UK,Email,53,0,0
session_3064,user_1606,1/19/2025 9:52,home,Mobile,UK,Email,91,0,0
session_3064,user_1606,1/19/2025 9:53,product_page,Mobile,UK,Email,20,0,0
session_3065,user_2089,7/31/2025 12:00,home,Desktop,USA,Google,160,0,0
session_3066,user_1721,8/26/2025 6:47,home,Mobile,Germany,Direct,165,0,0
session_3066,user_1721,8/26/2025 6:49,product_page,Mobile,Germany,Direct,173,0,0
session_3067,user_2310,7/2/2025 23:46,home,Desktop,India,Google,48,0,1
session_3067,user_2310,7/2/2025 23:49,product_page,Desktop,India,Google,180,4,1
session_3067,user_2310,7/2/2025 23:50,cart,Desktop,India,Google,41,4,1
session_3067,user_2310,7/2/2025 23:51,checkout,Desktop,India,Google,103,4,1
session_3067,user_2310,7/2/2025 23:52,confirmation,Desktop,India,Google,32,0,1
session_3068,user_1350,2/5/2025 1:39,home,Desktop,USA,Direct,117,0,0
session_3068,user_1350,2/5/2025 1:40,product_page,Desktop,USA,Direct,39,0,0
session_3068,user_1350,2/5/2025 1:40,cart,Desktop,USA,Direct,24,0,0
session_3069,user_1073,5/26/2025 13:06,home,Mobile,France,Google,49,0,1
session_3069,user_1073,5/26/2025 13:06,product_page,Mobile,France,Google,50,2,1
session_3069,user_1073,5/26/2025 13:08,cart,Mobile,France,Google,81,2,1
session_3069,user_1073,5/26/2025 13:10,checkout,Mobile,France,Google,149,2,1
session_3069,user_1073,5/26/2025 13:12,confirmation,Mobile,France,Google,75,0,1
session_3070,user_2872,4/7/2025 20:47,home,Desktop,France,Email,177,0,0
session_3070,user_2872,4/7/2025 20:48,product_page,Desktop,France,Email,48,5,0
session_3071,user_2640,8/30/2025 2:10,home,Mobile,India,Email,58,0,0
session_3071,user_2640,8/30/2025 2:12,product_page,Mobile,India,Email,139,0,0
session_3072,user_2124,4/14/2025 22:14,home,Desktop,France,Google,121,0,0
session_3073,user_1413,6/18/2025 23:02,home,Desktop,France,Email,32,0,0
session_3073,user_1413,6/18/2025 23:04,product_page,Desktop,France,Email,96,0,0
session_3074,user_2922,7/6/2025 9:54,home,Mobile,UK,Direct,87,0,0
session_3075,user_2657,1/25/2025 19:59,home,Mobile,India,Social Media,122,0,0
session_3075,user_2657,1/25/2025 20:00,product_page,Mobile,India,Social Media,66,0,0
session_3076,user_2342,6/16/2025 15:37,home,Tablet,Canada,Direct,77,0,1
session_3076,user_2342,6/16/2025 15:39,product_page,Tablet,Canada,Direct,130,4,1
session_3076,user_2342,6/16/2025 15:41,cart,Tablet,Canada,Direct,138,4,1
session_3076,user_2342,6/16/2025 15:42,checkout,Tablet,Canada,Direct,20,4,1
session_3076,user_2342,6/16/2025 15:44,confirmation,Tablet,Canada,Direct,135,0,1
session_3077,user_2818,6/6/2025 7:56,home,Tablet,India,Direct,91,0,0
session_3078,user_2859,2/5/2025 10:04,home,Desktop,France,Email,173,0,0
session_3078,user_2859,2/5/2025 10:04,product_page,Desktop,France,Email,20,2,0
session_3079,user_1630,1/13/2025 14:24,home,Desktop,India,Social Media,172,0,0
session_3079,user_1630,1/13/2025 14:25,product_page,Desktop,India,Social Media,113,4,0
session_3080,user_1209,3/18/2025 14:07,home,Tablet,Canada,Direct,140,0,0
session_3081,user_1007,6/24/2025 8:29,home,Desktop,Australia,Google,63,0,0
session_3081,user_1007,6/24/2025 8:30,product_page,Desktop,Australia,Google,79,4,0
session_3081,user_1007,6/24/2025 8:33,cart,Desktop,Australia,Google,167,4,0
session_3082,user_1131,3/27/2025 22:39,home,Desktop,India,Email,31,0,0
session_3083,user_1357,4/27/2025 5:32,home,Desktop,UK,Google,169,0,0
session_3083,user_1357,4/27/2025 5:34,product_page,Desktop,UK,Google,112,0,0
session_3083,user_1357,4/27/2025 5:36,cart,Desktop,UK,Google,121,1,0
session_3083,user_1357,4/27/2025 5:39,checkout,Desktop,UK,Google,166,1,0
session_3084,user_1025,6/30/2025 6:42,home,Mobile,Canada,Google,148,0,1
session_3084,user_1025,6/30/2025 6:45,product_page,Mobile,Canada,Google,130,1,1
session_3084,user_1025,6/30/2025 6:48,cart,Mobile,Canada,Google,180,1,1
session_3084,user_1025,6/30/2025 6:51,checkout,Mobile,Canada,Google,179,1,1
session_3084,user_1025,6/30/2025 6:51,confirmation,Mobile,Canada,Google,23,0,1
session_3085,user_2919,8/26/2025 22:36,home,Mobile,India,Google,37,0,0
session_3085,user_2919,8/26/2025 22:37,product_page,Mobile,India,Google,38,1,0
session_3086,user_1422,2/9/2025 15:47,home,Mobile,France,Google,34,0,0
session_3086,user_1422,2/9/2025 15:49,product_page,Mobile,France,Google,102,0,0
session_3087,user_2303,6/15/2025 5:59,home,Tablet,France,Email,110,0,0
session_3087,user_2303,6/15/2025 6:01,product_page,Tablet,France,Email,135,0,0
session_3088,user_2704,3/15/2025 20:32,home,Mobile,India,Email,132,0,0
session_3088,user_2704,3/15/2025 20:34,product_page,Mobile,India,Email,130,3,0
session_3089,user_1249,1/15/2025 3:11,home,Mobile,Australia,Direct,93,0,0
session_3089,user_1249,1/15/2025 3:11,product_page,Mobile,Australia,Direct,26,4,0
session_3089,user_1249,1/15/2025 3:12,cart,Mobile,Australia,Direct,63,4,0
session_3090,user_1167,7/13/2025 4:15,home,Desktop,Germany,Social Media,41,0,0
session_3091,user_1845,2/3/2025 5:21,home,Tablet,Australia,Direct,69,0,0
session_3091,user_1845,2/3/2025 5:22,product_page,Tablet,Australia,Direct,80,4,0
session_3092,user_2549,7/16/2025 1:20,home,Tablet,France,Direct,166,0,0
session_3093,user_2175,5/9/2025 2:34,home,Tablet,Canada,Social Media,170,0,0
session_3093,user_2175,5/9/2025 2:36,product_page,Tablet,Canada,Social Media,165,0,0
session_3093,user_2175,5/9/2025 2:37,cart,Tablet,Canada,Social Media,24,1,0
session_3094,user_1763,2/8/2025 18:44,home,Tablet,France,Social Media,161,0,0
session_3094,user_1763,2/8/2025 18:45,product_page,Tablet,France,Social Media,103,0,0
session_3094,user_1763,2/8/2025 18:46,cart,Tablet,France,Social Media,23,4,0
session_3095,user_2362,6/23/2025 5:21,home,Desktop,USA,Google,58,0,0
session_3095,user_2362,6/23/2025 5:23,product_page,Desktop,USA,Google,92,5,0
session_3096,user_2317,2/20/2025 1:44,home,Mobile,France,Google,50,0,0
session_3096,user_2317,2/20/2025 1:46,product_page,Mobile,France,Google,157,0,0
session_3097,user_2210,5/28/2025 18:20,home,Tablet,Germany,Social Media,105,0,0
session_3097,user_2210,5/28/2025 18:22,product_page,Tablet,Germany,Social Media,100,5,0
session_3098,user_2188,6/20/2025 16:18,home,Tablet,India,Direct,102,0,0
session_3098,user_2188,6/20/2025 16:20,product_page,Tablet,India,Direct,148,3,0
session_3098,user_2188,6/20/2025 16:21,cart,Tablet,India,Direct,23,3,0
session_3099,user_2526,1/22/2025 1:07,home,Desktop,France,Direct,84,0,0
session_3099,user_2526,1/22/2025 1:10,product_page,Desktop,France,Direct,155,0,0
session_3099,user_2526,1/22/2025 1:13,cart,Desktop,France,Direct,170,0,0
session_3100,user_2734,6/13/2025 6:34,home,Mobile,Australia,Google,170,0,1
session_3100,user_2734,6/13/2025 6:37,product_page,Mobile,Australia,Google,178,1,1
session_3100,user_2734,6/13/2025 6:38,cart,Mobile,Australia,Google,71,1,1
session_3100,user_2734,6/13/2025 6:38,checkout,Mobile,Australia,Google,43,1,1
session_3100,user_2734,6/13/2025 6:41,confirmation,Mobile,Australia,Google,154,0,1
session_3101,user_2786,3/7/2025 23:55,home,Tablet,Canada,Direct,51,0,0
session_3102,user_1950,7/26/2025 12:32,home,Desktop,Australia,Social Media,138,0,0
session_3103,user_2690,8/23/2025 15:31,home,Desktop,UK,Direct,15,0,1
session_3103,user_2690,8/23/2025 15:33,product_page,Desktop,UK,Direct,105,0,1
session_3103,user_2690,8/23/2025 15:36,cart,Desktop,UK,Direct,164,0,1
session_3103,user_2690,8/23/2025 15:38,checkout,Desktop,UK,Direct,111,2,1
session_3103,user_2690,8/23/2025 15:39,confirmation,Desktop,UK,Direct,58,0,1
session_3104,user_1904,3/4/2025 23:10,home,Tablet,Australia,Google,108,0,0
session_3104,user_1904,3/4/2025 23:12,product_page,Tablet,Australia,Google,121,2,0
session_3105,user_1743,6/5/2025 10:03,home,Tablet,Australia,Direct,91,0,1
session_3105,user_1743,6/5/2025 10:04,product_page,Tablet,Australia,Direct,69,0,1
session_3105,user_1743,6/5/2025 10:06,cart,Tablet,Australia,Direct,94,0,1
session_3105,user_1743,6/5/2025 10:06,checkout,Tablet,Australia,Direct,31,2,1
session_3105,user_1743,6/5/2025 10:09,confirmation,Tablet,Australia,Direct,165,0,1
session_3106,user_2046,3/24/2025 4:53,home,Mobile,Australia,Email,27,0,0
session_3106,user_2046,3/24/2025 4:56,product_page,Mobile,Australia,Email,174,5,0
session_3107,user_1088,7/28/2025 3:05,home,Desktop,India,Direct,143,0,0
session_3108,user_1861,1/22/2025 9:52,home,Mobile,Australia,Google,15,0,0
session_3108,user_1861,1/22/2025 9:55,product_page,Mobile,Australia,Google,149,0,0
session_3109,user_1329,8/28/2025 20:55,home,Tablet,Australia,Direct,25,0,1
session_3109,user_1329,8/28/2025 20:56,product_page,Tablet,Australia,Direct,59,3,1
session_3109,user_1329,8/28/2025 20:58,cart,Tablet,Australia,Direct,124,3,1
session_3109,user_1329,8/28/2025 21:00,checkout,Tablet,Australia,Direct,113,3,1
session_3109,user_1329,8/28/2025 21:01,confirmation,Tablet,Australia,Direct,57,0,1
session_3110,user_2318,1/4/2025 1:54,home,Tablet,France,Google,48,0,0
session_3110,user_2318,1/4/2025 1:55,product_page,Tablet,France,Google,36,0,0
session_3111,user_1923,1/30/2025 22:15,home,Desktop,France,Direct,30,0,0
session_3111,user_1923,1/30/2025 22:16,product_page,Desktop,France,Direct,54,0,0
session_3112,user_1675,4/4/2025 3:31,home,Mobile,Canada,Google,35,0,0
session_3112,user_1675,4/4/2025 3:34,product_page,Mobile,Canada,Google,150,0,0
session_3113,user_1722,3/16/2025 13:10,home,Desktop,India,Google,61,0,1
session_3113,user_1722,3/16/2025 13:13,product_page,Desktop,India,Google,177,0,1
session_3113,user_1722,3/16/2025 13:14,cart,Desktop,India,Google,45,5,1
session_3113,user_1722,3/16/2025 13:16,checkout,Desktop,India,Google,144,5,1
session_3113,user_1722,3/16/2025 13:17,confirmation,Desktop,India,Google,15,0,1
session_3114,user_1079,2/6/2025 21:03,home,Tablet,France,Social Media,63,0,0
session_3114,user_1079,2/6/2025 21:05,product_page,Tablet,France,Social Media,84,2,0
session_3114,user_1079,2/6/2025 21:07,cart,Tablet,France,Social Media,133,2,0
session_3114,user_1079,2/6/2025 21:07,checkout,Tablet,France,Social Media,31,2,0
session_3115,user_1542,1/14/2025 10:40,home,Mobile,USA,Google,81,0,0
session_3116,user_2717,4/10/2025 19:55,home,Tablet,Germany,Social Media,115,0,0
session_3116,user_2717,4/10/2025 19:56,product_page,Tablet,Germany,Social Media,58,2,0
session_3116,user_2717,4/10/2025 19:57,cart,Tablet,Germany,Social Media,36,2,0
session_3117,user_2157,5/23/2025 20:34,home,Mobile,India,Direct,116,0,1
session_3117,user_2157,5/23/2025 20:36,product_page,Mobile,India,Direct,176,5,1
session_3117,user_2157,5/23/2025 20:38,cart,Mobile,India,Direct,93,5,1
session_3117,user_2157,5/23/2025 20:40,checkout,Mobile,India,Direct,119,5,1
session_3117,user_2157,5/23/2025 20:43,confirmation,Mobile,India,Direct,170,0,1
session_3118,user_1131,7/2/2025 21:41,home,Tablet,India,Email,115,0,0
session_3119,user_1285,5/6/2025 14:38,home,Desktop,France,Google,174,0,0
session_3119,user_1285,5/6/2025 14:39,product_page,Desktop,France,Google,59,2,0
session_3120,user_1615,7/2/2025 2:47,home,Mobile,Australia,Google,133,0,0
session_3120,user_1615,7/2/2025 2:48,product_page,Mobile,Australia,Google,57,0,0
session_3121,user_2174,8/4/2025 8:01,home,Desktop,Germany,Email,102,0,0
session_3122,user_2378,8/11/2025 3:18,home,Mobile,UK,Direct,18,0,0
session_3122,user_2378,8/11/2025 3:20,product_page,Mobile,UK,Direct,140,0,0
session_3123,user_1636,2/14/2025 8:07,home,Mobile,UK,Social Media,94,0,0
session_3123,user_1636,2/14/2025 8:07,product_page,Mobile,UK,Social Media,35,1,0
session_3124,user_2926,8/21/2025 12:00,home,Tablet,UK,Social Media,152,0,1
session_3124,user_2926,8/21/2025 12:01,product_page,Tablet,UK,Social Media,59,4,1
session_3124,user_2926,8/21/2025 12:04,cart,Tablet,UK,Social Media,155,4,1
session_3124,user_2926,8/21/2025 12:05,checkout,Tablet,UK,Social Media,106,4,1
session_3124,user_2926,8/21/2025 12:06,confirmation,Tablet,UK,Social Media,15,0,1
session_3125,user_2491,7/3/2025 8:56,home,Tablet,Canada,Direct,34,0,0
session_3125,user_2491,7/3/2025 8:59,product_page,Tablet,Canada,Direct,162,4,0
session_3126,user_2445,2/25/2025 6:56,home,Desktop,Australia,Social Media,65,0,1
session_3126,user_2445,2/25/2025 6:58,product_page,Desktop,Australia,Social Media,130,0,1
session_3126,user_2445,2/25/2025 6:59,cart,Desktop,Australia,Social Media,73,0,1
session_3126,user_2445,2/25/2025 7:01,checkout,Desktop,Australia,Social Media,72,3,1
session_3126,user_2445,2/25/2025 7:02,confirmation,Desktop,Australia,Social Media,114,0,1
session_3127,user_2764,4/20/2025 1:34,home,Tablet,Australia,Email,106,0,1
session_3127,user_2764,4/20/2025 1:34,product_page,Tablet,Australia,Email,28,1,1
session_3127,user_2764,4/20/2025 1:37,cart,Tablet,Australia,Email,163,1,1
session_3127,user_2764,4/20/2025 1:38,checkout,Tablet,Australia,Email,52,1,1
session_3127,user_2764,4/20/2025 1:40,confirmation,Tablet,Australia,Email,169,0,1
session_3128,user_2728,8/30/2025 5:26,home,Tablet,Germany,Social Media,88,0,0
session_3128,user_2728,8/30/2025 5:29,product_page,Tablet,Germany,Social Media,178,5,0
session_3129,user_1011,3/15/2025 5:18,home,Tablet,UK,Google,44,0,0
session_3129,user_1011,3/15/2025 5:19,product_page,Tablet,UK,Google,83,0,0
session_3129,user_1011,3/15/2025 5:19,cart,Tablet,UK,Google,17,1,0
session_3130,user_1120,1/19/2025 18:21,home,Desktop,France,Email,125,0,0
session_3130,user_1120,1/19/2025 18:24,product_page,Desktop,France,Email,170,5,0
session_3131,user_2466,7/5/2025 13:46,home,Desktop,France,Google,153,0,1
session_3131,user_2466,7/5/2025 13:47,product_page,Desktop,France,Google,36,5,1
session_3131,user_2466,7/5/2025 13:50,cart,Desktop,France,Google,154,5,1
session_3131,user_2466,7/5/2025 13:50,checkout,Desktop,France,Google,22,5,1
session_3131,user_2466,7/5/2025 13:53,confirmation,Desktop,France,Google,168,0,1
session_3132,user_2229,1/2/2025 5:55,home,Tablet,Australia,Direct,131,0,0
session_3132,user_2229,1/2/2025 5:57,product_page,Tablet,Australia,Direct,148,0,0
session_3133,user_2959,5/31/2025 15:03,home,Tablet,Germany,Email,39,0,1
session_3133,user_2959,5/31/2025 15:03,product_page,Tablet,Germany,Email,48,5,1
session_3133,user_2959,5/31/2025 15:05,cart,Tablet,Germany,Email,102,5,1
session_3133,user_2959,5/31/2025 15:05,checkout,Tablet,Germany,Email,27,5,1
session_3133,user_2959,5/31/2025 15:07,confirmation,Tablet,Germany,Email,92,0,1
session_3134,user_1870,3/4/2025 14:56,home,Tablet,Canada,Direct,125,0,0
session_3134,user_1870,3/4/2025 14:57,product_page,Tablet,Canada,Direct,45,2,0
session_3135,user_2796,7/30/2025 12:45,home,Tablet,Canada,Social Media,75,0,0
session_3135,user_2796,7/30/2025 12:46,product_page,Tablet,Canada,Social Media,55,3,0
session_3135,user_2796,7/30/2025 12:48,cart,Tablet,Canada,Social Media,90,3,0
session_3135,user_2796,7/30/2025 12:49,checkout,Tablet,Canada,Social Media,58,3,0
session_3136,user_2145,5/25/2025 18:18,home,Tablet,UK,Email,115,0,0
session_3137,user_1630,3/1/2025 3:22,home,Desktop,Canada,Social Media,70,0,0
session_3137,user_1630,3/1/2025 3:22,product_page,Desktop,Canada,Social Media,40,3,0
session_3138,user_1715,1/27/2025 13:05,home,Tablet,USA,Direct,24,0,0
session_3139,user_2525,6/3/2025 16:12,home,Desktop,India,Social Media,53,0,0
session_3140,user_2203,3/2/2025 18:08,home,Mobile,UK,Google,131,0,0
session_3140,user_2203,3/2/2025 18:09,product_page,Mobile,UK,Google,93,2,0
session_3140,user_2203,3/2/2025 18:11,cart,Mobile,UK,Google,115,2,0
session_3141,user_2511,4/17/2025 6:01,home,Desktop,Canada,Google,75,0,0
session_3141,user_2511,4/17/2025 6:02,product_page,Desktop,Canada,Google,51,0,0
session_3142,user_1654,7/8/2025 23:29,home,Tablet,Canada,Google,160,0,0
session_3142,user_1654,7/8/2025 23:32,product_page,Tablet,Canada,Google,149,5,0
session_3143,user_1595,7/27/2025 14:32,home,Mobile,France,Direct,95,0,0
session_3143,user_1595,7/27/2025 14:34,product_page,Mobile,France,Direct,160,5,0
session_3143,user_1595,7/27/2025 14:36,cart,Mobile,France,Direct,122,5,0
session_3144,user_2103,7/26/2025 18:42,home,Desktop,France,Email,92,0,1
session_3144,user_2103,7/26/2025 18:44,product_page,Desktop,France,Email,125,3,1
session_3144,user_2103,7/26/2025 18:45,cart,Desktop,France,Email,73,3,1
session_3144,user_2103,7/26/2025 18:47,checkout,Desktop,France,Email,100,3,1
session_3144,user_2103,7/26/2025 18:50,confirmation,Desktop,France,Email,179,0,1
session_3145,user_1471,7/20/2025 18:52,home,Mobile,France,Google,125,0,0
session_3145,user_1471,7/20/2025 18:53,product_page,Mobile,France,Google,54,0,0
session_3145,user_1471,7/20/2025 18:54,cart,Mobile,France,Google,71,4,0
session_3146,user_1008,3/28/2025 1:42,home,Mobile,Canada,Social Media,30,0,1
session_3146,user_1008,3/28/2025 1:43,product_page,Mobile,Canada,Social Media,57,4,1
session_3146,user_1008,3/28/2025 1:44,cart,Mobile,Canada,Social Media,69,4,1
session_3146,user_1008,3/28/2025 1:47,checkout,Mobile,Canada,Social Media,144,4,1
session_3146,user_1008,3/28/2025 1:49,confirmation,Mobile,Canada,Social Media,114,0,1
session_3147,user_1864,1/4/2025 15:05,home,Mobile,Canada,Direct,53,0,0
session_3147,user_1864,1/4/2025 15:08,product_page,Mobile,Canada,Direct,155,1,0
session_3148,user_1660,8/28/2025 6:37,home,Tablet,UK,Social Media,180,0,1
session_3148,user_1660,8/28/2025 6:38,product_page,Tablet,UK,Social Media,78,2,1
session_3148,user_1660,8/28/2025 6:39,cart,Tablet,UK,Social Media,58,2,1
session_3148,user_1660,8/28/2025 6:42,checkout,Tablet,UK,Social Media,176,2,1
session_3148,user_1660,8/28/2025 6:43,confirmation,Tablet,UK,Social Media,53,0,1
session_3149,user_1226,3/21/2025 3:08,home,Tablet,UK,Direct,34,0,1
session_3149,user_1226,3/21/2025 3:08,product_page,Tablet,UK,Direct,28,5,1
session_3149,user_1226,3/21/2025 3:09,cart,Tablet,UK,Direct,36,5,1
session_3149,user_1226,3/21/2025 3:10,checkout,Tablet,UK,Direct,54,5,1
session_3149,user_1226,3/21/2025 3:12,confirmation,Tablet,UK,Direct,137,0,1
session_3150,user_2572,5/20/2025 10:06,home,Desktop,Australia,Email,73,0,0
session_3151,user_2460,7/13/2025 9:23,home,Tablet,Germany,Email,83,0,0
session_3152,user_2368,3/15/2025 9:55,home,Tablet,Germany,Social Media,85,0,0
session_3152,user_2368,3/15/2025 9:58,product_page,Tablet,Germany,Social Media,180,1,0
session_3153,user_2010,2/8/2025 21:43,home,Mobile,UK,Google,122,0,0
session_3154,user_2202,8/1/2025 2:23,home,Desktop,Australia,Direct,140,0,0
session_3154,user_2202,8/1/2025 2:25,product_page,Desktop,Australia,Direct,141,2,0
session_3155,user_2118,1/20/2025 3:20,home,Tablet,India,Direct,120,0,0
session_3155,user_2118,1/20/2025 3:20,product_page,Tablet,India,Direct,20,0,0
session_3156,user_1450,2/25/2025 10:07,home,Desktop,Canada,Social Media,115,0,0
session_3157,user_2012,1/1/2025 0:25,home,Mobile,Canada,Google,23,0,0
session_3157,user_2012,1/1/2025 0:26,product_page,Mobile,Canada,Google,101,5,0
session_3157,user_2012,1/1/2025 0:29,cart,Mobile,Canada,Google,154,5,0
session_3158,user_1066,7/8/2025 16:54,home,Desktop,UK,Email,22,0,0
session_3159,user_1057,6/15/2025 21:05,home,Tablet,UK,Direct,27,0,0
session_3159,user_1057,6/15/2025 21:06,product_page,Tablet,UK,Direct,85,3,0
session_3159,user_1057,6/15/2025 21:07,cart,Tablet,UK,Direct,25,3,0
session_3160,user_1230,3/9/2025 11:00,home,Mobile,India,Google,18,0,0
session_3161,user_2386,7/6/2025 8:06,home,Mobile,Australia,Direct,105,0,0
session_3162,user_2556,8/23/2025 21:10,home,Mobile,Canada,Google,76,0,0
session_3162,user_2556,8/23/2025 21:12,product_page,Mobile,Canada,Google,123,4,0
session_3163,user_1642,6/10/2025 4:48,home,Desktop,Canada,Email,16,0,0
session_3164,user_2864,5/13/2025 9:56,home,Desktop,Canada,Email,149,0,0
session_3164,user_2864,5/13/2025 9:58,product_page,Desktop,Canada,Email,113,3,0
session_3165,user_2148,3/19/2025 17:58,home,Mobile,Canada,Direct,98,0,0
session_3165,user_2148,3/19/2025 18:01,product_page,Mobile,Canada,Direct,167,0,0
session_3166,user_1927,3/9/2025 5:32,home,Desktop,France,Social Media,53,0,0
session_3167,user_2106,3/25/2025 22:40,home,Mobile,France,Email,125,0,1
session_3167,user_2106,3/25/2025 22:42,product_page,Mobile,France,Email,112,5,1
session_3167,user_2106,3/25/2025 22:44,cart,Mobile,France,Email,117,5,1
session_3167,user_2106,3/25/2025 22:46,checkout,Mobile,France,Email,129,5,1
session_3167,user_2106,3/25/2025 22:47,confirmation,Mobile,France,Email,99,0,1
session_3168,user_2504,7/24/2025 22:12,home,Desktop,Germany,Email,36,0,0
session_3168,user_2504,7/24/2025 22:15,product_page,Desktop,Germany,Email,168,0,0
session_3169,user_1216,7/11/2025 16:38,home,Tablet,UK,Google,158,0,0
session_3169,user_1216,7/11/2025 16:40,product_page,Tablet,UK,Google,95,0,0
session_3170,user_1611,8/1/2025 3:05,home,Mobile,India,Direct,149,0,1
session_3170,user_1611,8/1/2025 3:06,product_page,Mobile,India,Direct,58,0,1
session_3170,user_1611,8/1/2025 3:08,cart,Mobile,India,Direct,84,3,1
session_3170,user_1611,8/1/2025 3:08,checkout,Mobile,India,Direct,42,3,1
session_3170,user_1611,8/1/2025 3:09,confirmation,Mobile,India,Direct,33,0,1
session_3171,user_2994,6/8/2025 7:19,home,Mobile,India,Google,36,0,0
session_3171,user_2994,6/8/2025 7:22,product_page,Mobile,India,Google,172,4,0
session_3171,user_2994,6/8/2025 7:24,cart,Mobile,India,Google,93,4,0
session_3172,user_1491,1/17/2025 21:49,home,Desktop,France,Direct,98,0,0
session_3172,user_1491,1/17/2025 21:52,product_page,Desktop,France,Direct,155,0,0
session_3173,user_2920,4/11/2025 14:21,home,Mobile,Germany,Direct,15,0,0
session_3173,user_2920,4/11/2025 14:23,product_page,Mobile,Germany,Direct,131,0,0
session_3174,user_2918,8/31/2025 0:18,home,Tablet,USA,Social Media,43,0,0
session_3174,user_2918,8/31/2025 0:19,product_page,Tablet,USA,Social Media,99,0,0
session_3175,user_1341,8/27/2025 19:00,home,Desktop,USA,Email,144,0,0
session_3175,user_1341,8/27/2025 19:01,product_page,Desktop,USA,Email,104,5,0
session_3176,user_1874,6/30/2025 22:44,home,Mobile,Germany,Google,78,0,0
session_3177,user_2867,2/25/2025 23:06,home,Mobile,France,Google,111,0,1
session_3177,user_2867,2/25/2025 23:08,product_page,Mobile,France,Google,153,2,1
session_3177,user_2867,2/25/2025 23:11,cart,Mobile,France,Google,132,2,1
session_3177,user_2867,2/25/2025 23:14,checkout,Mobile,France,Google,175,2,1
session_3177,user_2867,2/25/2025 23:16,confirmation,Mobile,France,Google,141,0,1
session_3178,user_1400,4/27/2025 6:29,home,Desktop,Canada,Direct,109,0,0
session_3179,user_1782,1/3/2025 21:48,home,Desktop,UK,Social Media,32,0,1
session_3179,user_1782,1/3/2025 21:51,product_page,Desktop,UK,Social Media,135,0,1
session_3179,user_1782,1/3/2025 21:52,cart,Desktop,UK,Social Media,57,0,1
session_3179,user_1782,1/3/2025 21:54,checkout,Desktop,UK,Social Media,129,2,1
session_3179,user_1782,1/3/2025 21:56,confirmation,Desktop,UK,Social Media,129,0,1
session_3180,user_2603,4/20/2025 22:42,home,Mobile,France,Email,48,0,0
session_3180,user_2603,4/20/2025 22:44,product_page,Mobile,France,Email,146,4,0
session_3181,user_2124,5/12/2025 22:26,home,Tablet,India,Email,59,0,0
session_3181,user_2124,5/12/2025 22:28,product_page,Tablet,India,Email,90,0,0
session_3182,user_1383,4/8/2025 20:08,home,Desktop,UK,Social Media,84,0,0
session_3183,user_2412,8/20/2025 15:05,home,Tablet,India,Google,84,0,0
session_3184,user_1438,7/12/2025 23:34,home,Mobile,Germany,Social Media,170,0,0
session_3185,user_1770,5/31/2025 16:09,home,Desktop,India,Social Media,99,0,0
session_3185,user_1770,5/31/2025 16:10,product_page,Desktop,India,Social Media,99,3,0
session_3186,user_1078,6/2/2025 5:58,home,Mobile,India,Direct,36,0,0
session_3186,user_1078,6/2/2025 6:00,product_page,Mobile,India,Direct,97,0,0
session_3187,user_1791,6/24/2025 10:17,home,Desktop,UK,Google,66,0,0
session_3188,user_2554,6/22/2025 13:49,home,Tablet,USA,Google,171,0,0
session_3188,user_2554,6/22/2025 13:51,product_page,Tablet,USA,Google,119,5,0
session_3189,user_2677,1/11/2025 14:45,home,Tablet,Canada,Google,43,0,0
session_3189,user_2677,1/11/2025 14:48,product_page,Tablet,Canada,Google,157,5,0
session_3189,user_2677,1/11/2025 14:49,cart,Tablet,Canada,Google,60,5,0
session_3190,user_2311,7/12/2025 23:01,home,Mobile,Canada,Email,115,0,1
session_3190,user_2311,7/12/2025 23:03,product_page,Mobile,Canada,Email,123,3,1
session_3190,user_2311,7/12/2025 23:06,cart,Mobile,Canada,Email,153,3,1
session_3190,user_2311,7/12/2025 23:07,checkout,Mobile,Canada,Email,81,3,1
session_3190,user_2311,7/12/2025 23:08,confirmation,Mobile,Canada,Email,17,0,1
session_3191,user_2881,5/8/2025 2:45,home,Mobile,Germany,Direct,60,0,0
session_3191,user_2881,5/8/2025 2:46,product_page,Mobile,Germany,Direct,58,5,0
session_3192,user_1726,5/20/2025 12:49,home,Desktop,India,Email,55,0,0
session_3192,user_1726,5/20/2025 12:51,product_page,Desktop,India,Email,141,3,0
session_3193,user_2343,6/3/2025 4:09,home,Mobile,UK,Email,109,0,0
session_3194,user_1355,8/8/2025 19:13,home,Desktop,USA,Direct,25,0,0
session_3194,user_1355,8/8/2025 19:15,product_page,Desktop,USA,Direct,137,0,0
session_3195,user_2633,4/13/2025 14:47,home,Mobile,Canada,Google,141,0,0
session_3196,user_2641,2/1/2025 6:46,home,Desktop,UK,Google,135,0,0
session_3196,user_2641,2/1/2025 6:49,product_page,Desktop,UK,Google,136,0,0
session_3197,user_2705,1/16/2025 1:47,home,Tablet,Canada,Social Media,165,0,0
session_3197,user_2705,1/16/2025 1:48,product_page,Tablet,Canada,Social Media,61,0,0
session_3197,user_2705,1/16/2025 1:51,cart,Tablet,Canada,Social Media,162,4,0
session_3198,user_1328,8/31/2025 23:25,home,Mobile,Australia,Email,116,0,0
session_3198,user_1328,8/31/2025 23:26,product_page,Mobile,Australia,Email,72,0,0
session_3198,user_1328,8/31/2025 23:28,cart,Mobile,Australia,Email,80,0,0
session_3199,user_1226,2/7/2025 3:02,home,Tablet,UK,Email,39,0,0
session_3200,user_2980,2/11/2025 0:12,home,Mobile,Australia,Email,23,0,0
session_3200,user_2980,2/11/2025 0:14,product_page,Mobile,Australia,Email,100,0,0
session_3200,user_2980,2/11/2025 0:17,cart,Mobile,Australia,Email,172,0,0
session_3201,user_2813,3/8/2025 14:47,home,Desktop,Germany,Direct,22,0,0
session_3201,user_2813,3/8/2025 14:49,product_page,Desktop,Germany,Direct,126,1,0
session_3202,user_2658,4/9/2025 21:02,home,Tablet,UK,Social Media,15,0,0
session_3202,user_2658,4/9/2025 21:03,product_page,Tablet,UK,Social Media,83,3,0
session_3203,user_2275,3/6/2025 20:39,home,Mobile,India,Google,176,0,0
session_3204,user_2561,5/1/2025 20:18,home,Tablet,France,Google,171,0,0
session_3204,user_2561,5/1/2025 20:19,product_page,Tablet,France,Google,41,0,0
session_3204,user_2561,5/1/2025 20:20,cart,Tablet,France,Google,63,0,0
session_3205,user_2690,1/3/2025 3:54,home,Tablet,France,Email,165,0,1
session_3205,user_2690,1/3/2025 3:56,product_page,Tablet,France,Email,131,3,1
session_3205,user_2690,1/3/2025 3:58,cart,Tablet,France,Email,104,3,1
session_3205,user_2690,1/3/2025 3:59,checkout,Tablet,France,Email,68,3,1
session_3205,user_2690,1/3/2025 4:00,confirmation,Tablet,France,Email,49,0,1
session_3206,user_1315,8/31/2025 9:50,home,Mobile,Australia,Email,133,0,0
session_3206,user_1315,8/31/2025 9:50,product_page,Mobile,Australia,Email,53,5,0
session_3207,user_1923,5/7/2025 19:36,home,Tablet,France,Social Media,20,0,0
session_3208,user_2923,1/3/2025 18:13,home,Desktop,India,Direct,67,0,0
session_3208,user_2923,1/3/2025 18:13,product_page,Desktop,India,Direct,20,0,0
session_3208,user_2923,1/3/2025 18:15,cart,Desktop,India,Direct,100,3,0
session_3209,user_1458,7/4/2025 21:09,home,Mobile,UK,Email,128,0,0
session_3209,user_1458,7/4/2025 21:09,product_page,Mobile,UK,Email,27,0,0
session_3210,user_1954,1/23/2025 2:25,home,Tablet,USA,Email,47,0,0
session_3211,user_2623,7/3/2025 6:06,home,Desktop,Australia,Email,148,0,0
session_3211,user_2623,7/3/2025 6:07,product_page,Desktop,Australia,Email,59,4,0
session_3212,user_2847,7/9/2025 18:12,home,Mobile,UK,Social Media,163,0,0
session_3213,user_1695,1/5/2025 4:05,home,Desktop,USA,Google,61,0,0
session_3213,user_1695,1/5/2025 4:06,product_page,Desktop,USA,Google,62,2,0
session_3214,user_2193,6/16/2025 16:14,home,Mobile,UK,Social Media,95,0,0
session_3214,user_2193,6/16/2025 16:16,product_page,Mobile,UK,Social Media,77,1,0
session_3215,user_2468,4/10/2025 23:13,home,Desktop,France,Direct,98,0,0
session_3215,user_2468,4/10/2025 23:14,product_page,Desktop,France,Direct,69,0,0
session_3216,user_2211,4/3/2025 13:13,home,Tablet,Germany,Direct,149,0,0
session_3216,user_2211,4/3/2025 13:16,product_page,Tablet,Germany,Direct,180,3,0
session_3217,user_1040,3/14/2025 23:13,home,Mobile,India,Google,179,0,0
session_3217,user_1040,3/14/2025 23:13,product_page,Mobile,India,Google,18,5,0
session_3218,user_2562,6/12/2025 5:21,home,Tablet,USA,Social Media,55,0,0
session_3218,user_2562,6/12/2025 5:23,product_page,Tablet,USA,Social Media,148,4,0
session_3218,user_2562,6/12/2025 5:25,cart,Tablet,USA,Social Media,81,4,0
session_3219,user_2102,5/9/2025 16:17,home,Desktop,India,Email,95,0,0
session_3219,user_2102,5/9/2025 16:19,product_page,Desktop,India,Email,131,5,0
session_3220,user_1276,3/18/2025 16:32,home,Tablet,UK,Email,75,0,0
session_3220,user_1276,3/18/2025 16:33,product_page,Tablet,UK,Email,21,5,0
session_3220,user_1276,3/18/2025 16:34,cart,Tablet,UK,Email,74,5,0
session_3221,user_2607,5/11/2025 19:32,home,Mobile,Canada,Email,83,0,1
session_3221,user_2607,5/11/2025 19:33,product_page,Mobile,Canada,Email,53,3,1
session_3221,user_2607,5/11/2025 19:36,cart,Mobile,Canada,Email,170,3,1
session_3221,user_2607,5/11/2025 19:37,checkout,Mobile,Canada,Email,105,3,1
session_3221,user_2607,5/11/2025 19:39,confirmation,Mobile,Canada,Email,81,0,1
session_3222,user_1057,4/6/2025 10:27,home,Desktop,Germany,Social Media,35,0,1
session_3222,user_1057,4/6/2025 10:28,product_page,Desktop,Germany,Social Media,92,0,1
session_3222,user_1057,4/6/2025 10:29,cart,Desktop,Germany,Social Media,32,4,1
session_3222,user_1057,4/6/2025 10:30,checkout,Desktop,Germany,Social Media,61,4,1
session_3222,user_1057,4/6/2025 10:32,confirmation,Desktop,Germany,Social Media,155,0,1
session_3223,user_2487,2/28/2025 7:45,home,Tablet,India,Direct,18,0,0
session_3223,user_2487,2/28/2025 7:46,product_page,Tablet,India,Direct,84,0,0
session_3224,user_1933,3/24/2025 3:58,home,Mobile,Canada,Direct,145,0,0
session_3224,user_1933,3/24/2025 4:00,product_page,Mobile,Canada,Direct,90,2,0
session_3225,user_2562,8/24/2025 9:18,home,Mobile,France,Social Media,43,0,0
session_3226,user_2667,3/26/2025 7:04,home,Tablet,Australia,Email,46,0,0
session_3226,user_2667,3/26/2025 7:06,product_page,Tablet,Australia,Email,133,0,0
session_3227,user_1806,3/2/2025 4:35,home,Mobile,Canada,Google,95,0,0
session_3227,user_1806,3/2/2025 4:35,product_page,Mobile,Canada,Google,41,3,0
session_3228,user_1614,3/2/2025 15:11,home,Desktop,Australia,Email,128,0,0
session_3228,user_1614,3/2/2025 15:13,product_page,Desktop,Australia,Email,87,0,0
session_3229,user_1962,4/3/2025 13:45,home,Mobile,UK,Social Media,180,0,1
session_3229,user_1962,4/3/2025 13:47,product_page,Mobile,UK,Social Media,145,3,1
session_3229,user_1962,4/3/2025 13:49,cart,Mobile,UK,Social Media,102,3,1
session_3229,user_1962,4/3/2025 13:51,checkout,Mobile,UK,Social Media,113,3,1
session_3229,user_1962,4/3/2025 13:51,confirmation,Mobile,UK,Social Media,16,0,1
session_3230,user_1543,4/6/2025 17:30,home,Mobile,France,Email,86,0,1
session_3230,user_1543,4/6/2025 17:31,product_page,Mobile,France,Email,94,4,1
session_3230,user_1543,4/6/2025 17:33,cart,Mobile,France,Email,129,4,1
session_3230,user_1543,4/6/2025 17:34,checkout,Mobile,France,Email,24,4,1
session_3230,user_1543,4/6/2025 17:35,confirmation,Mobile,France,Email,75,0,1
session_3231,user_1426,8/30/2025 4:10,home,Mobile,Germany,Google,101,0,0
session_3231,user_1426,8/30/2025 4:13,product_page,Mobile,Germany,Google,170,4,0
session_3232,user_1853,6/7/2025 8:55,home,Mobile,Germany,Social Media,112,0,0
session_3232,user_1853,6/7/2025 8:56,product_page,Mobile,Germany,Social Media,76,2,0
session_3233,user_2828,1/17/2025 4:08,home,Desktop,France,Email,94,0,0
session_3233,user_2828,1/17/2025 4:11,product_page,Desktop,France,Email,154,3,0
session_3234,user_2870,8/4/2025 13:26,home,Desktop,Canada,Google,15,0,1
session_3234,user_2870,8/4/2025 13:27,product_page,Desktop,Canada,Google,72,2,1
session_3234,user_2870,8/4/2025 13:29,cart,Desktop,Canada,Google,118,2,1
session_3234,user_2870,8/4/2025 13:31,checkout,Desktop,Canada,Google,126,2,1
session_3234,user_2870,8/4/2025 13:33,confirmation,Desktop,Canada,Google,154,0,1
session_3235,user_2665,8/14/2025 20:22,home,Tablet,Australia,Direct,173,0,0
session_3235,user_2665,8/14/2025 20:23,product_page,Tablet,Australia,Direct,61,0,0
session_3236,user_2659,6/22/2025 13:29,home,Mobile,UK,Google,90,0,0
session_3236,user_2659,6/22/2025 13:31,product_page,Mobile,UK,Google,127,3,0
session_3237,user_1760,2/25/2025 8:47,home,Mobile,Australia,Google,57,0,1
session_3237,user_1760,2/25/2025 8:50,product_page,Mobile,Australia,Google,150,0,1
session_3237,user_1760,2/25/2025 8:52,cart,Mobile,Australia,Google,109,1,1
session_3237,user_1760,2/25/2025 8:52,checkout,Mobile,Australia,Google,25,1,1
session_3237,user_1760,2/25/2025 8:53,confirmation,Mobile,Australia,Google,82,0,1
session_3238,user_2991,7/1/2025 15:37,home,Desktop,Australia,Google,52,0,0
session_3238,user_2991,7/1/2025 15:38,product_page,Desktop,Australia,Google,59,0,0
session_3239,user_1246,7/30/2025 22:57,home,Desktop,Australia,Social Media,117,0,1
session_3239,user_1246,7/30/2025 23:00,product_page,Desktop,Australia,Social Media,168,0,1
session_3239,user_1246,7/30/2025 23:01,cart,Desktop,Australia,Social Media,36,3,1
session_3239,user_1246,7/30/2025 23:03,checkout,Desktop,Australia,Social Media,156,3,1
session_3239,user_1246,7/30/2025 23:04,confirmation,Desktop,Australia,Social Media,54,0,1
session_3240,user_1626,4/9/2025 8:13,home,Desktop,Germany,Google,116,0,0
session_3240,user_1626,4/9/2025 8:15,product_page,Desktop,Germany,Google,134,1,0
session_3241,user_1051,4/2/2025 20:38,home,Tablet,Germany,Social Media,44,0,1
session_3241,user_1051,4/2/2025 20:41,product_page,Tablet,Germany,Social Media,159,4,1
session_3241,user_1051,4/2/2025 20:42,cart,Tablet,Germany,Social Media,39,4,1
session_3241,user_1051,4/2/2025 20:45,checkout,Tablet,Germany,Social Media,177,4,1
session_3241,user_1051,4/2/2025 20:47,confirmation,Tablet,Germany,Social Media,126,0,1
session_3242,user_2697,7/9/2025 2:45,home,Desktop,Australia,Email,72,0,0
session_3242,user_2697,7/9/2025 2:46,product_page,Desktop,Australia,Email,92,0,0
session_3243,user_1146,6/19/2025 6:52,home,Tablet,India,Social Media,46,0,1
session_3243,user_1146,6/19/2025 6:54,product_page,Tablet,India,Social Media,143,5,1
session_3243,user_1146,6/19/2025 6:54,cart,Tablet,India,Social Media,17,5,1
session_3243,user_1146,6/19/2025 6:57,checkout,Tablet,India,Social Media,135,5,1
session_3243,user_1146,6/19/2025 6:59,confirmation,Tablet,India,Social Media,150,0,1
session_3244,user_1027,1/22/2025 3:31,home,Mobile,UK,Direct,48,0,0
session_3244,user_1027,1/22/2025 3:34,product_page,Mobile,UK,Direct,176,0,0
session_3245,user_2440,2/23/2025 9:26,home,Tablet,Canada,Direct,167,0,0
session_3245,user_2440,2/23/2025 9:27,product_page,Tablet,Canada,Direct,86,0,0
session_3245,user_2440,2/23/2025 9:28,cart,Tablet,Canada,Direct,44,0,0
session_3246,user_1525,4/18/2025 17:11,home,Mobile,India,Google,127,0,0
session_3246,user_1525,4/18/2025 17:14,product_page,Mobile,India,Google,178,1,0
session_3247,user_1612,5/30/2025 23:37,home,Mobile,India,Google,169,0,0
session_3248,user_2680,1/24/2025 5:45,home,Desktop,USA,Direct,119,0,0
session_3248,user_2680,1/24/2025 5:46,product_page,Desktop,USA,Direct,97,5,0
session_3249,user_1680,5/24/2025 8:22,home,Desktop,India,Google,107,0,1
session_3249,user_1680,5/24/2025 8:24,product_page,Desktop,India,Google,137,0,1
session_3249,user_1680,5/24/2025 8:27,cart,Desktop,India,Google,170,0,1
session_3249,user_1680,5/24/2025 8:29,checkout,Desktop,India,Google,113,1,1
session_3249,user_1680,5/24/2025 8:30,confirmation,Desktop,India,Google,59,0,1
session_3250,user_2194,4/21/2025 19:11,home,Mobile,UK,Google,123,0,1
session_3250,user_2194,4/21/2025 19:13,product_page,Mobile,UK,Google,151,4,1
session_3250,user_2194,4/21/2025 19:14,cart,Mobile,UK,Google,17,4,1
session_3250,user_2194,4/21/2025 19:16,checkout,Mobile,UK,Google,121,4,1
session_3250,user_2194,4/21/2025 19:19,confirmation,Mobile,UK,Google,172,0,1
session_3251,user_1502,6/1/2025 12:17,home,Mobile,Australia,Email,23,0,1
session_3251,user_1502,6/1/2025 12:19,product_page,Mobile,Australia,Email,148,0,1
session_3251,user_1502,6/1/2025 12:21,cart,Mobile,Australia,Email,106,2,1
session_3251,user_1502,6/1/2025 12:23,checkout,Mobile,Australia,Email,100,2,1
session_3251,user_1502,6/1/2025 12:24,confirmation,Mobile,Australia,Email,74,0,1
session_3252,user_1503,1/21/2025 0:39,home,Tablet,USA,Google,53,0,1
session_3252,user_1503,1/21/2025 0:42,product_page,Tablet,USA,Google,173,4,1
session_3252,user_1503,1/21/2025 0:44,cart,Tablet,USA,Google,117,4,1
session_3252,user_1503,1/21/2025 0:46,checkout,Tablet,USA,Google,149,4,1
session_3252,user_1503,1/21/2025 0:47,confirmation,Tablet,USA,Google,67,0,1
session_3253,user_2451,5/12/2025 4:18,home,Desktop,India,Google,100,0,0
session_3253,user_2451,5/12/2025 4:19,product_page,Desktop,India,Google,57,0,0
session_3254,user_1340,6/16/2025 0:56,home,Desktop,Germany,Social Media,89,0,0
session_3254,user_1340,6/16/2025 0:57,product_page,Desktop,Germany,Social Media,69,0,0
session_3255,user_1794,3/9/2025 22:10,home,Mobile,Germany,Google,174,0,0
session_3255,user_1794,3/9/2025 22:12,product_page,Mobile,Germany,Google,104,4,0
session_3255,user_1794,3/9/2025 22:15,cart,Mobile,Germany,Google,178,4,0
session_3256,user_1291,1/14/2025 16:55,home,Mobile,France,Direct,169,0,0
session_3256,user_1291,1/14/2025 16:57,product_page,Mobile,France,Direct,163,3,0
session_3257,user_2508,3/20/2025 16:15,home,Mobile,France,Google,16,0,0
session_3257,user_2508,3/20/2025 16:16,product_page,Mobile,France,Google,69,0,0
session_3258,user_1143,6/28/2025 22:16,home,Mobile,India,Social Media,49,0,0
session_3258,user_1143,6/28/2025 22:17,product_page,Mobile,India,Social Media,74,4,0
session_3259,user_2330,3/17/2025 0:05,home,Desktop,France,Social Media,145,0,1
session_3259,user_2330,3/17/2025 0:08,product_page,Desktop,France,Social Media,150,4,1
session_3259,user_2330,3/17/2025 0:10,cart,Desktop,France,Social Media,151,4,1
session_3259,user_2330,3/17/2025 0:11,checkout,Desktop,France,Social Media,61,4,1
session_3259,user_2330,3/17/2025 0:14,confirmation,Desktop,France,Social Media,126,0,1
session_3260,user_1760,4/10/2025 22:50,home,Mobile,India,Google,17,0,0
session_3261,user_1318,8/21/2025 14:14,home,Mobile,UK,Google,60,0,0
session_3261,user_1318,8/21/2025 14:16,product_page,Mobile,UK,Google,143,5,0
session_3262,user_1413,5/13/2025 18:52,home,Desktop,India,Social Media,167,0,0
session_3262,user_1413,5/13/2025 18:55,product_page,Desktop,India,Social Media,144,0,0
session_3263,user_2191,1/3/2025 1:57,home,Desktop,France,Social Media,82,0,1
session_3263,user_2191,1/3/2025 1:59,product_page,Desktop,France,Social Media,126,1,1
session_3263,user_2191,1/3/2025 2:00,cart,Desktop,France,Social Media,88,1,1
session_3263,user_2191,1/3/2025 2:02,checkout,Desktop,France,Social Media,107,1,1
session_3263,user_2191,1/3/2025 2:03,confirmation,Desktop,France,Social Media,36,0,1
session_3264,user_2333,4/11/2025 15:34,home,Tablet,France,Direct,31,0,0
session_3264,user_2333,4/11/2025 15:37,product_page,Tablet,France,Direct,163,2,0
session_3265,user_2372,1/20/2025 23:53,home,Desktop,India,Email,107,0,0
session_3265,user_2372,1/20/2025 23:56,product_page,Desktop,India,Email,140,3,0
session_3266,user_2682,3/11/2025 16:50,home,Desktop,India,Social Media,83,0,0
session_3267,user_2367,2/12/2025 9:33,home,Tablet,USA,Email,118,0,0
session_3267,user_2367,2/12/2025 9:35,product_page,Tablet,USA,Email,94,0,0
session_3268,user_2372,4/26/2025 12:54,home,Mobile,UK,Direct,97,0,0
session_3269,user_1644,2/9/2025 9:01,home,Tablet,France,Social Media,137,0,0
session_3270,user_1581,6/11/2025 6:00,home,Mobile,UK,Email,63,0,0
session_3270,user_1581,6/11/2025 6:02,product_page,Mobile,UK,Email,109,0,0
session_3271,user_1383,1/15/2025 17:09,home,Desktop,USA,Social Media,155,0,0
session_3271,user_1383,1/15/2025 17:10,product_page,Desktop,USA,Social Media,70,5,0
session_3272,user_2195,8/23/2025 2:01,home,Mobile,USA,Direct,140,0,1
session_3272,user_2195,8/23/2025 2:02,product_page,Mobile,USA,Direct,64,0,1
session_3272,user_2195,8/23/2025 2:04,cart,Mobile,USA,Direct,127,5,1
session_3272,user_2195,8/23/2025 2:06,checkout,Mobile,USA,Direct,117,5,1
session_3272,user_2195,8/23/2025 2:08,confirmation,Mobile,USA,Direct,127,0,1
session_3273,user_1255,8/14/2025 21:43,home,Desktop,USA,Direct,74,0,0
session_3273,user_1255,8/14/2025 21:44,product_page,Desktop,USA,Direct,65,5,0
session_3274,user_2643,6/9/2025 23:13,home,Desktop,Australia,Direct,140,0,0
session_3274,user_2643,6/9/2025 23:13,product_page,Desktop,Australia,Direct,36,0,0
session_3274,user_2643,6/9/2025 23:15,cart,Desktop,Australia,Direct,97,3,0
session_3275,user_1439,3/20/2025 14:55,home,Desktop,Germany,Google,95,0,1
session_3275,user_1439,3/20/2025 14:58,product_page,Desktop,Germany,Google,160,3,1
session_3275,user_1439,3/20/2025 15:00,cart,Desktop,Germany,Google,137,3,1
session_3275,user_1439,3/20/2025 15:01,checkout,Desktop,Germany,Google,51,3,1
session_3275,user_1439,3/20/2025 15:02,confirmation,Desktop,Germany,Google,92,0,1
session_3276,user_2644,1/9/2025 1:02,home,Desktop,USA,Email,149,0,0
session_3276,user_2644,1/9/2025 1:03,product_page,Desktop,USA,Email,48,4,0
session_3276,user_2644,1/9/2025 1:04,cart,Desktop,USA,Email,104,4,0
session_3277,user_2308,2/2/2025 21:11,home,Tablet,India,Google,121,0,0
session_3277,user_2308,2/2/2025 21:12,product_page,Tablet,India,Google,72,1,0
session_3278,user_1511,5/18/2025 11:56,home,Desktop,Australia,Email,78,0,1
session_3278,user_1511,5/18/2025 11:58,product_page,Desktop,Australia,Email,96,5,1
session_3278,user_1511,5/18/2025 12:00,cart,Desktop,Australia,Email,128,5,1
session_3278,user_1511,5/18/2025 12:03,checkout,Desktop,Australia,Email,157,5,1
session_3278,user_1511,5/18/2025 12:06,confirmation,Desktop,Australia,Email,179,0,1
session_3279,user_1048,3/16/2025 18:00,home,Mobile,France,Email,102,0,1
session_3279,user_1048,3/16/2025 18:03,product_page,Mobile,France,Email,164,0,1
session_3279,user_1048,3/16/2025 18:06,cart,Mobile,France,Email,177,0,1
session_3279,user_1048,3/16/2025 18:07,checkout,Mobile,France,Email,71,3,1
session_3279,user_1048,3/16/2025 18:07,confirmation,Mobile,France,Email,19,0,1
session_3280,user_1547,1/4/2025 1:31,home,Mobile,UK,Social Media,170,0,0
session_3280,user_1547,1/4/2025 1:32,product_page,Mobile,UK,Social Media,73,0,0
session_3281,user_1778,3/25/2025 20:18,home,Desktop,Canada,Google,84,0,0
session_3281,user_1778,3/25/2025 20:18,product_page,Desktop,Canada,Google,51,2,0
session_3282,user_2574,4/26/2025 21:19,home,Mobile,India,Google,141,0,1
session_3282,user_2574,4/26/2025 21:20,product_page,Mobile,India,Google,82,4,1
session_3282,user_2574,4/26/2025 21:21,cart,Mobile,India,Google,22,4,1
session_3282,user_2574,4/26/2025 21:23,checkout,Mobile,India,Google,127,4,1
session_3282,user_2574,4/26/2025 21:25,confirmation,Mobile,India,Google,105,0,1
session_3283,user_1666,1/20/2025 0:06,home,Desktop,Germany,Google,47,0,0
session_3283,user_1666,1/20/2025 0:09,product_page,Desktop,Germany,Google,144,0,0
session_3284,user_1228,8/13/2025 0:18,home,Mobile,Australia,Social Media,56,0,0
session_3284,user_1228,8/13/2025 0:19,product_page,Mobile,Australia,Social Media,53,0,0
session_3284,user_1228,8/13/2025 0:22,cart,Mobile,Australia,Social Media,149,5,0
session_3285,user_1579,7/26/2025 19:57,home,Mobile,Australia,Social Media,159,0,0
session_3285,user_1579,7/26/2025 20:00,product_page,Mobile,Australia,Social Media,149,0,0
session_3286,user_1235,3/13/2025 13:42,home,Tablet,Germany,Direct,21,0,1
session_3286,user_1235,3/13/2025 13:45,product_page,Tablet,Germany,Direct,157,3,1
session_3286,user_1235,3/13/2025 13:46,cart,Tablet,Germany,Direct,92,3,1
session_3286,user_1235,3/13/2025 13:48,checkout,Tablet,Germany,Direct,101,3,1
session_3286,user_1235,3/13/2025 13:49,confirmation,Tablet,Germany,Direct,83,0,1
session_3287,user_2390,4/29/2025 22:06,home,Desktop,UK,Direct,93,0,1
session_3287,user_2390,4/29/2025 22:07,product_page,Desktop,UK,Direct,92,4,1
session_3287,user_2390,4/29/2025 22:08,cart,Desktop,UK,Direct,44,4,1
session_3287,user_2390,4/29/2025 22:09,checkout,Desktop,UK,Direct,83,4,1
session_3287,user_2390,4/29/2025 22:12,confirmation,Desktop,UK,Direct,153,0,1
session_3288,user_1277,4/24/2025 22:43,home,Desktop,France,Social Media,175,0,1
session_3288,user_1277,4/24/2025 22:46,product_page,Desktop,France,Social Media,169,2,1
session_3288,user_1277,4/24/2025 22:48,cart,Desktop,France,Social Media,141,2,1
session_3288,user_1277,4/24/2025 22:49,checkout,Desktop,France,Social Media,32,2,1
session_3288,user_1277,4/24/2025 22:50,confirmation,Desktop,France,Social Media,71,0,1
session_3289,user_1720,8/18/2025 1:59,home,Tablet,USA,Social Media,127,0,0
session_3289,user_1720,8/18/2025 2:00,product_page,Tablet,USA,Social Media,66,2,0
session_3290,user_1500,3/29/2025 21:17,home,Tablet,UK,Direct,27,0,0
session_3290,user_1500,3/29/2025 21:20,product_page,Tablet,UK,Direct,158,1,0
session_3291,user_2148,7/28/2025 19:53,home,Tablet,Germany,Email,138,0,0
session_3291,user_2148,7/28/2025 19:54,product_page,Tablet,Germany,Email,18,2,0
session_3292,user_2724,8/23/2025 21:38,home,Desktop,UK,Direct,21,0,0
session_3292,user_2724,8/23/2025 21:40,product_page,Desktop,UK,Direct,88,5,0
session_3293,user_1688,8/3/2025 14:40,home,Tablet,France,Direct,105,0,0
session_3294,user_1393,6/27/2025 21:41,home,Mobile,Australia,Email,171,0,1
session_3294,user_1393,6/27/2025 21:44,product_page,Mobile,Australia,Email,178,0,1
session_3294,user_1393,6/27/2025 21:46,cart,Mobile,Australia,Email,129,0,1
session_3294,user_1393,6/27/2025 21:47,checkout,Mobile,Australia,Email,90,3,1
session_3294,user_1393,6/27/2025 21:49,confirmation,Mobile,Australia,Email,82,0,1
session_3295,user_1463,3/14/2025 8:18,home,Mobile,Australia,Google,24,0,0
session_3295,user_1463,3/14/2025 8:21,product_page,Mobile,Australia,Google,169,3,0
session_3296,user_2789,2/11/2025 17:05,home,Desktop,Australia,Google,66,0,0
session_3296,user_2789,2/11/2025 17:07,product_page,Desktop,Australia,Google,96,2,0
session_3297,user_1467,4/11/2025 14:14,home,Desktop,Australia,Email,60,0,0
session_3297,user_1467,4/11/2025 14:15,product_page,Desktop,Australia,Email,88,1,0
session_3298,user_1959,3/10/2025 1:31,home,Mobile,USA,Social Media,141,0,0
session_3298,user_1959,3/10/2025 1:32,product_page,Mobile,USA,Social Media,37,5,0
session_3298,user_1959,3/10/2025 1:32,cart,Mobile,USA,Social Media,56,5,0
session_3299,user_1572,8/11/2025 17:40,home,Tablet,Germany,Email,15,0,0
session_3300,user_1085,1/31/2025 8:25,home,Desktop,India,Social Media,32,0,0
session_3300,user_1085,1/31/2025 8:28,product_page,Desktop,India,Social Media,147,4,0
session_3301,user_1126,3/15/2025 15:58,home,Desktop,India,Direct,133,0,0
session_3302,user_2613,8/16/2025 2:43,home,Mobile,Canada,Direct,129,0,0
session_3302,user_2613,8/16/2025 2:44,product_page,Mobile,Canada,Direct,84,1,0
session_3303,user_1295,5/25/2025 3:04,home,Tablet,USA,Google,17,0,0
session_3303,user_1295,5/25/2025 3:05,product_page,Tablet,USA,Google,35,0,0
session_3304,user_2351,5/29/2025 2:31,home,Mobile,India,Google,150,0,0
session_3304,user_2351,5/29/2025 2:34,product_page,Mobile,India,Google,152,0,0
session_3305,user_1473,4/14/2025 20:05,home,Tablet,UK,Google,130,0,0
session_3305,user_1473,4/14/2025 20:06,product_page,Tablet,UK,Google,77,2,0
session_3306,user_2432,5/31/2025 15:44,home,Desktop,Germany,Direct,22,0,0
session_3306,user_2432,5/31/2025 15:46,product_page,Desktop,Germany,Direct,114,3,0
session_3306,user_2432,5/31/2025 15:48,cart,Desktop,Germany,Direct,129,3,0
session_3307,user_1360,7/29/2025 8:01,home,Mobile,USA,Direct,153,0,0
session_3307,user_1360,7/29/2025 8:01,product_page,Mobile,USA,Direct,19,4,0
session_3308,user_2000,4/22/2025 7:37,home,Mobile,Australia,Google,65,0,0
session_3308,user_2000,4/22/2025 7:38,product_page,Mobile,Australia,Google,58,3,0
session_3309,user_2305,7/15/2025 1:33,home,Desktop,India,Email,109,0,1
session_3309,user_2305,7/15/2025 1:34,product_page,Desktop,India,Email,35,1,1
session_3309,user_2305,7/15/2025 1:36,cart,Desktop,India,Email,105,1,1
session_3309,user_2305,7/15/2025 1:39,checkout,Desktop,India,Email,172,1,1
session_3309,user_2305,7/15/2025 1:41,confirmation,Desktop,India,Email,130,0,1
session_3310,user_2140,5/16/2025 1:02,home,Tablet,Canada,Email,105,0,0
session_3310,user_2140,5/16/2025 1:05,product_page,Tablet,Canada,Email,144,0,0
session_3310,user_2140,5/16/2025 1:05,cart,Tablet,Canada,Email,50,0,0
session_3310,user_2140,5/16/2025 1:06,checkout,Tablet,Canada,Email,17,2,0
session_3311,user_1460,6/18/2025 5:13,home,Tablet,India,Google,166,0,0
session_3311,user_1460,6/18/2025 5:16,product_page,Tablet,India,Google,171,0,0
session_3312,user_1994,1/3/2025 3:18,home,Desktop,Australia,Google,159,0,0
session_3312,user_1994,1/3/2025 3:19,product_page,Desktop,Australia,Google,56,0,0
session_3313,user_1013,1/31/2025 13:09,home,Mobile,Australia,Google,139,0,0
session_3314,user_1497,8/15/2025 19:54,home,Mobile,UK,Social Media,172,0,0
session_3314,user_1497,8/15/2025 19:56,product_page,Mobile,UK,Social Media,86,0,0
session_3314,user_1497,8/15/2025 19:57,cart,Mobile,UK,Social Media,58,5,0
session_3314,user_1497,8/15/2025 19:59,checkout,Mobile,UK,Social Media,125,5,0
session_3315,user_2052,4/2/2025 8:00,home,Tablet,USA,Google,42,0,1
session_3315,user_2052,4/2/2025 8:03,product_page,Tablet,USA,Google,142,4,1
session_3315,user_2052,4/2/2025 8:03,cart,Tablet,USA,Google,16,4,1
session_3315,user_2052,4/2/2025 8:05,checkout,Tablet,USA,Google,118,4,1
session_3315,user_2052,4/2/2025 8:05,confirmation,Tablet,USA,Google,27,0,1
session_3316,user_1976,7/14/2025 3:45,home,Mobile,Australia,Google,139,0,0
session_3316,user_1976,7/14/2025 3:47,product_page,Mobile,Australia,Google,123,0,0
session_3317,user_1483,7/23/2025 23:59,home,Tablet,Germany,Google,84,0,1
session_3317,user_1483,7/24/2025 0:01,product_page,Tablet,Germany,Google,85,1,1
session_3317,user_1483,7/24/2025 0:03,cart,Tablet,Germany,Google,143,1,1
session_3317,user_1483,7/24/2025 0:05,checkout,Tablet,Germany,Google,105,1,1
session_3317,user_1483,7/24/2025 0:05,confirmation,Tablet,Germany,Google,45,0,1
session_3318,user_1768,7/2/2025 3:24,home,Desktop,Canada,Google,113,0,0
session_3318,user_1768,7/2/2025 3:25,product_page,Desktop,Canada,Google,35,0,0
session_3319,user_2669,5/31/2025 19:16,home,Tablet,Canada,Direct,116,0,0
session_3320,user_1744,8/12/2025 16:44,home,Desktop,Canada,Email,108,0,0
session_3320,user_1744,8/12/2025 16:45,product_page,Desktop,Canada,Email,83,0,0
session_3321,user_1179,6/9/2025 18:21,home,Desktop,France,Google,66,0,0
session_3322,user_1155,2/13/2025 15:22,home,Tablet,Australia,Direct,94,0,0
session_3322,user_1155,2/13/2025 15:23,product_page,Tablet,Australia,Direct,30,3,0
session_3323,user_2095,6/27/2025 20:13,home,Mobile,France,Google,114,0,0
session_3323,user_2095,6/27/2025 20:15,product_page,Mobile,France,Google,118,5,0
session_3324,user_1035,7/30/2025 11:41,home,Desktop,India,Google,58,0,0
session_3325,user_1976,3/2/2025 0:55,home,Desktop,UK,Google,50,0,1
session_3325,user_1976,3/2/2025 0:56,product_page,Desktop,UK,Google,80,1,1
session_3325,user_1976,3/2/2025 0:58,cart,Desktop,UK,Google,102,1,1
session_3325,user_1976,3/2/2025 1:00,checkout,Desktop,UK,Google,147,1,1
session_3325,user_1976,3/2/2025 1:03,confirmation,Desktop,UK,Google,163,0,1
session_3326,user_1709,4/27/2025 20:47,home,Desktop,USA,Google,114,0,0
session_3326,user_1709,4/27/2025 20:49,product_page,Desktop,USA,Google,79,2,0
session_3327,user_1327,8/5/2025 4:27,home,Mobile,Canada,Direct,76,0,0
session_3327,user_1327,8/5/2025 4:29,product_page,Mobile,Canada,Direct,128,0,0
session_3328,user_1280,6/14/2025 4:23,home,Tablet,USA,Google,179,0,0
session_3328,user_1280,6/14/2025 4:24,product_page,Tablet,USA,Google,100,2,0
session_3329,user_2326,1/9/2025 7:26,home,Mobile,Germany,Google,23,0,0
session_3330,user_2714,7/17/2025 23:22,home,Mobile,France,Direct,58,0,1
session_3330,user_2714,7/17/2025 23:23,product_page,Mobile,France,Direct,57,4,1
session_3330,user_2714,7/17/2025 23:25,cart,Mobile,France,Direct,135,4,1
session_3330,user_2714,7/17/2025 23:28,checkout,Mobile,France,Direct,180,4,1
session_3330,user_2714,7/17/2025 23:31,confirmation,Mobile,France,Direct,176,0,1
session_3331,user_2937,4/28/2025 6:35,home,Tablet,France,Social Media,67,0,0
session_3331,user_2937,4/28/2025 6:37,product_page,Tablet,France,Social Media,131,0,0
session_3332,user_2713,7/17/2025 7:10,home,Mobile,Australia,Social Media,71,0,1
session_3332,user_2713,7/17/2025 7:13,product_page,Mobile,Australia,Social Media,153,5,1
session_3332,user_2713,7/17/2025 7:14,cart,Mobile,Australia,Social Media,60,5,1
session_3332,user_2713,7/17/2025 7:16,checkout,Mobile,Australia,Social Media,142,5,1
session_3332,user_2713,7/17/2025 7:18,confirmation,Mobile,Australia,Social Media,104,0,1
session_3333,user_1466,2/1/2025 6:40,home,Mobile,USA,Email,95,0,1
session_3333,user_1466,2/1/2025 6:42,product_page,Mobile,USA,Email,114,0,1
session_3333,user_1466,2/1/2025 6:42,cart,Mobile,USA,Email,47,0,1
session_3333,user_1466,2/1/2025 6:44,checkout,Mobile,USA,Email,87,1,1
session_3333,user_1466,2/1/2025 6:47,confirmation,Mobile,USA,Email,170,0,1
session_3334,user_2543,8/7/2025 7:41,home,Desktop,Australia,Email,77,0,0
session_3334,user_2543,8/7/2025 7:42,product_page,Desktop,Australia,Email,64,2,0
session_3335,user_1468,3/16/2025 23:49,home,Mobile,USA,Direct,72,0,0
session_3335,user_1468,3/16/2025 23:51,product_page,Mobile,USA,Direct,85,0,0
session_3336,user_2055,1/20/2025 7:46,home,Mobile,USA,Social Media,117,0,0
session_3336,user_2055,1/20/2025 7:48,product_page,Mobile,USA,Social Media,96,1,0
session_3337,user_1605,4/26/2025 10:59,home,Mobile,Canada,Email,82,0,0
session_3337,user_1605,4/26/2025 11:00,product_page,Mobile,Canada,Email,53,0,0
session_3338,user_1170,2/18/2025 19:46,home,Tablet,Germany,Email,170,0,0
session_3338,user_1170,2/18/2025 19:48,product_page,Tablet,Germany,Email,135,5,0
session_3339,user_1618,5/28/2025 6:44,home,Mobile,France,Email,177,0,0
session_3339,user_1618,5/28/2025 6:47,product_page,Mobile,France,Email,150,0,0
session_3339,user_1618,5/28/2025 6:49,cart,Mobile,France,Email,124,4,0
session_3340,user_2544,3/30/2025 16:20,home,Desktop,Australia,Google,142,0,0
session_3341,user_2486,1/1/2025 17:43,home,Tablet,Australia,Google,160,0,0
session_3341,user_2486,1/1/2025 17:44,product_page,Tablet,Australia,Google,65,0,0
session_3341,user_2486,1/1/2025 17:45,cart,Tablet,Australia,Google,76,0,0
session_3342,user_2012,6/3/2025 10:04,home,Mobile,Canada,Direct,46,0,0
session_3342,user_2012,6/3/2025 10:06,product_page,Mobile,Canada,Direct,141,2,0
session_3342,user_2012,6/3/2025 10:08,cart,Mobile,Canada,Direct,106,2,0
session_3343,user_2313,6/16/2025 18:47,home,Mobile,UK,Google,47,0,0
session_3343,user_2313,6/16/2025 18:49,product_page,Mobile,UK,Google,138,4,0
session_3343,user_2313,6/16/2025 18:52,cart,Mobile,UK,Google,124,4,0
session_3344,user_1899,7/23/2025 18:07,home,Mobile,Australia,Direct,22,0,0
session_3344,user_1899,7/23/2025 18:07,product_page,Mobile,Australia,Direct,27,0,0
session_3345,user_1255,5/31/2025 2:25,home,Tablet,India,Google,140,0,0
session_3345,user_1255,5/31/2025 2:26,product_page,Tablet,India,Google,66,4,0
session_3346,user_1990,8/30/2025 15:27,home,Desktop,France,Email,37,0,0
session_3346,user_1990,8/30/2025 15:28,product_page,Desktop,France,Email,68,2,0
session_3347,user_2225,3/12/2025 3:57,home,Desktop,France,Direct,152,0,0
session_3347,user_2225,3/12/2025 3:57,product_page,Desktop,France,Direct,24,2,0
session_3348,user_1354,2/2/2025 12:17,home,Desktop,UK,Google,110,0,1
session_3348,user_1354,2/2/2025 12:20,product_page,Desktop,UK,Google,159,0,1
session_3348,user_1354,2/2/2025 12:23,cart,Desktop,UK,Google,154,0,1
session_3348,user_1354,2/2/2025 12:26,checkout,Desktop,UK,Google,174,2,1
session_3348,user_1354,2/2/2025 12:28,confirmation,Desktop,UK,Google,156,0,1
session_3349,user_1941,4/26/2025 18:03,home,Desktop,UK,Direct,125,0,0
session_3349,user_1941,4/26/2025 18:03,product_page,Desktop,UK,Direct,24,1,0
session_3350,user_2795,6/5/2025 17:59,home,Mobile,Germany,Direct,111,0,0
session_3350,user_2795,6/5/2025 18:02,product_page,Mobile,Germany,Direct,176,0,0
session_3350,user_2795,6/5/2025 18:04,cart,Mobile,Germany,Direct,73,0,0
session_3351,user_1856,4/10/2025 18:47,home,Tablet,USA,Social Media,19,0,0
session_3351,user_1856,4/10/2025 18:49,product_page,Tablet,USA,Social Media,81,0,0
session_3351,user_1856,4/10/2025 18:52,cart,Tablet,USA,Social Media,178,4,0
session_3352,user_1877,2/14/2025 5:21,home,Desktop,Canada,Social Media,65,0,0
session_3352,user_1877,2/14/2025 5:22,product_page,Desktop,Canada,Social Media,71,2,0
session_3353,user_1244,6/14/2025 19:42,home,Mobile,Australia,Direct,85,0,0
session_3353,user_1244,6/14/2025 19:44,product_page,Mobile,Australia,Direct,140,5,0
session_3354,user_1551,4/3/2025 13:58,home,Desktop,India,Email,86,0,0
session_3355,user_2616,5/8/2025 20:19,home,Mobile,UK,Email,159,0,0
session_3355,user_2616,5/8/2025 20:22,product_page,Mobile,UK,Email,175,2,0
session_3355,user_2616,5/8/2025 20:24,cart,Mobile,UK,Email,114,2,0
session_3356,user_2657,4/14/2025 10:53,home,Tablet,India,Direct,74,0,0
session_3356,user_2657,4/14/2025 10:55,product_page,Tablet,India,Direct,87,0,0
session_3357,user_2699,1/19/2025 7:21,home,Desktop,UK,Social Media,40,0,0
session_3357,user_2699,1/19/2025 7:23,product_page,Desktop,UK,Social Media,114,0,0
session_3358,user_2134,8/21/2025 7:58,home,Desktop,Germany,Social Media,150,0,0
session_3358,user_2134,8/21/2025 7:59,product_page,Desktop,Germany,Social Media,44,5,0
session_3359,user_2650,8/12/2025 12:19,home,Desktop,UK,Social Media,88,0,0
session_3359,user_2650,8/12/2025 12:20,product_page,Desktop,UK,Social Media,106,4,0
session_3360,user_2915,5/12/2025 20:15,home,Desktop,Australia,Email,36,0,0
session_3360,user_2915,5/12/2025 20:16,product_page,Desktop,Australia,Email,43,0,0
session_3360,user_2915,5/12/2025 20:16,cart,Desktop,Australia,Email,25,0,0
session_3360,user_2915,5/12/2025 20:17,checkout,Desktop,Australia,Email,55,3,0
session_3361,user_2415,3/27/2025 12:56,home,Desktop,France,Direct,128,0,0
session_3361,user_2415,3/27/2025 12:58,product_page,Desktop,France,Direct,140,1,0
session_3361,user_2415,3/27/2025 12:59,cart,Desktop,France,Direct,42,1,0
session_3362,user_2255,5/15/2025 22:46,home,Desktop,USA,Direct,46,0,0
session_3362,user_2255,5/15/2025 22:48,product_page,Desktop,USA,Direct,122,0,0
session_3362,user_2255,5/15/2025 22:51,cart,Desktop,USA,Direct,136,0,0
session_3363,user_1740,6/19/2025 11:46,home,Desktop,India,Social Media,45,0,0
session_3363,user_1740,6/19/2025 11:49,product_page,Desktop,India,Social Media,159,0,0
session_3364,user_1211,3/15/2025 5:42,home,Mobile,USA,Google,96,0,0
session_3364,user_1211,3/15/2025 5:43,product_page,Mobile,USA,Google,82,0,0
session_3365,user_2510,6/2/2025 22:59,home,Mobile,Germany,Google,98,0,0
session_3366,user_1103,4/18/2025 21:44,home,Desktop,USA,Social Media,154,0,0
session_3367,user_2709,4/6/2025 4:33,home,Tablet,Australia,Email,86,0,0
session_3367,user_2709,4/6/2025 4:34,product_page,Tablet,Australia,Email,72,2,0
session_3368,user_2182,2/16/2025 16:40,home,Mobile,Germany,Social Media,147,0,0
session_3369,user_1132,4/9/2025 13:31,home,Desktop,France,Google,44,0,0
session_3369,user_1132,4/9/2025 13:31,product_page,Desktop,France,Google,43,0,0
session_3370,user_1404,8/10/2025 17:38,home,Tablet,Canada,Social Media,103,0,0
session_3370,user_1404,8/10/2025 17:39,product_page,Tablet,Canada,Social Media,62,5,0
session_3370,user_1404,8/10/2025 17:40,cart,Tablet,Canada,Social Media,28,5,0
session_3371,user_1964,8/24/2025 10:49,home,Tablet,Australia,Direct,133,0,0
session_3371,user_1964,8/24/2025 10:49,product_page,Tablet,Australia,Direct,15,3,0
session_3371,user_1964,8/24/2025 10:52,cart,Tablet,Australia,Direct,137,3,0
session_3372,user_1230,3/10/2025 1:19,home,Tablet,Germany,Email,27,0,1
session_3372,user_1230,3/10/2025 1:21,product_page,Tablet,Germany,Email,89,1,1
session_3372,user_1230,3/10/2025 1:21,cart,Tablet,Germany,Email,29,1,1
session_3372,user_1230,3/10/2025 1:24,checkout,Tablet,Germany,Email,151,1,1
session_3372,user_1230,3/10/2025 1:25,confirmation,Tablet,Germany,Email,41,0,1
session_3373,user_1535,2/13/2025 23:48,home,Desktop,UK,Direct,62,0,0
session_3373,user_1535,2/13/2025 23:49,product_page,Desktop,UK,Direct,99,5,0
session_3374,user_2540,7/31/2025 12:51,home,Mobile,Canada,Direct,83,0,0
session_3374,user_2540,7/31/2025 12:53,product_page,Mobile,Canada,Direct,116,0,0
session_3375,user_1870,7/28/2025 14:18,home,Mobile,UK,Direct,149,0,0
session_3375,user_1870,7/28/2025 14:20,product_page,Mobile,UK,Direct,166,4,0
session_3376,user_2043,8/22/2025 11:37,home,Mobile,India,Google,61,0,0
session_3376,user_2043,8/22/2025 11:40,product_page,Mobile,India,Google,175,0,0
session_3377,user_2907,2/8/2025 18:11,home,Mobile,France,Social Media,150,0,0
session_3377,user_2907,2/8/2025 18:13,product_page,Mobile,France,Social Media,132,5,0
session_3377,user_2907,2/8/2025 18:15,cart,Mobile,France,Social Media,146,5,0
session_3378,user_2456,8/20/2025 18:53,home,Tablet,UK,Social Media,65,0,0
session_3378,user_2456,8/20/2025 18:54,product_page,Tablet,UK,Social Media,57,5,0
session_3379,user_1607,5/6/2025 4:58,home,Mobile,USA,Google,95,0,0
session_3379,user_1607,5/6/2025 5:00,product_page,Mobile,USA,Google,122,0,0
session_3380,user_2948,7/24/2025 19:36,home,Tablet,Australia,Direct,93,0,0
session_3380,user_2948,7/24/2025 19:38,product_page,Tablet,Australia,Direct,133,1,0
session_3381,user_2036,7/9/2025 9:48,home,Tablet,Canada,Email,83,0,0
session_3382,user_1608,5/31/2025 3:10,home,Desktop,India,Google,133,0,0
session_3382,user_1608,5/31/2025 3:11,product_page,Desktop,India,Google,67,4,0
session_3383,user_1513,4/25/2025 11:57,home,Desktop,Germany,Google,52,0,0
session_3384,user_1055,6/5/2025 23:53,home,Mobile,USA,Direct,148,0,0
session_3384,user_1055,6/5/2025 23:55,product_page,Mobile,USA,Direct,152,0,0
session_3385,user_1215,5/19/2025 18:38,home,Desktop,France,Direct,48,0,1
session_3385,user_1215,5/19/2025 18:40,product_page,Desktop,France,Direct,138,0,1
session_3385,user_1215,5/19/2025 18:41,cart,Desktop,France,Direct,65,0,1
session_3385,user_1215,5/19/2025 18:44,checkout,Desktop,France,Direct,131,1,1
session_3385,user_1215,5/19/2025 18:45,confirmation,Desktop,France,Direct,59,0,1
session_3386,user_1733,6/22/2025 13:33,home,Tablet,UK,Email,125,0,1
session_3386,user_1733,6/22/2025 13:35,product_page,Tablet,UK,Email,112,3,1
session_3386,user_1733,6/22/2025 13:35,cart,Tablet,UK,Email,20,3,1
session_3386,user_1733,6/22/2025 13:37,checkout,Tablet,UK,Email,101,3,1
session_3386,user_1733,6/22/2025 13:39,confirmation,Tablet,UK,Email,123,0,1
session_3387,user_1556,4/17/2025 0:41,home,Tablet,Canada,Google,35,0,0
session_3387,user_1556,4/17/2025 0:43,product_page,Tablet,Canada,Google,83,1,0
session_3388,user_2997,6/10/2025 17:59,home,Tablet,USA,Direct,164,0,0
session_3388,user_2997,6/10/2025 18:01,product_page,Tablet,USA,Direct,105,0,0
session_3389,user_1254,6/15/2025 4:44,home,Mobile,UK,Google,122,0,0
session_3389,user_1254,6/15/2025 4:47,product_page,Mobile,UK,Google,162,0,0
session_3390,user_2269,4/24/2025 2:03,home,Desktop,UK,Google,139,0,0
session_3390,user_2269,4/24/2025 2:06,product_page,Desktop,UK,Google,165,4,0
session_3391,user_1406,8/14/2025 8:43,home,Desktop,USA,Google,77,0,0
session_3391,user_1406,8/14/2025 8:45,product_page,Desktop,USA,Google,112,0,0
session_3392,user_1526,6/17/2025 13:49,home,Mobile,Australia,Social Media,135,0,0
session_3392,user_1526,6/17/2025 13:50,product_page,Mobile,Australia,Social Media,72,4,0
session_3392,user_1526,6/17/2025 13:51,cart,Mobile,Australia,Social Media,85,4,0
session_3393,user_2598,8/9/2025 22:39,home,Desktop,UK,Google,65,0,0
session_3393,user_2598,8/9/2025 22:39,product_page,Desktop,UK,Google,44,0,0
session_3394,user_2628,2/26/2025 12:16,home,Mobile,Canada,Google,128,0,0
session_3394,user_2628,2/26/2025 12:18,product_page,Mobile,Canada,Google,121,5,0
session_3395,user_2999,3/12/2025 9:09,home,Mobile,India,Social Media,27,0,1
session_3395,user_2999,3/12/2025 9:12,product_page,Mobile,India,Social Media,123,1,1
session_3395,user_2999,3/12/2025 9:13,cart,Mobile,India,Social Media,62,1,1
session_3395,user_2999,3/12/2025 9:15,checkout,Mobile,India,Social Media,167,1,1
session_3395,user_2999,3/12/2025 9:17,confirmation,Mobile,India,Social Media,104,0,1
session_3396,user_2727,5/25/2025 6:33,home,Tablet,Australia,Email,132,0,0
session_3396,user_2727,5/25/2025 6:33,product_page,Tablet,Australia,Email,19,0,0
session_3397,user_1141,1/12/2025 9:15,home,Desktop,India,Email,95,0,0
session_3397,user_1141,1/12/2025 9:17,product_page,Desktop,India,Email,160,0,0
session_3398,user_2324,7/4/2025 20:17,home,Mobile,France,Social Media,87,0,1
session_3398,user_2324,7/4/2025 20:17,product_page,Mobile,France,Social Media,29,3,1
session_3398,user_2324,7/4/2025 20:18,cart,Mobile,France,Social Media,47,3,1
session_3398,user_2324,7/4/2025 20:20,checkout,Mobile,France,Social Media,98,3,1
session_3398,user_2324,7/4/2025 20:22,confirmation,Mobile,France,Social Media,169,0,1
session_3399,user_2071,8/29/2025 9:08,home,Desktop,Canada,Direct,53,0,0
session_3400,user_1352,3/2/2025 0:19,home,Desktop,UK,Social Media,179,0,0
session_3401,user_2962,2/11/2025 22:36,home,Tablet,Germany,Email,174,0,0
session_3401,user_2962,2/11/2025 22:38,product_page,Tablet,Germany,Email,105,0,0
session_3402,user_1247,8/1/2025 3:54,home,Mobile,UK,Direct,178,0,0
session_3402,user_1247,8/1/2025 3:56,product_page,Mobile,UK,Direct,166,0,0
session_3403,user_2781,6/29/2025 17:57,home,Desktop,USA,Social Media,161,0,0
session_3403,user_2781,6/29/2025 18:00,product_page,Desktop,USA,Social Media,147,3,0
session_3404,user_1745,6/2/2025 20:11,home,Tablet,France,Email,166,0,0
session_3404,user_1745,6/2/2025 20:13,product_page,Tablet,France,Email,127,5,0
session_3405,user_2072,5/30/2025 17:32,home,Desktop,USA,Direct,135,0,0
session_3406,user_2846,1/29/2025 6:39,home,Mobile,Germany,Google,118,0,1
session_3406,user_2846,1/29/2025 6:41,product_page,Mobile,Germany,Google,112,0,1
session_3406,user_2846,1/29/2025 6:41,cart,Mobile,Germany,Google,36,0,1
session_3406,user_2846,1/29/2025 6:42,checkout,Mobile,Germany,Google,34,1,1
session_3406,user_2846,1/29/2025 6:43,confirmation,Mobile,Germany,Google,100,0,1
session_3407,user_2850,1/13/2025 0:28,home,Desktop,USA,Direct,17,0,0
session_3407,user_2850,1/13/2025 0:30,product_page,Desktop,USA,Direct,158,0,0
session_3408,user_2331,5/5/2025 22:03,home,Mobile,Australia,Direct,58,0,0
session_3409,user_2011,1/12/2025 3:24,home,Desktop,Australia,Email,18,0,0
session_3409,user_2011,1/12/2025 3:25,product_page,Desktop,Australia,Email,73,2,0
session_3410,user_1552,4/1/2025 7:20,home,Desktop,France,Social Media,146,0,0
session_3411,user_1118,4/20/2025 17:57,home,Desktop,Australia,Social Media,171,0,1
session_3411,user_1118,4/20/2025 18:00,product_page,Desktop,Australia,Social Media,176,0,1
session_3411,user_1118,4/20/2025 18:00,cart,Desktop,Australia,Social Media,26,5,1
session_3411,user_1118,4/20/2025 18:02,checkout,Desktop,Australia,Social Media,104,5,1
session_3411,user_1118,4/20/2025 18:04,confirmation,Desktop,Australia,Social Media,143,0,1
session_3412,user_2809,1/8/2025 7:26,home,Mobile,France,Email,180,0,0
session_3412,user_2809,1/8/2025 7:27,product_page,Mobile,France,Email,59,2,0
session_3413,user_1714,2/21/2025 8:42,home,Tablet,Canada,Google,115,0,0
session_3413,user_1714,2/21/2025 8:43,product_page,Tablet,Canada,Google,68,4,0
session_3414,user_1714,1/7/2025 3:41,home,Mobile,France,Google,43,0,1
session_3414,user_1714,1/7/2025 3:42,product_page,Mobile,France,Google,47,1,1
session_3414,user_1714,1/7/2025 3:43,cart,Mobile,France,Google,49,1,1
session_3414,user_1714,1/7/2025 3:46,checkout,Mobile,France,Google,178,1,1
session_3414,user_1714,1/7/2025 3:47,confirmation,Mobile,France,Google,89,0,1
session_3415,user_1550,3/22/2025 14:31,home,Mobile,Canada,Social Media,116,0,0
session_3415,user_1550,3/22/2025 14:32,product_page,Mobile,Canada,Social Media,51,1,0
session_3416,user_1513,1/25/2025 2:31,home,Tablet,India,Direct,140,0,0
session_3416,user_1513,1/25/2025 2:31,product_page,Tablet,India,Direct,30,4,0
session_3417,user_2982,5/20/2025 18:34,home,Mobile,Germany,Email,163,0,0
session_3418,user_1297,1/23/2025 1:23,home,Tablet,Australia,Direct,61,0,1
session_3418,user_1297,1/23/2025 1:23,product_page,Tablet,Australia,Direct,32,4,1
session_3418,user_1297,1/23/2025 1:25,cart,Tablet,Australia,Direct,106,4,1
session_3418,user_1297,1/23/2025 1:27,checkout,Tablet,Australia,Direct,114,4,1
session_3418,user_1297,1/23/2025 1:28,confirmation,Tablet,Australia,Direct,72,0,1
session_3419,user_2920,6/22/2025 15:40,home,Tablet,France,Email,75,0,0
session_3420,user_1055,3/27/2025 5:12,home,Tablet,Germany,Google,168,0,1
session_3420,user_1055,3/27/2025 5:12,product_page,Tablet,Germany,Google,46,0,1
session_3420,user_1055,3/27/2025 5:15,cart,Tablet,Germany,Google,166,3,1
session_3420,user_1055,3/27/2025 5:18,checkout,Tablet,Germany,Google,165,3,1
session_3420,user_1055,3/27/2025 5:19,confirmation,Tablet,Germany,Google,43,0,1
session_3421,user_2278,7/9/2025 17:19,home,Desktop,France,Direct,33,0,0
session_3422,user_2681,3/28/2025 15:25,home,Desktop,France,Email,109,0,0
session_3422,user_2681,3/28/2025 15:28,product_page,Desktop,France,Email,143,0,0
session_3423,user_1219,2/4/2025 0:18,home,Desktop,India,Social Media,76,0,0
session_3423,user_1219,2/4/2025 0:20,product_page,Desktop,India,Social Media,104,0,0
session_3424,user_2062,5/31/2025 17:03,home,Mobile,France,Google,81,0,0
session_3424,user_2062,5/31/2025 17:04,product_page,Mobile,France,Google,54,4,0
session_3425,user_2971,8/18/2025 19:34,home,Tablet,France,Email,102,0,0
session_3425,user_2971,8/18/2025 19:34,product_page,Tablet,France,Email,18,4,0
session_3426,user_1239,8/19/2025 14:49,home,Desktop,France,Social Media,41,0,0
session_3427,user_2792,7/10/2025 18:51,home,Tablet,USA,Google,34,0,1
session_3427,user_2792,7/10/2025 18:53,product_page,Tablet,USA,Google,127,4,1
session_3427,user_2792,7/10/2025 18:54,cart,Tablet,USA,Google,46,4,1
session_3427,user_2792,7/10/2025 18:55,checkout,Tablet,USA,Google,60,4,1
session_3427,user_2792,7/10/2025 18:56,confirmation,Tablet,USA,Google,80,0,1
session_3428,user_1285,1/4/2025 6:20,home,Tablet,UK,Direct,38,0,0
session_3428,user_1285,1/4/2025 6:21,product_page,Tablet,UK,Direct,48,5,0
session_3429,user_1554,2/28/2025 23:54,home,Desktop,USA,Direct,96,0,0
session_3430,user_1941,2/12/2025 4:35,home,Tablet,France,Google,118,0,1
session_3430,user_1941,2/12/2025 4:36,product_page,Tablet,France,Google,40,0,1
session_3430,user_1941,2/12/2025 4:38,cart,Tablet,France,Google,118,0,1
session_3430,user_1941,2/12/2025 4:40,checkout,Tablet,France,Google,111,2,1
session_3430,user_1941,2/12/2025 4:40,confirmation,Tablet,France,Google,26,0,1
session_3431,user_1408,6/13/2025 8:21,home,Desktop,France,Direct,18,0,0
session_3431,user_1408,6/13/2025 8:23,product_page,Desktop,France,Direct,128,0,0
session_3432,user_2988,4/19/2025 9:27,home,Desktop,Australia,Email,68,0,0
session_3432,user_2988,4/19/2025 9:29,product_page,Desktop,Australia,Email,132,5,0
session_3433,user_1388,5/3/2025 13:10,home,Mobile,UK,Google,30,0,0
session_3433,user_1388,5/3/2025 13:11,product_page,Mobile,UK,Google,57,3,0
session_3434,user_2674,4/19/2025 7:15,home,Desktop,France,Email,107,0,0
session_3434,user_2674,4/19/2025 7:17,product_page,Desktop,France,Email,113,2,0
session_3435,user_2955,4/24/2025 1:55,home,Desktop,France,Google,97,0,1
session_3435,user_2955,4/24/2025 1:57,product_page,Desktop,France,Google,88,1,1
session_3435,user_2955,4/24/2025 2:00,cart,Desktop,France,Google,179,1,1
session_3435,user_2955,4/24/2025 2:02,checkout,Desktop,France,Google,126,1,1
session_3435,user_2955,4/24/2025 2:05,confirmation,Desktop,France,Google,179,0,1
session_3436,user_1701,2/2/2025 15:41,home,Mobile,India,Google,44,0,0
session_3436,user_1701,2/2/2025 15:42,product_page,Mobile,India,Google,43,3,0
session_3437,user_2784,6/6/2025 14:21,home,Mobile,France,Social Media,108,0,0
session_3437,user_2784,6/6/2025 14:22,product_page,Mobile,France,Social Media,79,1,0
session_3437,user_2784,6/6/2025 14:24,cart,Mobile,France,Social Media,124,1,0
session_3438,user_1165,7/13/2025 21:25,home,Tablet,Germany,Email,90,0,0
session_3438,user_1165,7/13/2025 21:27,product_page,Tablet,Germany,Email,80,0,0
session_3439,user_1577,1/3/2025 3:35,home,Desktop,Australia,Google,20,0,0
session_3439,user_1577,1/3/2025 3:36,product_page,Desktop,Australia,Google,67,1,0
session_3439,user_1577,1/3/2025 3:38,cart,Desktop,Australia,Google,131,1,0
session_3439,user_1577,1/3/2025 3:39,checkout,Desktop,Australia,Google,75,1,0
session_3440,user_1830,6/11/2025 15:44,home,Mobile,USA,Email,76,0,1
session_3440,user_1830,6/11/2025 15:45,product_page,Mobile,USA,Email,47,0,1
session_3440,user_1830,6/11/2025 15:48,cart,Mobile,USA,Email,148,0,1
session_3440,user_1830,6/11/2025 15:48,checkout,Mobile,USA,Email,19,3,1
session_3440,user_1830,6/11/2025 15:48,confirmation,Mobile,USA,Email,34,0,1
session_3441,user_1426,1/11/2025 21:15,home,Mobile,India,Google,73,0,0
session_3442,user_1629,7/31/2025 12:00,home,Desktop,Australia,Direct,108,0,0
session_3442,user_1629,7/31/2025 12:00,product_page,Desktop,Australia,Direct,36,2,0
session_3443,user_1665,3/8/2025 13:27,home,Mobile,USA,Google,72,0,0
session_3444,user_2963,6/10/2025 22:38,home,Mobile,UK,Google,16,0,0
session_3444,user_2963,6/10/2025 22:40,product_page,Mobile,UK,Google,106,2,0
session_3445,user_1416,6/16/2025 14:45,home,Mobile,UK,Social Media,48,0,1
session_3445,user_1416,6/16/2025 14:48,product_page,Mobile,UK,Social Media,165,3,1
session_3445,user_1416,6/16/2025 14:49,cart,Mobile,UK,Social Media,46,3,1
session_3445,user_1416,6/16/2025 14:50,checkout,Mobile,UK,Social Media,101,3,1
session_3445,user_1416,6/16/2025 14:52,confirmation,Mobile,UK,Social Media,113,0,1
session_3446,user_1150,7/3/2025 2:44,home,Desktop,India,Direct,34,0,0
session_3447,user_1173,7/24/2025 12:32,home,Mobile,UK,Direct,23,0,0
session_3448,user_1433,7/7/2025 7:45,home,Mobile,France,Email,154,0,0
session_3448,user_1433,7/7/2025 7:47,product_page,Mobile,France,Email,152,3,0
session_3449,user_1784,7/31/2025 16:47,home,Tablet,India,Google,27,0,0
session_3449,user_1784,7/31/2025 16:47,product_page,Tablet,India,Google,23,0,0
session_3449,user_1784,7/31/2025 16:49,cart,Tablet,India,Google,100,4,0
session_3450,user_2161,2/10/2025 19:45,home,Desktop,India,Social Media,49,0,0
session_3450,user_2161,2/10/2025 19:46,product_page,Desktop,India,Social Media,47,0,0
session_3451,user_2491,4/27/2025 8:27,home,Tablet,France,Email,91,0,0
session_3451,user_2491,4/27/2025 8:29,product_page,Tablet,France,Email,99,1,0
session_3452,user_2314,2/16/2025 21:50,home,Desktop,Germany,Social Media,90,0,0
session_3453,user_1400,1/22/2025 17:05,home,Mobile,UK,Email,44,0,1
session_3453,user_1400,1/22/2025 17:07,product_page,Mobile,UK,Email,157,4,1
session_3453,user_1400,1/22/2025 17:08,cart,Mobile,UK,Email,67,4,1
session_3453,user_1400,1/22/2025 17:11,checkout,Mobile,UK,Email,177,4,1
session_3453,user_1400,1/22/2025 17:12,confirmation,Mobile,UK,Email,39,0,1
session_3454,user_2764,3/31/2025 13:54,home,Mobile,Australia,Direct,155,0,0
session_3454,user_2764,3/31/2025 13:54,product_page,Mobile,Australia,Direct,23,0,0
session_3455,user_2132,5/18/2025 1:04,home,Desktop,India,Google,109,0,0
session_3455,user_2132,5/18/2025 1:06,product_page,Desktop,India,Google,131,1,0
session_3456,user_1420,6/5/2025 21:19,home,Mobile,France,Email,158,0,0
session_3456,user_1420,6/5/2025 21:20,product_page,Mobile,France,Email,16,2,0
session_3457,user_2249,8/27/2025 9:19,home,Desktop,India,Social Media,164,0,0
session_3457,user_2249,8/27/2025 9:19,product_page,Desktop,India,Social Media,49,3,0
session_3458,user_1967,8/1/2025 13:35,home,Mobile,France,Social Media,135,0,0
session_3458,user_1967,8/1/2025 13:37,product_page,Mobile,France,Social Media,158,3,0
session_3459,user_1403,5/29/2025 10:28,home,Mobile,France,Google,61,0,0
session_3459,user_1403,5/29/2025 10:29,product_page,Mobile,France,Google,60,2,0
session_3459,user_1403,5/29/2025 10:31,cart,Mobile,France,Google,89,2,0
session_3460,user_1771,6/29/2025 11:29,home,Tablet,India,Social Media,175,0,0
session_3460,user_1771,6/29/2025 11:32,product_page,Tablet,India,Social Media,179,0,0
session_3460,user_1771,6/29/2025 11:35,cart,Tablet,India,Social Media,180,0,0
session_3461,user_2968,3/22/2025 1:09,home,Desktop,France,Direct,19,0,1
session_3461,user_2968,3/22/2025 1:12,product_page,Desktop,France,Direct,178,2,1
session_3461,user_2968,3/22/2025 1:14,cart,Desktop,France,Direct,139,2,1
session_3461,user_2968,3/22/2025 1:15,checkout,Desktop,France,Direct,41,2,1
session_3461,user_2968,3/22/2025 1:15,confirmation,Desktop,France,Direct,26,0,1
session_3462,user_1709,6/27/2025 6:35,home,Mobile,Germany,Direct,95,0,0
session_3462,user_1709,6/27/2025 6:36,product_page,Mobile,Germany,Direct,75,5,0
session_3463,user_1232,4/22/2025 3:27,home,Mobile,India,Google,109,0,1
session_3463,user_1232,4/22/2025 3:27,product_page,Mobile,India,Google,30,3,1
session_3463,user_1232,4/22/2025 3:30,cart,Mobile,India,Google,180,3,1
session_3463,user_1232,4/22/2025 3:32,checkout,Mobile,India,Google,134,3,1
session_3463,user_1232,4/22/2025 3:33,confirmation,Mobile,India,Google,46,0,1
session_3464,user_1740,1/9/2025 0:07,home,Tablet,Germany,Google,63,0,0
session_3465,user_1723,2/16/2025 9:54,home,Mobile,UK,Social Media,37,0,0
session_3465,user_1723,2/16/2025 9:56,product_page,Mobile,UK,Social Media,124,0,0
session_3465,user_1723,2/16/2025 9:58,cart,Mobile,UK,Social Media,137,5,0
session_3466,user_2103,5/30/2025 7:33,home,Tablet,Canada,Email,148,0,0
session_3466,user_2103,5/30/2025 7:33,product_page,Tablet,Canada,Email,21,1,0
session_3467,user_2028,1/30/2025 12:40,home,Tablet,Germany,Email,118,0,1
session_3467,user_2028,1/30/2025 12:42,product_page,Tablet,Germany,Email,127,3,1
session_3467,user_2028,1/30/2025 12:44,cart,Tablet,Germany,Email,139,3,1
session_3467,user_2028,1/30/2025 12:45,checkout,Tablet,Germany,Email,60,3,1
session_3467,user_2028,1/30/2025 12:48,confirmation,Tablet,Germany,Email,169,0,1
session_3468,user_2091,7/8/2025 12:51,home,Tablet,Germany,Google,25,0,0
session_3469,user_2245,4/7/2025 4:22,home,Mobile,UK,Direct,149,0,0
session_3469,user_2245,4/7/2025 4:23,product_page,Mobile,UK,Direct,66,0,0
session_3470,user_1989,3/23/2025 16:23,home,Desktop,USA,Direct,153,0,0
session_3470,user_1989,3/23/2025 16:25,product_page,Desktop,USA,Direct,101,3,0
session_3471,user_2668,1/13/2025 12:28,home,Desktop,France,Social Media,167,0,0
session_3471,user_2668,1/13/2025 12:31,product_page,Desktop,France,Social Media,162,4,0
session_3472,user_2947,6/27/2025 3:54,home,Mobile,Germany,Email,127,0,1
session_3472,user_2947,6/27/2025 3:56,product_page,Mobile,Germany,Email,123,2,1
session_3472,user_2947,6/27/2025 3:58,cart,Mobile,Germany,Email,132,2,1
session_3472,user_2947,6/27/2025 4:00,checkout,Mobile,Germany,Email,93,2,1
session_3472,user_2947,6/27/2025 4:01,confirmation,Mobile,Germany,Email,52,0,1
session_3473,user_1438,1/8/2025 8:54,home,Mobile,Canada,Social Media,34,0,0
session_3473,user_1438,1/8/2025 8:54,product_page,Mobile,Canada,Social Media,45,0,0
session_3474,user_2540,2/24/2025 16:16,home,Tablet,USA,Social Media,169,0,1
session_3474,user_2540,2/24/2025 16:17,product_page,Tablet,USA,Social Media,32,4,1
session_3474,user_2540,2/24/2025 16:20,cart,Tablet,USA,Social Media,165,4,1
session_3474,user_2540,2/24/2025 16:22,checkout,Tablet,USA,Social Media,118,4,1
session_3474,user_2540,2/24/2025 16:24,confirmation,Tablet,USA,Social Media,175,0,1
session_3475,user_1148,6/11/2025 20:40,home,Desktop,India,Email,167,0,0
session_3476,user_2440,7/21/2025 6:27,home,Mobile,UK,Social Media,136,0,0
session_3476,user_2440,7/21/2025 6:29,product_page,Mobile,UK,Social Media,138,5,0
session_3476,user_2440,7/21/2025 6:31,cart,Mobile,UK,Social Media,109,5,0
session_3477,user_1076,5/20/2025 6:24,home,Tablet,India,Email,83,0,0
session_3477,user_1076,5/20/2025 6:26,product_page,Tablet,India,Email,96,4,0
session_3478,user_2456,2/19/2025 2:44,home,Desktop,UK,Email,18,0,1
session_3478,user_2456,2/19/2025 2:46,product_page,Desktop,UK,Email,155,5,1
session_3478,user_2456,2/19/2025 2:47,cart,Desktop,UK,Email,63,5,1
session_3478,user_2456,2/19/2025 2:48,checkout,Desktop,UK,Email,57,5,1
session_3478,user_2456,2/19/2025 2:50,confirmation,Desktop,UK,Email,85,0,1
session_3479,user_1318,6/16/2025 13:41,home,Mobile,France,Social Media,108,0,1
session_3479,user_1318,6/16/2025 13:43,product_page,Mobile,France,Social Media,96,3,1
session_3479,user_1318,6/16/2025 13:43,cart,Mobile,France,Social Media,37,3,1
session_3479,user_1318,6/16/2025 13:44,checkout,Mobile,France,Social Media,70,3,1
session_3479,user_1318,6/16/2025 13:47,confirmation,Mobile,France,Social Media,143,0,1
session_3480,user_1966,5/19/2025 21:54,home,Mobile,Germany,Direct,174,0,1
session_3480,user_1966,5/19/2025 21:54,product_page,Mobile,Germany,Direct,19,0,1
session_3480,user_1966,5/19/2025 21:55,cart,Mobile,Germany,Direct,62,0,1
session_3480,user_1966,5/19/2025 21:56,checkout,Mobile,Germany,Direct,60,2,1
session_3480,user_1966,5/19/2025 21:58,confirmation,Mobile,Germany,Direct,113,0,1
session_3481,user_2610,1/22/2025 9:49,home,Desktop,Canada,Google,169,0,0
session_3482,user_2069,6/4/2025 20:08,home,Mobile,India,Email,150,0,1
session_3482,user_2069,6/4/2025 20:10,product_page,Mobile,India,Email,142,0,1
session_3482,user_2069,6/4/2025 20:12,cart,Mobile,India,Email,75,3,1
session_3482,user_2069,6/4/2025 20:13,checkout,Mobile,India,Email,62,3,1
session_3482,user_2069,6/4/2025 20:14,confirmation,Mobile,India,Email,71,0,1
session_3483,user_1564,7/14/2025 20:37,home,Desktop,USA,Direct,109,0,0
session_3483,user_1564,7/14/2025 20:39,product_page,Desktop,USA,Direct,98,3,0
session_3484,user_1366,7/29/2025 22:16,home,Tablet,Germany,Direct,180,0,0
session_3484,user_1366,7/29/2025 22:17,product_page,Tablet,Germany,Direct,50,0,0
session_3484,user_1366,7/29/2025 22:17,cart,Tablet,Germany,Direct,54,2,0
session_3485,user_2826,6/19/2025 16:41,home,Tablet,France,Social Media,107,0,0
session_3485,user_2826,6/19/2025 16:43,product_page,Tablet,France,Social Media,129,1,0
session_3486,user_2860,8/1/2025 18:20,home,Tablet,Canada,Email,123,0,1
session_3486,user_2860,8/1/2025 18:22,product_page,Tablet,Canada,Email,107,1,1
session_3486,user_2860,8/1/2025 18:22,cart,Tablet,Canada,Email,51,1,1
session_3486,user_2860,8/1/2025 18:23,checkout,Tablet,Canada,Email,52,1,1
session_3486,user_2860,8/1/2025 18:26,confirmation,Tablet,Canada,Email,151,0,1
session_3487,user_2370,7/15/2025 13:07,home,Desktop,France,Direct,55,0,0
session_3487,user_2370,7/15/2025 13:09,product_page,Desktop,France,Direct,135,1,0
session_3487,user_2370,7/15/2025 13:11,cart,Desktop,France,Direct,108,1,0
session_3488,user_2660,2/27/2025 18:24,home,Desktop,Australia,Google,42,0,0
session_3488,user_2660,2/27/2025 18:25,product_page,Desktop,Australia,Google,56,5,0
session_3488,user_2660,2/27/2025 18:27,cart,Desktop,Australia,Google,126,5,0
session_3489,user_1393,6/21/2025 21:38,home,Tablet,UK,Social Media,133,0,0
session_3490,user_1456,3/18/2025 11:00,home,Mobile,Australia,Email,121,0,0
session_3490,user_1456,3/18/2025 11:02,product_page,Mobile,Australia,Email,135,0,0
session_3490,user_1456,3/18/2025 11:03,cart,Mobile,Australia,Email,29,5,0
session_3491,user_1863,8/8/2025 4:18,home,Desktop,Germany,Direct,177,0,0
session_3491,user_1863,8/8/2025 4:20,product_page,Desktop,Germany,Direct,140,1,0
session_3492,user_2091,8/12/2025 5:19,home,Tablet,France,Email,170,0,0
session_3492,user_2091,8/12/2025 5:19,product_page,Tablet,France,Email,35,4,0
session_3493,user_1411,5/19/2025 23:05,home,Desktop,USA,Social Media,154,0,0
session_3493,user_1411,5/19/2025 23:07,product_page,Desktop,USA,Social Media,97,1,0
session_3494,user_1683,4/11/2025 5:57,home,Mobile,USA,Email,115,0,0
session_3494,user_1683,4/11/2025 5:59,product_page,Mobile,USA,Email,172,0,0
session_3495,user_2060,7/11/2025 16:46,home,Desktop,UK,Google,108,0,0
session_3496,user_1467,5/4/2025 6:10,home,Desktop,Australia,Direct,47,0,0
session_3496,user_1467,5/4/2025 6:12,product_page,Desktop,Australia,Direct,107,0,0
session_3497,user_2526,2/1/2025 22:30,home,Tablet,India,Email,40,0,0
session_3497,user_2526,2/1/2025 22:32,product_page,Tablet,India,Email,113,0,0
session_3497,user_2526,2/1/2025 22:33,cart,Tablet,India,Email,54,4,0
session_3498,user_2985,3/19/2025 5:44,home,Desktop,USA,Direct,85,0,0
session_3499,user_2595,1/1/2025 11:21,home,Mobile,Australia,Google,52,0,0
session_3499,user_2595,1/1/2025 11:22,product_page,Mobile,Australia,Google,48,0,0
session_3499,user_2595,1/1/2025 11:23,cart,Mobile,Australia,Google,87,4,0
session_3500,user_1970,3/12/2025 15:51,home,Mobile,France,Social Media,119,0,1
session_3500,user_1970,3/12/2025 15:54,product_page,Mobile,France,Social Media,151,0,1
session_3500,user_1970,3/12/2025 15:56,cart,Mobile,France,Social Media,171,0,1
session_3500,user_1970,3/12/2025 15:57,checkout,Mobile,France,Social Media,19,2,1
session_3500,user_1970,3/12/2025 15:59,confirmation,Mobile,France,Social Media,114,0,1
session_3501,user_2334,8/2/2025 13:37,home,Tablet,Canada,Email,172,0,0
session_3501,user_2334,8/2/2025 13:39,product_page,Tablet,Canada,Email,103,2,0
session_3502,user_1975,5/6/2025 3:40,home,Mobile,Australia,Email,133,0,0
session_3503,user_1759,1/16/2025 12:31,home,Mobile,Canada,Email,56,0,0
session_3503,user_1759,1/16/2025 12:31,product_page,Mobile,Canada,Email,36,3,0
session_3504,user_2620,6/30/2025 18:55,home,Tablet,Australia,Direct,177,0,0
session_3505,user_2641,3/27/2025 1:37,home,Tablet,UK,Google,94,0,0
session_3505,user_2641,3/27/2025 1:39,product_page,Tablet,UK,Google,109,3,0
session_3506,user_1934,2/27/2025 4:39,home,Desktop,India,Email,93,0,0
session_3506,user_1934,2/27/2025 4:39,product_page,Desktop,India,Email,35,0,0
session_3507,user_1904,5/14/2025 9:49,home,Tablet,France,Email,49,0,0
session_3508,user_2686,4/12/2025 11:40,home,Desktop,Australia,Google,80,0,0
session_3509,user_2675,3/9/2025 2:45,home,Tablet,India,Google,129,0,0
session_3510,user_1899,8/5/2025 17:25,home,Tablet,UK,Email,110,0,0
session_3510,user_1899,8/5/2025 17:25,product_page,Tablet,UK,Email,35,0,0
session_3510,user_1899,8/5/2025 17:27,cart,Tablet,UK,Email,106,0,0
session_3511,user_2603,8/16/2025 16:00,home,Desktop,Germany,Email,174,0,0
session_3511,user_2603,8/16/2025 16:01,product_page,Desktop,Germany,Email,69,4,0
session_3512,user_1997,3/27/2025 10:34,home,Mobile,Australia,Social Media,73,0,0
session_3513,user_2052,3/30/2025 2:57,home,Desktop,India,Direct,174,0,0
session_3513,user_2052,3/30/2025 3:00,product_page,Desktop,India,Direct,148,0,0
session_3514,user_1626,8/1/2025 5:04,home,Mobile,Australia,Direct,130,0,0
session_3514,user_1626,8/1/2025 5:06,product_page,Mobile,Australia,Direct,139,0,0
session_3515,user_1781,5/14/2025 21:15,home,Desktop,UK,Google,175,0,0
session_3515,user_1781,5/14/2025 21:17,product_page,Desktop,UK,Google,81,4,0
session_3516,user_2672,7/25/2025 23:27,home,Tablet,Canada,Social Media,16,0,0
session_3517,user_1930,8/29/2025 12:45,home,Desktop,Australia,Direct,153,0,0
session_3517,user_1930,8/29/2025 12:47,product_page,Desktop,Australia,Direct,97,5,0
session_3518,user_1471,6/5/2025 0:00,home,Desktop,France,Email,116,0,0
session_3518,user_1471,6/5/2025 0:01,product_page,Desktop,France,Email,44,0,0
session_3519,user_1600,5/20/2025 19:35,home,Desktop,UK,Email,87,0,1
session_3519,user_1600,5/20/2025 19:36,product_page,Desktop,UK,Email,103,0,1
session_3519,user_1600,5/20/2025 19:39,cart,Desktop,UK,Email,166,2,1
session_3519,user_1600,5/20/2025 19:40,checkout,Desktop,UK,Email,74,2,1
session_3519,user_1600,5/20/2025 19:41,confirmation,Desktop,UK,Email,22,0,1
session_3520,user_1397,4/3/2025 1:05,home,Mobile,India,Direct,64,0,0
session_3520,user_1397,4/3/2025 1:07,product_page,Mobile,India,Direct,100,0,0
session_3521,user_2228,2/14/2025 15:17,home,Mobile,Canada,Direct,72,0,0
session_3522,user_1287,4/3/2025 11:45,home,Mobile,Australia,Google,171,0,0
session_3523,user_2568,7/13/2025 14:16,home,Desktop,India,Direct,92,0,1
session_3523,user_2568,7/13/2025 14:19,product_page,Desktop,India,Direct,172,2,1
session_3523,user_2568,7/13/2025 14:21,cart,Desktop,India,Direct,154,2,1
session_3523,user_2568,7/13/2025 14:24,checkout,Desktop,India,Direct,180,2,1
session_3523,user_2568,7/13/2025 14:26,confirmation,Desktop,India,Direct,125,0,1
session_3524,user_1453,4/15/2025 9:24,home,Mobile,Germany,Social Media,137,0,0
session_3524,user_1453,4/15/2025 9:24,product_page,Mobile,Germany,Social Media,15,0,0
session_3525,user_2708,2/10/2025 11:28,home,Mobile,Canada,Direct,34,0,0
session_3525,user_2708,2/10/2025 11:30,product_page,Mobile,Canada,Direct,87,0,0
session_3525,user_2708,2/10/2025 11:32,cart,Mobile,Canada,Direct,164,1,0
session_3526,user_1788,4/30/2025 2:34,home,Tablet,Germany,Direct,149,0,0
session_3526,user_1788,4/30/2025 2:37,product_page,Tablet,Germany,Direct,169,1,0
session_3527,user_2915,8/12/2025 9:56,home,Mobile,Germany,Email,88,0,0
session_3527,user_2915,8/12/2025 9:57,product_page,Mobile,Germany,Email,65,4,0
session_3528,user_2521,4/2/2025 16:32,home,Tablet,India,Google,137,0,0
session_3528,user_2521,4/2/2025 16:33,product_page,Tablet,India,Google,29,3,0
session_3529,user_2783,1/23/2025 4:49,home,Tablet,USA,Email,103,0,0
session_3529,user_2783,1/23/2025 4:49,product_page,Tablet,USA,Email,19,3,0
session_3530,user_2215,8/8/2025 21:18,home,Desktop,India,Google,115,0,1
session_3530,user_2215,8/8/2025 21:19,product_page,Desktop,India,Google,79,4,1
session_3530,user_2215,8/8/2025 21:19,cart,Desktop,India,Google,21,4,1
session_3530,user_2215,8/8/2025 21:21,checkout,Desktop,India,Google,93,4,1
session_3530,user_2215,8/8/2025 21:24,confirmation,Desktop,India,Google,167,0,1
session_3531,user_1341,7/12/2025 18:31,home,Desktop,Germany,Email,33,0,1
session_3531,user_1341,7/12/2025 18:33,product_page,Desktop,Germany,Email,130,1,1
session_3531,user_1341,7/12/2025 18:36,cart,Desktop,Germany,Email,164,1,1
session_3531,user_1341,7/12/2025 18:38,checkout,Desktop,Germany,Email,132,1,1
session_3531,user_1341,7/12/2025 18:39,confirmation,Desktop,Germany,Email,44,0,1
session_3532,user_2139,8/16/2025 15:39,home,Mobile,UK,Social Media,32,0,0
session_3532,user_2139,8/16/2025 15:39,product_page,Mobile,UK,Social Media,19,1,0
session_3533,user_1880,4/25/2025 13:03,home,Mobile,France,Google,177,0,0
session_3533,user_1880,4/25/2025 13:05,product_page,Mobile,France,Google,123,4,0
session_3534,user_1221,6/5/2025 10:12,home,Tablet,USA,Email,120,0,0
session_3534,user_1221,6/5/2025 10:15,product_page,Tablet,USA,Email,144,0,0
session_3535,user_1719,3/19/2025 3:14,home,Tablet,India,Direct,97,0,0
session_3535,user_1719,3/19/2025 3:15,product_page,Tablet,India,Direct,104,0,0
session_3536,user_1423,5/14/2025 23:08,home,Tablet,USA,Google,90,0,0
session_3536,user_1423,5/14/2025 23:09,product_page,Tablet,USA,Google,40,0,0
session_3536,user_1423,5/14/2025 23:10,cart,Tablet,USA,Google,38,0,0
session_3537,user_1387,3/24/2025 15:55,home,Mobile,USA,Email,90,0,1
session_3537,user_1387,3/24/2025 15:57,product_page,Mobile,USA,Email,144,0,1
session_3537,user_1387,3/24/2025 15:59,cart,Mobile,USA,Email,111,3,1
session_3537,user_1387,3/24/2025 16:01,checkout,Mobile,USA,Email,125,3,1
session_3537,user_1387,3/24/2025 16:03,confirmation,Mobile,USA,Email,77,0,1
session_3538,user_1358,2/11/2025 11:48,home,Tablet,Canada,Direct,80,0,0
session_3538,user_1358,2/11/2025 11:49,product_page,Tablet,Canada,Direct,84,0,0
session_3538,user_1358,2/11/2025 11:52,cart,Tablet,Canada,Direct,153,4,0
session_3539,user_2784,1/28/2025 10:25,home,Tablet,UK,Google,33,0,1
session_3539,user_2784,1/28/2025 10:28,product_page,Tablet,UK,Google,178,2,1
session_3539,user_2784,1/28/2025 10:30,cart,Tablet,UK,Google,88,2,1
session_3539,user_2784,1/28/2025 10:30,checkout,Tablet,UK,Google,19,2,1
session_3539,user_2784,1/28/2025 10:33,confirmation,Tablet,UK,Google,143,0,1
session_3540,user_1774,7/9/2025 5:29,home,Tablet,USA,Direct,160,0,0
session_3540,user_1774,7/9/2025 5:31,product_page,Tablet,USA,Direct,110,0,0
session_3541,user_1559,4/7/2025 12:50,home,Tablet,Australia,Email,35,0,1
session_3541,user_1559,4/7/2025 12:51,product_page,Tablet,Australia,Email,44,0,1
session_3541,user_1559,4/7/2025 12:54,cart,Tablet,Australia,Email,176,0,1
session_3541,user_1559,4/7/2025 12:55,checkout,Tablet,Australia,Email,53,1,1
session_3541,user_1559,4/7/2025 12:57,confirmation,Tablet,Australia,Email,111,0,1
session_3542,user_1084,2/18/2025 9:09,home,Desktop,UK,Google,107,0,0
session_3542,user_1084,2/18/2025 9:11,product_page,Desktop,UK,Google,99,0,0
session_3543,user_2329,1/15/2025 13:30,home,Desktop,France,Google,39,0,0
session_3543,user_2329,1/15/2025 13:32,product_page,Desktop,France,Google,106,0,0
session_3544,user_2783,6/4/2025 3:58,home,Tablet,Germany,Email,67,0,0
session_3545,user_2868,3/30/2025 1:02,home,Desktop,UK,Social Media,120,0,0
session_3545,user_2868,3/30/2025 1:04,product_page,Desktop,UK,Social Media,103,0,0
session_3546,user_2114,8/12/2025 4:00,home,Tablet,France,Direct,71,0,0
session_3547,user_1180,4/12/2025 14:44,home,Mobile,USA,Email,99,0,0
session_3547,user_1180,4/12/2025 14:45,product_page,Mobile,USA,Email,44,0,0
session_3547,user_1180,4/12/2025 14:46,cart,Mobile,USA,Email,92,0,0
session_3548,user_1183,4/11/2025 11:20,home,Tablet,Germany,Direct,93,0,0
session_3548,user_1183,4/11/2025 11:20,product_page,Tablet,Germany,Direct,29,4,0
session_3549,user_2130,8/21/2025 17:52,home,Mobile,UK,Email,94,0,0
session_3549,user_2130,8/21/2025 17:55,product_page,Mobile,UK,Email,164,3,0
session_3549,user_2130,8/21/2025 17:56,cart,Mobile,UK,Email,63,3,0
session_3550,user_1763,3/8/2025 18:21,home,Mobile,Canada,Direct,158,0,0
session_3550,user_1763,3/8/2025 18:23,product_page,Mobile,Canada,Direct,118,1,0
session_3551,user_2491,3/3/2025 3:50,home,Tablet,Australia,Google,66,0,1
session_3551,user_2491,3/3/2025 3:51,product_page,Tablet,Australia,Google,56,0,1
session_3551,user_2491,3/3/2025 3:53,cart,Tablet,Australia,Google,104,2,1
session_3551,user_2491,3/3/2025 3:53,checkout,Tablet,Australia,Google,32,2,1
session_3551,user_2491,3/3/2025 3:56,confirmation,Tablet,Australia,Google,145,0,1
session_3552,user_2650,7/3/2025 0:05,home,Tablet,USA,Email,51,0,0
session_3553,user_1257,8/1/2025 10:33,home,Tablet,France,Email,161,0,0
session_3553,user_1257,8/1/2025 10:35,product_page,Tablet,France,Email,145,5,0
session_3554,user_1767,3/6/2025 11:25,home,Mobile,USA,Social Media,28,0,0
session_3555,user_2546,4/7/2025 17:08,home,Desktop,India,Social Media,24,0,0
session_3556,user_1876,1/13/2025 3:31,home,Desktop,India,Email,19,0,1
session_3556,user_1876,1/13/2025 3:33,product_page,Desktop,India,Email,109,0,1
session_3556,user_1876,1/13/2025 3:34,cart,Desktop,India,Email,45,5,1
session_3556,user_1876,1/13/2025 3:36,checkout,Desktop,India,Email,105,5,1
session_3556,user_1876,1/13/2025 3:38,confirmation,Desktop,India,Email,121,0,1
session_3557,user_1032,3/23/2025 12:47,home,Desktop,UK,Social Media,77,0,1
session_3557,user_1032,3/23/2025 12:49,product_page,Desktop,UK,Social Media,101,3,1
session_3557,user_1032,3/23/2025 12:50,cart,Desktop,UK,Social Media,51,3,1
session_3557,user_1032,3/23/2025 12:51,checkout,Desktop,UK,Social Media,90,3,1
session_3557,user_1032,3/23/2025 12:53,confirmation,Desktop,UK,Social Media,121,0,1
session_3558,user_2710,3/20/2025 4:20,home,Mobile,USA,Social Media,161,0,0
session_3558,user_2710,3/20/2025 4:22,product_page,Mobile,USA,Social Media,146,0,0
session_3559,user_1250,8/22/2025 5:51,home,Desktop,Australia,Email,66,0,0
session_3559,user_1250,8/22/2025 5:53,product_page,Desktop,Australia,Email,107,0,0
session_3560,user_1015,8/7/2025 22:26,home,Mobile,India,Email,36,0,0
session_3561,user_1837,7/15/2025 14:02,home,Tablet,UK,Social Media,23,0,0
session_3561,user_1837,7/15/2025 14:03,product_page,Tablet,UK,Social Media,93,0,0
session_3562,user_1577,5/7/2025 3:33,home,Desktop,Germany,Social Media,108,0,0
session_3562,user_1577,5/7/2025 3:36,product_page,Desktop,Germany,Social Media,155,0,0
session_3563,user_1804,6/24/2025 23:43,home,Mobile,USA,Direct,174,0,0
session_3564,user_1647,3/8/2025 9:15,home,Desktop,UK,Google,149,0,0
session_3564,user_1647,3/8/2025 9:16,product_page,Desktop,UK,Google,59,0,0
session_3565,user_1470,2/20/2025 0:40,home,Mobile,Canada,Direct,125,0,0
session_3565,user_1470,2/20/2025 0:42,product_page,Mobile,Canada,Direct,145,1,0
session_3566,user_2344,7/20/2025 9:42,home,Desktop,Australia,Google,51,0,1
session_3566,user_2344,7/20/2025 9:43,product_page,Desktop,Australia,Google,30,4,1
session_3566,user_2344,7/20/2025 9:44,cart,Desktop,Australia,Google,49,4,1
session_3566,user_2344,7/20/2025 9:45,checkout,Desktop,Australia,Google,94,4,1
session_3566,user_2344,7/20/2025 9:47,confirmation,Desktop,Australia,Google,96,0,1
session_3567,user_1441,5/21/2025 22:48,home,Tablet,UK,Google,20,0,0
session_3567,user_1441,5/21/2025 22:50,product_page,Tablet,UK,Google,92,3,0
session_3568,user_1724,8/9/2025 10:38,home,Desktop,Canada,Google,141,0,0
session_3568,user_1724,8/9/2025 10:38,product_page,Desktop,Canada,Google,18,0,0
session_3569,user_2740,8/4/2025 9:55,home,Desktop,Canada,Direct,50,0,0
session_3570,user_2216,3/11/2025 22:43,home,Mobile,Germany,Google,77,0,1
session_3570,user_2216,3/11/2025 22:44,product_page,Mobile,Germany,Google,20,4,1
session_3570,user_2216,3/11/2025 22:46,cart,Mobile,Germany,Google,174,4,1
session_3570,user_2216,3/11/2025 22:47,checkout,Mobile,Germany,Google,39,4,1
session_3570,user_2216,3/11/2025 22:49,confirmation,Mobile,Germany,Google,139,0,1
session_3571,user_2963,8/6/2025 10:28,home,Tablet,USA,Google,151,0,0
session_3571,user_2963,8/6/2025 10:30,product_page,Tablet,USA,Google,93,4,0
session_3572,user_2838,7/22/2025 7:01,home,Desktop,Australia,Social Media,147,0,1
session_3572,user_2838,7/22/2025 7:01,product_page,Desktop,Australia,Social Media,30,4,1
session_3572,user_2838,7/22/2025 7:03,cart,Desktop,Australia,Social Media,118,4,1
session_3572,user_2838,7/22/2025 7:04,checkout,Desktop,Australia,Social Media,74,4,1
session_3572,user_2838,7/22/2025 7:05,confirmation,Desktop,Australia,Social Media,35,0,1
session_3573,user_1376,1/17/2025 17:06,home,Desktop,Germany,Email,64,0,0
session_3573,user_1376,1/17/2025 17:07,product_page,Desktop,Germany,Email,66,0,0
session_3574,user_2485,1/20/2025 0:50,home,Mobile,France,Google,85,0,0
session_3574,user_2485,1/20/2025 0:51,product_page,Mobile,France,Google,97,3,0
session_3575,user_1971,7/23/2025 10:54,home,Desktop,USA,Direct,60,0,0
session_3575,user_1971,7/23/2025 10:56,product_page,Desktop,USA,Direct,116,3,0
session_3576,user_2016,3/23/2025 7:54,home,Tablet,France,Social Media,91,0,1
session_3576,user_2016,3/23/2025 7:57,product_page,Tablet,France,Social Media,133,4,1
session_3576,user_2016,3/23/2025 7:58,cart,Tablet,France,Social Media,69,4,1
session_3576,user_2016,3/23/2025 7:58,checkout,Tablet,France,Social Media,15,4,1
session_3576,user_2016,3/23/2025 7:59,confirmation,Tablet,France,Social Media,32,0,1
session_3577,user_2967,6/26/2025 8:27,home,Desktop,Australia,Social Media,102,0,0
session_3577,user_2967,6/26/2025 8:28,product_page,Desktop,Australia,Social Media,58,5,0
session_3577,user_2967,6/26/2025 8:31,cart,Desktop,Australia,Social Media,180,5,0
session_3578,user_1682,4/4/2025 8:36,home,Mobile,India,Direct,125,0,1
session_3578,user_1682,4/4/2025 8:38,product_page,Mobile,India,Direct,109,3,1
session_3578,user_1682,4/4/2025 8:41,cart,Mobile,India,Direct,154,3,1
session_3578,user_1682,4/4/2025 8:42,checkout,Mobile,India,Direct,93,3,1
session_3578,user_1682,4/4/2025 8:45,confirmation,Mobile,India,Direct,156,0,1
session_3579,user_2085,4/12/2025 13:35,home,Desktop,France,Direct,57,0,0
session_3579,user_2085,4/12/2025 13:35,product_page,Desktop,France,Direct,28,0,0
session_3580,user_1115,7/27/2025 21:07,home,Tablet,USA,Email,77,0,0
session_3580,user_1115,7/27/2025 21:09,product_page,Tablet,USA,Email,115,0,0
session_3581,user_2936,2/25/2025 19:14,home,Tablet,France,Email,120,0,0
session_3582,user_1629,8/19/2025 17:41,home,Mobile,Canada,Social Media,103,0,0
session_3582,user_1629,8/19/2025 17:43,product_page,Mobile,Canada,Social Media,136,3,0
session_3583,user_2187,8/27/2025 5:19,home,Mobile,USA,Email,115,0,0
session_3584,user_1653,8/27/2025 8:32,home,Tablet,Canada,Direct,16,0,1
session_3584,user_1653,8/27/2025 8:35,product_page,Tablet,Canada,Direct,144,0,1
session_3584,user_1653,8/27/2025 8:35,cart,Tablet,Canada,Direct,35,4,1
session_3584,user_1653,8/27/2025 8:38,checkout,Tablet,Canada,Direct,169,4,1
session_3584,user_1653,8/27/2025 8:40,confirmation,Tablet,Canada,Direct,85,0,1
session_3585,user_2212,8/13/2025 13:34,home,Desktop,Canada,Email,126,0,0
session_3585,user_2212,8/13/2025 13:35,product_page,Desktop,Canada,Email,29,0,0
session_3586,user_2872,3/18/2025 14:22,home,Desktop,France,Direct,174,0,0
session_3587,user_1323,5/8/2025 19:04,home,Tablet,UK,Email,22,0,1
session_3587,user_1323,5/8/2025 19:06,product_page,Tablet,UK,Email,108,1,1
session_3587,user_1323,5/8/2025 19:08,cart,Tablet,UK,Email,115,1,1
session_3587,user_1323,5/8/2025 19:10,checkout,Tablet,UK,Email,130,1,1
session_3587,user_1323,5/8/2025 19:12,confirmation,Tablet,UK,Email,101,0,1
session_3588,user_1884,6/13/2025 18:41,home,Desktop,Germany,Google,57,0,0
session_3589,user_2374,1/13/2025 20:33,home,Desktop,India,Social Media,95,0,1
session_3589,user_2374,1/13/2025 20:36,product_page,Desktop,India,Social Media,175,0,1
session_3589,user_2374,1/13/2025 20:37,cart,Desktop,India,Social Media,35,0,1
session_3589,user_2374,1/13/2025 20:38,checkout,Desktop,India,Social Media,62,2,1
session_3589,user_2374,1/13/2025 20:40,confirmation,Desktop,India,Social Media,130,0,1
session_3590,user_1099,1/20/2025 4:20,home,Mobile,UK,Direct,73,0,0
session_3590,user_1099,1/20/2025 4:21,product_page,Mobile,UK,Direct,56,0,0
session_3591,user_1123,5/26/2025 12:05,home,Tablet,UK,Email,33,0,0
session_3591,user_1123,5/26/2025 12:08,product_page,Tablet,UK,Email,133,3,0
session_3592,user_1063,7/4/2025 6:30,home,Mobile,Germany,Email,179,0,0
session_3593,user_2999,2/20/2025 7:57,home,Desktop,UK,Google,173,0,0
session_3593,user_2999,2/20/2025 7:59,product_page,Desktop,UK,Google,102,1,0
session_3594,user_2821,3/7/2025 16:55,home,Desktop,India,Direct,83,0,0
session_3594,user_2821,3/7/2025 16:55,product_page,Desktop,India,Direct,15,1,0
session_3594,user_2821,3/7/2025 16:58,cart,Desktop,India,Direct,165,1,0
session_3595,user_2753,2/2/2025 18:19,home,Desktop,Australia,Social Media,72,0,0
session_3595,user_2753,2/2/2025 18:20,product_page,Desktop,Australia,Social Media,41,0,0
session_3596,user_1367,5/15/2025 9:59,home,Tablet,Germany,Google,172,0,0
session_3596,user_1367,5/15/2025 9:59,product_page,Tablet,Germany,Google,35,4,0
session_3597,user_2035,2/19/2025 22:41,home,Tablet,France,Email,27,0,0
session_3597,user_2035,2/19/2025 22:42,product_page,Tablet,France,Email,73,3,0
session_3598,user_2804,7/16/2025 14:29,home,Tablet,India,Google,130,0,0
session_3599,user_1627,2/2/2025 16:40,home,Desktop,UK,Email,45,0,0
session_3600,user_1198,5/17/2025 5:59,home,Tablet,USA,Email,118,0,0
session_3601,user_2397,5/20/2025 21:17,home,Mobile,USA,Direct,94,0,0
session_3601,user_2397,5/20/2025 21:19,product_page,Mobile,USA,Direct,142,2,0
session_3602,user_2601,5/26/2025 8:05,home,Desktop,France,Google,97,0,1
session_3602,user_2601,5/26/2025 8:06,product_page,Desktop,France,Google,59,5,1
session_3602,user_2601,5/26/2025 8:08,cart,Desktop,France,Google,102,5,1
session_3602,user_2601,5/26/2025 8:09,checkout,Desktop,France,Google,114,5,1
session_3602,user_2601,5/26/2025 8:12,confirmation,Desktop,France,Google,139,0,1
session_3603,user_1591,5/21/2025 1:31,home,Mobile,Germany,Google,142,0,0
session_3603,user_1591,5/21/2025 1:33,product_page,Mobile,Germany,Google,151,0,0
session_3604,user_1843,3/4/2025 16:53,home,Mobile,Germany,Social Media,31,0,0
session_3605,user_2972,8/24/2025 9:54,home,Tablet,UK,Social Media,28,0,0
session_3606,user_2675,2/17/2025 15:43,home,Mobile,India,Email,126,0,0
session_3606,user_2675,2/17/2025 15:45,product_page,Mobile,India,Email,163,0,0
session_3607,user_1232,7/4/2025 2:09,home,Tablet,USA,Google,27,0,0
session_3607,user_1232,7/4/2025 2:12,product_page,Tablet,USA,Google,175,3,0
session_3607,user_1232,7/4/2025 2:14,cart,Tablet,USA,Google,103,3,0
session_3608,user_2929,1/20/2025 10:32,home,Desktop,Germany,Google,46,0,0
session_3608,user_2929,1/20/2025 10:33,product_page,Desktop,Germany,Google,80,5,0
session_3609,user_1904,4/23/2025 2:45,home,Desktop,Canada,Google,82,0,0
session_3609,user_1904,4/23/2025 2:46,product_page,Desktop,Canada,Google,33,0,0
session_3610,user_1551,6/25/2025 14:43,home,Desktop,USA,Email,52,0,0
session_3610,user_1551,6/25/2025 14:44,product_page,Desktop,USA,Email,35,1,0
session_3611,user_1837,8/29/2025 21:20,home,Mobile,Germany,Google,42,0,0
session_3612,user_1982,3/6/2025 8:36,home,Desktop,India,Social Media,111,0,0
session_3612,user_1982,3/6/2025 8:37,product_page,Desktop,India,Social Media,75,2,0
session_3613,user_1363,3/7/2025 5:47,home,Desktop,France,Social Media,124,0,0
session_3613,user_1363,3/7/2025 5:48,product_page,Desktop,France,Social Media,91,0,0
session_3614,user_1226,1/10/2025 13:48,home,Mobile,Canada,Social Media,176,0,0
session_3614,user_1226,1/10/2025 13:50,product_page,Mobile,Canada,Social Media,138,1,0
session_3615,user_1389,3/1/2025 18:57,home,Mobile,Germany,Social Media,52,0,1
session_3615,user_1389,3/1/2025 18:58,product_page,Mobile,Germany,Social Media,89,5,1
session_3615,user_1389,3/1/2025 18:58,cart,Mobile,Germany,Social Media,15,5,1
session_3615,user_1389,3/1/2025 18:59,checkout,Mobile,Germany,Social Media,32,5,1
session_3615,user_1389,3/1/2025 19:00,confirmation,Mobile,Germany,Social Media,47,0,1
session_3616,user_1934,7/24/2025 11:28,home,Mobile,Canada,Google,108,0,0
session_3616,user_1934,7/24/2025 11:28,product_page,Mobile,Canada,Google,33,0,0
session_3617,user_2012,5/28/2025 20:37,home,Desktop,Australia,Google,134,0,0
session_3617,user_2012,5/28/2025 20:38,product_page,Desktop,Australia,Google,89,4,0
session_3617,user_2012,5/28/2025 20:39,cart,Desktop,Australia,Google,51,4,0
session_3618,user_1921,2/19/2025 3:30,home,Desktop,France,Social Media,108,0,0
session_3618,user_1921,2/19/2025 3:31,product_page,Desktop,France,Social Media,95,3,0
session_3619,user_2799,2/25/2025 0:06,home,Mobile,France,Social Media,51,0,1
session_3619,user_2799,2/25/2025 0:07,product_page,Mobile,France,Social Media,19,3,1
session_3619,user_2799,2/25/2025 0:07,cart,Mobile,France,Social Media,20,3,1
session_3619,user_2799,2/25/2025 0:10,checkout,Mobile,France,Social Media,179,3,1
session_3619,user_2799,2/25/2025 0:11,confirmation,Mobile,France,Social Media,68,0,1
session_3620,user_2142,3/25/2025 22:49,home,Mobile,Germany,Email,126,0,0
session_3620,user_2142,3/25/2025 22:52,product_page,Mobile,Germany,Email,163,1,0
session_3621,user_1852,3/26/2025 5:41,home,Tablet,France,Social Media,32,0,0
session_3621,user_1852,3/26/2025 5:43,product_page,Tablet,France,Social Media,117,3,0
session_3622,user_1046,8/5/2025 6:49,home,Desktop,India,Direct,113,0,0
session_3622,user_1046,8/5/2025 6:50,product_page,Desktop,India,Direct,58,0,0
session_3623,user_1777,8/7/2025 13:29,home,Tablet,Canada,Social Media,109,0,0
session_3623,user_1777,8/7/2025 13:32,product_page,Tablet,Canada,Social Media,160,0,0
session_3624,user_1263,5/3/2025 3:07,home,Desktop,Germany,Direct,101,0,0
session_3624,user_1263,5/3/2025 3:08,product_page,Desktop,Germany,Direct,43,0,0
session_3625,user_1015,7/1/2025 5:29,home,Desktop,Canada,Email,73,0,0
session_3625,user_1015,7/1/2025 5:32,product_page,Desktop,Canada,Email,151,4,0
session_3626,user_2075,4/10/2025 19:44,home,Mobile,Australia,Social Media,173,0,0
session_3627,user_2906,1/6/2025 9:27,home,Tablet,India,Direct,73,0,0
session_3627,user_2906,1/6/2025 9:28,product_page,Tablet,India,Direct,81,0,0
session_3628,user_1980,2/11/2025 9:07,home,Desktop,USA,Direct,20,0,0
session_3628,user_1980,2/11/2025 9:09,product_page,Desktop,USA,Direct,131,2,0
session_3628,user_1980,2/11/2025 9:10,cart,Desktop,USA,Direct,47,2,0
session_3629,user_2876,3/4/2025 7:37,home,Tablet,Australia,Direct,53,0,0
session_3629,user_2876,3/4/2025 7:39,product_page,Tablet,Australia,Direct,75,3,0
session_3630,user_2795,2/26/2025 0:43,home,Desktop,Germany,Google,33,0,1
session_3630,user_2795,2/26/2025 0:44,product_page,Desktop,Germany,Google,44,4,1
session_3630,user_2795,2/26/2025 0:45,cart,Desktop,Germany,Google,31,4,1
session_3630,user_2795,2/26/2025 0:46,checkout,Desktop,Germany,Google,86,4,1
session_3630,user_2795,2/26/2025 0:47,confirmation,Desktop,Germany,Google,70,0,1
session_3631,user_2084,3/9/2025 10:42,home,Tablet,Canada,Email,78,0,0
session_3631,user_2084,3/9/2025 10:44,product_page,Tablet,Canada,Email,129,2,0
session_3632,user_2671,4/1/2025 10:28,home,Tablet,USA,Email,89,0,0
session_3632,user_2671,4/1/2025 10:31,product_page,Tablet,USA,Email,173,0,0
session_3633,user_2449,4/24/2025 22:01,home,Mobile,Germany,Social Media,96,0,0
session_3633,user_2449,4/24/2025 22:03,product_page,Mobile,Germany,Social Media,118,0,0
session_3634,user_2732,6/20/2025 21:08,home,Tablet,UK,Social Media,71,0,0
session_3634,user_2732,6/20/2025 21:08,product_page,Tablet,UK,Social Media,34,0,0
session_3635,user_1205,5/22/2025 13:28,home,Desktop,Germany,Google,172,0,0
session_3635,user_1205,5/22/2025 13:29,product_page,Desktop,Germany,Google,75,1,0
session_3635,user_1205,5/22/2025 13:30,cart,Desktop,Germany,Google,62,1,0
session_3636,user_2769,6/6/2025 12:11,home,Tablet,USA,Social Media,61,0,0
session_3636,user_2769,6/6/2025 12:13,product_page,Tablet,USA,Social Media,132,1,0
session_3637,user_1584,3/25/2025 3:46,home,Desktop,France,Social Media,180,0,1
session_3637,user_1584,3/25/2025 3:48,product_page,Desktop,France,Social Media,98,4,1
session_3637,user_1584,3/25/2025 3:48,cart,Desktop,France,Social Media,35,4,1
session_3637,user_1584,3/25/2025 3:51,checkout,Desktop,France,Social Media,160,4,1
session_3637,user_1584,3/25/2025 3:54,confirmation,Desktop,France,Social Media,170,0,1
session_3638,user_2135,6/14/2025 19:16,home,Desktop,France,Google,97,0,1
session_3638,user_2135,6/14/2025 19:18,product_page,Desktop,France,Google,134,1,1
session_3638,user_2135,6/14/2025 19:19,cart,Desktop,France,Google,50,1,1
session_3638,user_2135,6/14/2025 19:20,checkout,Desktop,France,Google,60,1,1
session_3638,user_2135,6/14/2025 19:23,confirmation,Desktop,France,Google,161,0,1
session_3639,user_1647,4/25/2025 1:39,home,Tablet,UK,Social Media,116,0,1
session_3639,user_1647,4/25/2025 1:39,product_page,Tablet,UK,Social Media,48,5,1
session_3639,user_1647,4/25/2025 1:41,cart,Tablet,UK,Social Media,131,5,1
session_3639,user_1647,4/25/2025 1:44,checkout,Tablet,UK,Social Media,143,5,1
session_3639,user_1647,4/25/2025 1:46,confirmation,Tablet,UK,Social Media,102,0,1
session_3640,user_2785,7/29/2025 0:46,home,Tablet,France,Social Media,166,0,0
session_3641,user_1541,3/29/2025 13:26,home,Tablet,Australia,Social Media,128,0,0
session_3641,user_1541,3/29/2025 13:27,product_page,Tablet,Australia,Social Media,71,5,0
session_3642,user_2616,1/27/2025 12:59,home,Mobile,UK,Google,93,0,0
session_3643,user_2916,1/1/2025 23:49,home,Desktop,India,Direct,77,0,1
session_3643,user_2916,1/1/2025 23:52,product_page,Desktop,India,Direct,136,3,1
session_3643,user_2916,1/1/2025 23:53,cart,Desktop,India,Direct,91,3,1
session_3643,user_2916,1/1/2025 23:55,checkout,Desktop,India,Direct,114,3,1
session_3643,user_2916,1/1/2025 23:56,confirmation,Desktop,India,Direct,62,0,1
session_3644,user_1803,6/26/2025 5:37,home,Tablet,USA,Direct,50,0,0
session_3644,user_1803,6/26/2025 5:39,product_page,Tablet,USA,Direct,165,5,0
session_3645,user_1142,5/10/2025 4:32,home,Tablet,Germany,Google,93,0,0
session_3646,user_1234,4/2/2025 11:10,home,Tablet,Australia,Email,153,0,1
session_3646,user_1234,4/2/2025 11:12,product_page,Tablet,Australia,Email,118,3,1
session_3646,user_1234,4/2/2025 11:15,cart,Tablet,Australia,Email,145,3,1
session_3646,user_1234,4/2/2025 11:18,checkout,Tablet,Australia,Email,165,3,1
session_3646,user_1234,4/2/2025 11:18,confirmation,Tablet,Australia,Email,18,0,1
session_3647,user_2597,1/8/2025 9:33,home,Tablet,Canada,Social Media,35,0,0
session_3647,user_2597,1/8/2025 9:34,product_page,Tablet,Canada,Social Media,38,2,0
session_3647,user_2597,1/8/2025 9:36,cart,Tablet,Canada,Social Media,140,2,0
session_3647,user_2597,1/8/2025 9:39,checkout,Tablet,Canada,Social Media,175,2,0
session_3648,user_2086,7/5/2025 7:22,home,Tablet,Germany,Google,160,0,0
session_3649,user_1253,2/19/2025 0:13,home,Mobile,India,Google,175,0,0
session_3650,user_1020,5/25/2025 19:04,home,Tablet,Canada,Social Media,82,0,1
session_3650,user_1020,5/25/2025 19:05,product_page,Tablet,Canada,Social Media,55,2,1
session_3650,user_1020,5/25/2025 19:08,cart,Tablet,Canada,Social Media,166,2,1
session_3650,user_1020,5/25/2025 19:09,checkout,Tablet,Canada,Social Media,54,2,1
session_3650,user_1020,5/25/2025 19:10,confirmation,Tablet,Canada,Social Media,51,0,1
session_3651,user_1765,6/4/2025 18:15,home,Tablet,France,Google,124,0,0
session_3651,user_1765,6/4/2025 18:18,product_page,Tablet,France,Google,149,5,0
session_3652,user_1913,5/4/2025 17:01,home,Tablet,Australia,Direct,97,0,0
session_3652,user_1913,5/4/2025 17:02,product_page,Tablet,Australia,Direct,62,4,0
session_3653,user_1448,5/17/2025 19:08,home,Tablet,India,Google,77,0,0
session_3653,user_1448,5/17/2025 19:11,product_page,Tablet,India,Google,173,2,0
session_3654,user_2919,5/19/2025 17:12,home,Mobile,Canada,Google,161,0,1
session_3654,user_2919,5/19/2025 17:14,product_page,Mobile,Canada,Google,135,3,1
session_3654,user_2919,5/19/2025 17:16,cart,Mobile,Canada,Google,89,3,1
session_3654,user_2919,5/19/2025 17:17,checkout,Mobile,Canada,Google,75,3,1
session_3654,user_2919,5/19/2025 17:20,confirmation,Mobile,Canada,Google,177,0,1
session_3655,user_2275,1/3/2025 12:14,home,Tablet,USA,Email,147,0,0
session_3655,user_2275,1/3/2025 12:16,product_page,Tablet,USA,Email,108,5,0
session_3656,user_1703,8/4/2025 18:50,home,Desktop,Australia,Direct,135,0,1
session_3656,user_1703,8/4/2025 18:52,product_page,Desktop,Australia,Direct,97,0,1
session_3656,user_1703,8/4/2025 18:53,cart,Desktop,Australia,Direct,69,5,1
session_3656,user_1703,8/4/2025 18:54,checkout,Desktop,Australia,Direct,45,5,1
session_3656,user_1703,8/4/2025 18:57,confirmation,Desktop,Australia,Direct,177,0,1
session_3657,user_2702,8/9/2025 17:30,home,Desktop,UK,Direct,84,0,0
session_3657,user_2702,8/9/2025 17:31,product_page,Desktop,UK,Direct,38,0,0
session_3658,user_2560,3/16/2025 12:05,home,Desktop,Australia,Direct,33,0,0
session_3658,user_2560,3/16/2025 12:06,product_page,Desktop,Australia,Direct,52,2,0
session_3658,user_2560,3/16/2025 12:07,cart,Desktop,Australia,Direct,29,2,0
session_3659,user_3000,8/27/2025 13:06,home,Tablet,India,Email,76,0,1
session_3659,user_3000,8/27/2025 13:07,product_page,Tablet,India,Email,33,2,1
session_3659,user_3000,8/27/2025 13:07,cart,Tablet,India,Email,27,2,1
session_3659,user_3000,8/27/2025 13:07,checkout,Tablet,India,Email,19,2,1
session_3659,user_3000,8/27/2025 13:08,confirmation,Tablet,India,Email,38,0,1
session_3660,user_2705,4/1/2025 15:31,home,Tablet,Canada,Google,45,0,0
session_3660,user_2705,4/1/2025 15:34,product_page,Tablet,Canada,Google,175,4,0
session_3661,user_1126,6/18/2025 7:25,home,Tablet,Canada,Google,89,0,0
session_3662,user_2238,1/16/2025 12:43,home,Desktop,Germany,Social Media,58,0,1
session_3662,user_2238,1/16/2025 12:44,product_page,Desktop,Germany,Social Media,62,2,1
session_3662,user_2238,1/16/2025 12:45,cart,Desktop,Germany,Social Media,78,2,1
session_3662,user_2238,1/16/2025 12:47,checkout,Desktop,Germany,Social Media,94,2,1
session_3662,user_2238,1/16/2025 12:48,confirmation,Desktop,Germany,Social Media,44,0,1
session_3663,user_2271,7/14/2025 9:40,home,Desktop,India,Direct,99,0,1
session_3663,user_2271,7/14/2025 9:43,product_page,Desktop,India,Direct,150,5,1
session_3663,user_2271,7/14/2025 9:44,cart,Desktop,India,Direct,96,5,1
session_3663,user_2271,7/14/2025 9:46,checkout,Desktop,India,Direct,94,5,1
session_3663,user_2271,7/14/2025 9:47,confirmation,Desktop,India,Direct,72,0,1
session_3664,user_1241,5/13/2025 1:57,home,Desktop,USA,Google,54,0,0
session_3664,user_1241,5/13/2025 2:00,product_page,Desktop,USA,Google,146,1,0
session_3665,user_2851,5/18/2025 12:04,home,Mobile,Germany,Social Media,129,0,0
session_3665,user_2851,5/18/2025 12:05,product_page,Mobile,Germany,Social Media,62,3,0
session_3666,user_1967,3/27/2025 17:48,home,Desktop,USA,Direct,132,0,0
session_3666,user_1967,3/27/2025 17:51,product_page,Desktop,USA,Direct,160,4,0
session_3667,user_1498,4/21/2025 17:14,home,Desktop,France,Email,137,0,0
session_3667,user_1498,4/21/2025 17:15,product_page,Desktop,France,Email,83,1,0
session_3668,user_1404,7/29/2025 12:32,home,Tablet,UK,Google,180,0,1
session_3668,user_1404,7/29/2025 12:34,product_page,Tablet,UK,Google,116,3,1
session_3668,user_1404,7/29/2025 12:35,cart,Tablet,UK,Google,58,3,1
session_3668,user_1404,7/29/2025 12:37,checkout,Tablet,UK,Google,115,3,1
session_3668,user_1404,7/29/2025 12:37,confirmation,Tablet,UK,Google,16,0,1
session_3669,user_2369,3/23/2025 17:08,home,Mobile,France,Email,167,0,0
session_3670,user_2957,8/6/2025 12:02,home,Mobile,France,Direct,62,0,1
session_3670,user_2957,8/6/2025 12:03,product_page,Mobile,France,Direct,45,0,1
session_3670,user_2957,8/6/2025 12:04,cart,Mobile,France,Direct,54,1,1
session_3670,user_2957,8/6/2025 12:06,checkout,Mobile,France,Direct,155,1,1
session_3670,user_2957,8/6/2025 12:07,confirmation,Mobile,France,Direct,64,0,1
session_3671,user_1971,2/6/2025 0:59,home,Mobile,Australia,Direct,83,0,1
session_3671,user_1971,2/6/2025 1:00,product_page,Mobile,Australia,Direct,68,2,1
session_3671,user_1971,2/6/2025 1:03,cart,Mobile,Australia,Direct,166,2,1
session_3671,user_1971,2/6/2025 1:05,checkout,Mobile,Australia,Direct,94,2,1
session_3671,user_1971,2/6/2025 1:06,confirmation,Mobile,Australia,Direct,97,0,1
session_3672,user_2826,1/22/2025 18:58,home,Desktop,UK,Email,140,0,1
session_3672,user_2826,1/22/2025 19:00,product_page,Desktop,UK,Email,158,4,1
session_3672,user_2826,1/22/2025 19:02,cart,Desktop,UK,Email,120,4,1
session_3672,user_2826,1/22/2025 19:05,checkout,Desktop,UK,Email,175,4,1
session_3672,user_2826,1/22/2025 19:08,confirmation,Desktop,UK,Email,150,0,1
session_3673,user_2312,6/16/2025 15:56,home,Tablet,Germany,Google,118,0,0
session_3673,user_2312,6/16/2025 15:58,product_page,Tablet,Germany,Google,133,0,0
session_3674,user_2702,5/1/2025 19:52,home,Tablet,UK,Social Media,28,0,0
session_3674,user_2702,5/1/2025 19:54,product_page,Tablet,UK,Social Media,129,0,0
session_3675,user_1596,7/5/2025 0:56,home,Tablet,USA,Social Media,110,0,0
session_3675,user_1596,7/5/2025 0:58,product_page,Tablet,USA,Social Media,104,2,0
session_3676,user_1742,6/7/2025 22:15,home,Mobile,Canada,Social Media,36,0,0
session_3676,user_1742,6/7/2025 22:17,product_page,Mobile,Canada,Social Media,146,3,0
session_3677,user_2841,1/16/2025 4:09,home,Desktop,India,Social Media,19,0,0
session_3677,user_2841,1/16/2025 4:11,product_page,Desktop,India,Social Media,130,2,0
session_3678,user_2532,4/25/2025 10:39,home,Desktop,UK,Social Media,97,0,0
session_3678,user_2532,4/25/2025 10:40,product_page,Desktop,UK,Social Media,97,0,0
session_3679,user_2775,8/7/2025 20:22,home,Mobile,France,Direct,36,0,1
session_3679,user_2775,8/7/2025 20:23,product_page,Mobile,France,Direct,93,0,1
session_3679,user_2775,8/7/2025 20:26,cart,Mobile,France,Direct,144,1,1
session_3679,user_2775,8/7/2025 20:27,checkout,Mobile,France,Direct,86,1,1
session_3679,user_2775,8/7/2025 20:29,confirmation,Mobile,France,Direct,113,0,1
session_3680,user_2461,2/24/2025 0:01,home,Mobile,Canada,Email,17,0,0
session_3680,user_2461,2/24/2025 0:02,product_page,Mobile,Canada,Email,55,4,0
session_3680,user_2461,2/24/2025 0:05,cart,Mobile,Canada,Email,176,4,0
session_3681,user_1840,2/6/2025 20:30,home,Tablet,Australia,Google,48,0,0
session_3682,user_2489,1/16/2025 19:36,home,Desktop,Canada,Direct,44,0,0
session_3682,user_2489,1/16/2025 19:37,product_page,Desktop,Canada,Direct,65,0,0
session_3682,user_2489,1/16/2025 19:38,cart,Desktop,Canada,Direct,35,2,0
session_3683,user_2838,7/21/2025 10:27,home,Mobile,France,Social Media,57,0,0
session_3684,user_1365,5/18/2025 10:48,home,Mobile,France,Direct,128,0,0
session_3684,user_1365,5/18/2025 10:50,product_page,Mobile,France,Direct,121,4,0
session_3685,user_1980,1/30/2025 8:10,home,Mobile,Germany,Direct,131,0,0
session_3685,user_1980,1/30/2025 8:11,product_page,Mobile,Germany,Direct,18,0,0
session_3686,user_2394,2/19/2025 15:47,home,Mobile,India,Social Media,15,0,1
session_3686,user_2394,2/19/2025 15:49,product_page,Mobile,India,Social Media,100,1,1
session_3686,user_2394,2/19/2025 15:51,cart,Mobile,India,Social Media,147,1,1
session_3686,user_2394,2/19/2025 15:52,checkout,Mobile,India,Social Media,27,1,1
session_3686,user_2394,2/19/2025 15:53,confirmation,Mobile,India,Social Media,102,0,1
session_3687,user_1302,5/28/2025 22:46,home,Desktop,Germany,Direct,68,0,1
session_3687,user_1302,5/28/2025 22:47,product_page,Desktop,Germany,Direct,60,0,1
session_3687,user_1302,5/28/2025 22:47,cart,Desktop,Germany,Direct,20,0,1
session_3687,user_1302,5/28/2025 22:50,checkout,Desktop,Germany,Direct,176,1,1
session_3687,user_1302,5/28/2025 22:51,confirmation,Desktop,Germany,Direct,50,0,1
session_3688,user_1987,8/30/2025 5:51,home,Desktop,Germany,Social Media,39,0,0
session_3688,user_1987,8/30/2025 5:54,product_page,Desktop,Germany,Social Media,164,0,0
session_3689,user_2350,3/10/2025 4:34,home,Tablet,Canada,Direct,147,0,0
session_3689,user_2350,3/10/2025 4:34,product_page,Tablet,Canada,Direct,31,0,0
session_3690,user_1217,5/27/2025 5:47,home,Tablet,Australia,Email,30,0,1
session_3690,user_1217,5/27/2025 5:50,product_page,Tablet,Australia,Email,165,4,1
session_3690,user_1217,5/27/2025 5:51,cart,Tablet,Australia,Email,47,4,1
session_3690,user_1217,5/27/2025 5:53,checkout,Tablet,Australia,Email,154,4,1
session_3690,user_1217,5/27/2025 5:55,confirmation,Tablet,Australia,Email,112,0,1
session_3691,user_2325,3/6/2025 1:41,home,Desktop,Australia,Social Media,58,0,0
session_3691,user_2325,3/6/2025 1:44,product_page,Desktop,Australia,Social Media,176,0,0
session_3691,user_2325,3/6/2025 1:45,cart,Desktop,Australia,Social Media,62,1,0
session_3691,user_2325,3/6/2025 1:46,checkout,Desktop,Australia,Social Media,31,1,0
session_3692,user_2497,8/21/2025 12:42,home,Tablet,Australia,Direct,44,0,0
session_3692,user_2497,8/21/2025 12:45,product_page,Tablet,Australia,Direct,177,0,0
session_3692,user_2497,8/21/2025 12:46,cart,Tablet,Australia,Direct,32,0,0
session_3693,user_2857,8/18/2025 0:40,home,Desktop,Germany,Social Media,96,0,0
session_3693,user_2857,8/18/2025 0:43,product_page,Desktop,Germany,Social Media,143,0,0
session_3694,user_1734,7/11/2025 3:43,home,Mobile,France,Google,86,0,0
session_3694,user_1734,7/11/2025 3:46,product_page,Mobile,France,Google,129,3,0
session_3695,user_1900,5/2/2025 9:58,home,Tablet,USA,Google,117,0,0
session_3695,user_1900,5/2/2025 10:01,product_page,Tablet,USA,Google,141,1,0
session_3695,user_1900,5/2/2025 10:02,cart,Tablet,USA,Google,72,1,0
session_3695,user_1900,5/2/2025 10:04,checkout,Tablet,USA,Google,145,1,0
session_3696,user_2612,8/7/2025 22:01,home,Tablet,UK,Social Media,108,0,0
session_3696,user_2612,8/7/2025 22:03,product_page,Tablet,UK,Social Media,77,5,0
session_3697,user_1775,6/15/2025 21:05,home,Mobile,Australia,Social Media,175,0,0
session_3697,user_1775,6/15/2025 21:06,product_page,Mobile,Australia,Social Media,31,0,0
session_3698,user_2204,6/7/2025 20:44,home,Tablet,USA,Social Media,80,0,0
session_3699,user_1609,8/16/2025 13:12,home,Tablet,UK,Google,163,0,0
session_3699,user_1609,8/16/2025 13:14,product_page,Tablet,UK,Google,108,4,0
session_3700,user_1476,7/11/2025 22:24,home,Tablet,UK,Email,143,0,0
session_3700,user_1476,7/11/2025 22:26,product_page,Tablet,UK,Email,111,0,0
session_3700,user_1476,7/11/2025 22:28,cart,Tablet,UK,Email,141,4,0
session_3701,user_1362,1/13/2025 7:51,home,Mobile,Australia,Google,63,0,0
session_3701,user_1362,1/13/2025 7:53,product_page,Mobile,Australia,Google,108,3,0
session_3702,user_2196,6/9/2025 8:40,home,Desktop,Australia,Direct,164,0,0
session_3702,user_2196,6/9/2025 8:43,product_page,Desktop,Australia,Direct,153,0,0
session_3703,user_1079,1/15/2025 17:49,home,Mobile,France,Social Media,36,0,0
session_3703,user_1079,1/15/2025 17:49,product_page,Mobile,France,Social Media,29,3,0
session_3704,user_2913,8/5/2025 19:58,home,Mobile,Australia,Google,161,0,0
session_3705,user_2889,3/18/2025 1:02,home,Tablet,France,Direct,48,0,0
session_3705,user_2889,3/18/2025 1:04,product_page,Tablet,France,Direct,164,0,0
session_3705,user_2889,3/18/2025 1:06,cart,Tablet,France,Direct,85,1,0
session_3706,user_1522,7/10/2025 17:24,home,Tablet,Canada,Social Media,91,0,0
session_3707,user_1029,4/15/2025 18:16,home,Mobile,USA,Direct,162,0,0
session_3708,user_2101,1/30/2025 18:53,home,Tablet,India,Direct,122,0,0
session_3708,user_2101,1/30/2025 18:54,product_page,Tablet,India,Direct,91,4,0
session_3709,user_2645,7/22/2025 11:05,home,Tablet,Canada,Direct,164,0,0
session_3709,user_2645,7/22/2025 11:08,product_page,Tablet,Canada,Direct,173,5,0
session_3710,user_2341,7/30/2025 16:05,home,Mobile,USA,Direct,123,0,0
session_3710,user_2341,7/30/2025 16:08,product_page,Mobile,USA,Direct,156,1,0
session_3710,user_2341,7/30/2025 16:11,cart,Mobile,USA,Direct,170,1,0
session_3711,user_1518,3/26/2025 20:06,home,Tablet,Australia,Direct,110,0,0
session_3711,user_1518,3/26/2025 20:08,product_page,Tablet,Australia,Direct,156,2,0
session_3712,user_2383,6/17/2025 21:15,home,Mobile,UK,Google,172,0,0
session_3712,user_2383,6/17/2025 21:18,product_page,Mobile,UK,Google,144,2,0
session_3713,user_2463,1/29/2025 21:41,home,Desktop,USA,Google,164,0,0
session_3713,user_2463,1/29/2025 21:42,product_page,Desktop,USA,Google,58,0,0
session_3714,user_2775,6/6/2025 16:58,home,Tablet,USA,Email,69,0,1
session_3714,user_2775,6/6/2025 17:00,product_page,Tablet,USA,Email,118,0,1
session_3714,user_2775,6/6/2025 17:02,cart,Tablet,USA,Email,139,0,1
session_3714,user_2775,6/6/2025 17:03,checkout,Tablet,USA,Email,35,1,1
session_3714,user_2775,6/6/2025 17:05,confirmation,Tablet,USA,Email,115,0,1
session_3715,user_1739,7/13/2025 16:41,home,Mobile,France,Google,176,0,1
session_3715,user_1739,7/13/2025 16:43,product_page,Mobile,France,Google,79,0,1
session_3715,user_1739,7/13/2025 16:45,cart,Mobile,France,Google,133,3,1
session_3715,user_1739,7/13/2025 16:45,checkout,Mobile,France,Google,34,3,1
session_3715,user_1739,7/13/2025 16:48,confirmation,Mobile,France,Google,165,0,1
session_3716,user_2415,6/3/2025 22:47,home,Mobile,Australia,Social Media,167,0,0
session_3716,user_2415,6/3/2025 22:50,product_page,Mobile,Australia,Social Media,163,4,0
session_3716,user_2415,6/3/2025 22:50,cart,Mobile,Australia,Social Media,23,4,0
session_3717,user_2720,1/23/2025 12:27,home,Mobile,India,Social Media,148,0,0
session_3717,user_2720,1/23/2025 12:29,product_page,Mobile,India,Social Media,123,0,0
session_3718,user_1111,8/7/2025 6:19,home,Tablet,France,Direct,118,0,0
session_3719,user_2619,8/20/2025 23:33,home,Desktop,India,Email,17,0,0
session_3720,user_1181,4/27/2025 7:21,home,Mobile,UK,Email,115,0,0
session_3720,user_1181,4/27/2025 7:24,product_page,Mobile,UK,Email,133,0,0
session_3721,user_2652,6/29/2025 10:19,home,Mobile,France,Direct,174,0,0
session_3721,user_2652,6/29/2025 10:22,product_page,Mobile,France,Direct,158,0,0
session_3722,user_1962,2/10/2025 12:58,home,Tablet,UK,Direct,30,0,0
session_3722,user_1962,2/10/2025 13:00,product_page,Tablet,UK,Direct,113,2,0
session_3722,user_1962,2/10/2025 13:01,cart,Tablet,UK,Direct,47,2,0
session_3723,user_2602,2/9/2025 7:51,home,Tablet,USA,Social Media,120,0,0
session_3723,user_2602,2/9/2025 7:54,product_page,Tablet,USA,Social Media,142,5,0
session_3724,user_1188,4/15/2025 11:28,home,Mobile,Germany,Social Media,129,0,0
session_3724,user_1188,4/15/2025 11:29,product_page,Mobile,Germany,Social Media,18,0,0
session_3725,user_1442,5/7/2025 12:56,home,Desktop,France,Direct,118,0,0
session_3725,user_1442,5/7/2025 12:59,product_page,Desktop,France,Direct,157,0,0
session_3726,user_2472,7/7/2025 2:06,home,Mobile,USA,Direct,146,0,0
session_3726,user_2472,7/7/2025 2:07,product_page,Mobile,USA,Direct,72,5,0
session_3727,user_2451,4/5/2025 16:33,home,Tablet,Canada,Social Media,148,0,1
session_3727,user_2451,4/5/2025 16:36,product_page,Tablet,Canada,Social Media,154,0,1
session_3727,user_2451,4/5/2025 16:39,cart,Tablet,Canada,Social Media,169,0,1
session_3727,user_2451,4/5/2025 16:41,checkout,Tablet,Canada,Social Media,141,3,1
session_3727,user_2451,4/5/2025 16:42,confirmation,Tablet,Canada,Social Media,51,0,1
session_3728,user_1038,2/18/2025 19:35,home,Tablet,UK,Direct,160,0,1
session_3728,user_1038,2/18/2025 19:36,product_page,Tablet,UK,Direct,56,2,1
session_3728,user_1038,2/18/2025 19:37,cart,Tablet,UK,Direct,43,2,1
session_3728,user_1038,2/18/2025 19:38,checkout,Tablet,UK,Direct,34,2,1
session_3728,user_1038,2/18/2025 19:39,confirmation,Tablet,UK,Direct,78,0,1
session_3729,user_2333,5/21/2025 1:22,home,Mobile,India,Google,146,0,0
session_3729,user_2333,5/21/2025 1:24,product_page,Mobile,India,Google,101,0,0
session_3730,user_2830,8/8/2025 10:36,home,Desktop,Canada,Email,88,0,0
session_3731,user_1362,3/25/2025 14:33,home,Desktop,Canada,Google,124,0,0
session_3731,user_1362,3/25/2025 14:33,product_page,Desktop,Canada,Google,20,4,0
session_3732,user_1222,5/10/2025 10:39,home,Tablet,Germany,Social Media,138,0,0
session_3733,user_2170,8/13/2025 15:15,home,Tablet,France,Google,33,0,1
session_3733,user_2170,8/13/2025 15:16,product_page,Tablet,France,Google,81,1,1
session_3733,user_2170,8/13/2025 15:19,cart,Tablet,France,Google,168,1,1
session_3733,user_2170,8/13/2025 15:21,checkout,Tablet,France,Google,136,1,1
session_3733,user_2170,8/13/2025 15:22,confirmation,Tablet,France,Google,26,0,1
session_3734,user_1125,6/2/2025 18:34,home,Tablet,USA,Social Media,33,0,0
session_3734,user_1125,6/2/2025 18:36,product_page,Tablet,USA,Social Media,89,0,0
session_3735,user_2405,6/14/2025 12:01,home,Mobile,France,Direct,150,0,0
session_3735,user_2405,6/14/2025 12:02,product_page,Mobile,France,Direct,71,0,0
session_3736,user_1595,8/14/2025 19:37,home,Mobile,UK,Google,26,0,0
session_3736,user_1595,8/14/2025 19:38,product_page,Mobile,UK,Google,75,0,0
session_3737,user_2097,1/15/2025 2:29,home,Mobile,France,Email,173,0,1
session_3737,user_2097,1/15/2025 2:31,product_page,Mobile,France,Email,113,0,1
session_3737,user_2097,1/15/2025 2:32,cart,Mobile,France,Email,92,4,1
session_3737,user_2097,1/15/2025 2:33,checkout,Mobile,France,Email,66,4,1
session_3737,user_2097,1/15/2025 2:35,confirmation,Mobile,France,Email,118,0,1
session_3738,user_2186,5/9/2025 8:54,home,Tablet,USA,Google,59,0,1
session_3738,user_2186,5/9/2025 8:55,product_page,Tablet,USA,Google,21,1,1
session_3738,user_2186,5/9/2025 8:56,cart,Tablet,USA,Google,65,1,1
session_3738,user_2186,5/9/2025 8:57,checkout,Tablet,USA,Google,87,1,1
session_3738,user_2186,5/9/2025 8:58,confirmation,Tablet,USA,Google,21,0,1
session_3739,user_1620,2/18/2025 21:21,home,Desktop,Canada,Direct,104,0,0
session_3739,user_1620,2/18/2025 21:21,product_page,Desktop,Canada,Direct,29,1,0
session_3740,user_2820,1/10/2025 20:04,home,Tablet,USA,Email,109,0,0
session_3740,user_2820,1/10/2025 20:04,product_page,Tablet,USA,Email,20,0,0
session_3741,user_1219,2/2/2025 11:49,home,Mobile,India,Google,173,0,0
session_3741,user_1219,2/2/2025 11:51,product_page,Mobile,India,Google,139,5,0
session_3741,user_1219,2/2/2025 11:54,cart,Mobile,India,Google,138,5,0
session_3742,user_2435,5/19/2025 19:15,home,Tablet,Australia,Google,22,0,1
session_3742,user_2435,5/19/2025 19:16,product_page,Tablet,Australia,Google,53,0,1
session_3742,user_2435,5/19/2025 19:17,cart,Tablet,Australia,Google,109,5,1
session_3742,user_2435,5/19/2025 19:18,checkout,Tablet,Australia,Google,16,5,1
session_3742,user_2435,5/19/2025 19:18,confirmation,Tablet,Australia,Google,40,0,1
session_3743,user_1349,6/13/2025 19:31,home,Tablet,Canada,Email,137,0,0
session_3744,user_2074,1/3/2025 16:05,home,Tablet,Germany,Google,109,0,0
session_3744,user_2074,1/3/2025 16:07,product_page,Tablet,Germany,Google,128,3,0
session_3745,user_1860,3/22/2025 8:28,home,Tablet,Australia,Email,133,0,0
session_3745,user_1860,3/22/2025 8:31,product_page,Tablet,Australia,Email,153,0,0
session_3746,user_2665,2/21/2025 15:51,home,Desktop,France,Email,101,0,0
session_3746,user_2665,2/21/2025 15:54,product_page,Desktop,France,Email,142,5,0
session_3747,user_2502,4/5/2025 13:30,home,Mobile,Australia,Social Media,177,0,1
session_3747,user_2502,4/5/2025 13:33,product_page,Mobile,Australia,Social Media,152,3,1
session_3747,user_2502,4/5/2025 13:33,cart,Mobile,Australia,Social Media,45,3,1
session_3747,user_2502,4/5/2025 13:36,checkout,Mobile,Australia,Social Media,161,3,1
session_3747,user_2502,4/5/2025 13:38,confirmation,Mobile,Australia,Social Media,122,0,1
session_3748,user_1347,4/16/2025 7:00,home,Tablet,UK,Social Media,56,0,0
session_3748,user_1347,4/16/2025 7:00,product_page,Tablet,UK,Social Media,33,2,0
session_3749,user_2853,5/26/2025 0:13,home,Desktop,USA,Social Media,98,0,0
session_3749,user_2853,5/26/2025 0:14,product_page,Desktop,USA,Social Media,18,3,0
session_3749,user_2853,5/26/2025 0:16,cart,Desktop,USA,Social Media,136,3,0
session_3749,user_2853,5/26/2025 0:18,checkout,Desktop,USA,Social Media,135,3,0
session_3750,user_1674,2/9/2025 12:20,home,Desktop,USA,Direct,82,0,0
session_3750,user_1674,2/9/2025 12:22,product_page,Desktop,USA,Direct,66,0,0
session_3750,user_1674,2/9/2025 12:22,cart,Desktop,USA,Direct,47,5,0
session_3750,user_1674,2/9/2025 12:25,checkout,Desktop,USA,Direct,130,5,0
session_3751,user_2013,7/30/2025 21:13,home,Mobile,Australia,Google,91,0,0
session_3751,user_2013,7/30/2025 21:15,product_page,Mobile,Australia,Google,146,3,0
session_3752,user_1848,5/9/2025 0:45,home,Tablet,Germany,Social Media,149,0,0
session_3752,user_1848,5/9/2025 0:46,product_page,Tablet,Germany,Social Media,41,0,0
session_3753,user_2623,3/17/2025 21:35,home,Desktop,India,Social Media,73,0,0
session_3753,user_2623,3/17/2025 21:37,product_page,Desktop,India,Social Media,133,2,0
session_3753,user_2623,3/17/2025 21:40,cart,Desktop,India,Social Media,166,2,0
session_3754,user_2881,8/10/2025 20:12,home,Desktop,UK,Google,177,0,0
session_3755,user_1230,4/23/2025 15:08,home,Tablet,USA,Email,64,0,0
session_3755,user_1230,4/23/2025 15:10,product_page,Tablet,USA,Email,113,2,0
session_3756,user_2819,5/17/2025 11:50,home,Mobile,France,Social Media,132,0,0
session_3757,user_2643,6/23/2025 8:04,home,Desktop,UK,Social Media,170,0,0
session_3757,user_2643,6/23/2025 8:06,product_page,Desktop,UK,Social Media,157,3,0
session_3758,user_1410,8/4/2025 17:38,home,Desktop,USA,Email,84,0,0
session_3759,user_1020,5/20/2025 11:47,home,Desktop,UK,Email,26,0,1
session_3759,user_1020,5/20/2025 11:50,product_page,Desktop,UK,Email,156,0,1
session_3759,user_1020,5/20/2025 11:51,cart,Desktop,UK,Email,70,0,1
session_3759,user_1020,5/20/2025 11:52,checkout,Desktop,UK,Email,93,1,1
session_3759,user_1020,5/20/2025 11:54,confirmation,Desktop,UK,Email,89,0,1
session_3760,user_2663,5/15/2025 16:57,home,Desktop,France,Google,23,0,1
session_3760,user_2663,5/15/2025 17:00,product_page,Desktop,France,Google,141,0,1
session_3760,user_2663,5/15/2025 17:00,cart,Desktop,France,Google,34,2,1
session_3760,user_2663,5/15/2025 17:02,checkout,Desktop,France,Google,140,2,1
session_3760,user_2663,5/15/2025 17:04,confirmation,Desktop,France,Google,105,0,1
session_3761,user_2576,2/5/2025 1:36,home,Tablet,Canada,Email,178,0,0
session_3761,user_2576,2/5/2025 1:36,product_page,Tablet,Canada,Email,20,1,0
session_3762,user_2660,1/14/2025 9:45,home,Desktop,Canada,Email,18,0,0
session_3763,user_1856,7/15/2025 10:10,home,Mobile,Australia,Social Media,126,0,0
session_3763,user_1856,7/15/2025 10:13,product_page,Mobile,Australia,Social Media,177,0,0
session_3764,user_1456,7/26/2025 10:32,home,Desktop,India,Google,102,0,0
session_3764,user_1456,7/26/2025 10:34,product_page,Desktop,India,Google,103,2,0
session_3764,user_1456,7/26/2025 10:36,cart,Desktop,India,Google,156,2,0
session_3765,user_1950,1/10/2025 1:33,home,Tablet,UK,Google,52,0,0
session_3765,user_1950,1/10/2025 1:35,product_page,Tablet,UK,Google,150,5,0
session_3766,user_1871,6/15/2025 5:29,home,Mobile,India,Google,138,0,0
session_3766,user_1871,6/15/2025 5:30,product_page,Mobile,India,Google,56,0,0
session_3767,user_2688,8/29/2025 9:10,home,Tablet,USA,Direct,123,0,0
session_3768,user_1723,7/3/2025 0:19,home,Desktop,Australia,Direct,79,0,0
session_3768,user_1723,7/3/2025 0:21,product_page,Desktop,Australia,Direct,125,5,0
session_3769,user_1515,6/11/2025 15:16,home,Desktop,USA,Social Media,129,0,0
session_3769,user_1515,6/11/2025 15:16,product_page,Desktop,USA,Social Media,15,3,0
session_3770,user_2568,1/18/2025 13:29,home,Tablet,France,Email,26,0,0
session_3770,user_2568,1/18/2025 13:31,product_page,Tablet,France,Email,117,0,0
session_3771,user_1863,6/20/2025 3:34,home,Mobile,India,Social Media,171,0,0
session_3771,user_1863,6/20/2025 3:35,product_page,Mobile,India,Social Media,40,3,0
session_3771,user_1863,6/20/2025 3:37,cart,Mobile,India,Social Media,131,3,0
session_3772,user_1390,3/18/2025 19:43,home,Desktop,USA,Direct,133,0,0
session_3773,user_2720,5/17/2025 6:03,home,Desktop,Australia,Direct,132,0,0
session_3773,user_2720,5/17/2025 6:06,product_page,Desktop,Australia,Direct,136,2,0
session_3774,user_1904,3/4/2025 11:10,home,Tablet,Canada,Email,37,0,0
session_3774,user_1904,3/4/2025 11:12,product_page,Tablet,Canada,Email,81,0,0
session_3775,user_1340,8/2/2025 3:10,home,Tablet,Germany,Google,95,0,0
session_3776,user_1750,4/11/2025 9:09,home,Tablet,France,Social Media,46,0,1
session_3776,user_1750,4/11/2025 9:11,product_page,Tablet,France,Social Media,136,0,1
session_3776,user_1750,4/11/2025 9:14,cart,Tablet,France,Social Media,147,0,1
session_3776,user_1750,4/11/2025 9:15,checkout,Tablet,France,Social Media,78,3,1
session_3776,user_1750,4/11/2025 9:15,confirmation,Tablet,France,Social Media,17,0,1
session_3777,user_2334,7/8/2025 4:51,home,Desktop,India,Social Media,149,0,0
session_3777,user_2334,7/8/2025 4:53,product_page,Desktop,India,Social Media,125,0,0
session_3778,user_1032,5/17/2025 6:40,home,Tablet,Germany,Social Media,122,0,1
session_3778,user_1032,5/17/2025 6:42,product_page,Tablet,Germany,Social Media,129,3,1
session_3778,user_1032,5/17/2025 6:43,cart,Tablet,Germany,Social Media,47,3,1
session_3778,user_1032,5/17/2025 6:44,checkout,Tablet,Germany,Social Media,92,3,1
session_3778,user_1032,5/17/2025 6:46,confirmation,Tablet,Germany,Social Media,108,0,1
session_3779,user_2621,6/19/2025 7:02,home,Desktop,USA,Social Media,88,0,1
session_3779,user_2621,6/19/2025 7:03,product_page,Desktop,USA,Social Media,80,1,1
session_3779,user_2621,6/19/2025 7:05,cart,Desktop,USA,Social Media,97,1,1
session_3779,user_2621,6/19/2025 7:07,checkout,Desktop,USA,Social Media,110,1,1
session_3779,user_2621,6/19/2025 7:07,confirmation,Desktop,USA,Social Media,33,0,1
session_3780,user_1635,3/24/2025 0:33,home,Mobile,UK,Google,147,0,0
session_3780,user_1635,3/24/2025 0:35,product_page,Mobile,UK,Google,123,0,0
session_3781,user_2675,5/12/2025 1:32,home,Tablet,India,Direct,31,0,0
session_3781,user_2675,5/12/2025 1:34,product_page,Tablet,India,Direct,146,2,0
session_3782,user_2355,7/24/2025 0:31,home,Desktop,USA,Social Media,83,0,0
session_3782,user_2355,7/24/2025 0:32,product_page,Desktop,USA,Social Media,100,0,0
session_3783,user_2874,2/7/2025 7:32,home,Desktop,UK,Google,42,0,0
session_3783,user_2874,2/7/2025 7:34,product_page,Desktop,UK,Google,96,0,0
session_3784,user_1008,5/29/2025 10:36,home,Tablet,Canada,Google,123,0,0
session_3784,user_1008,5/29/2025 10:39,product_page,Tablet,Canada,Google,154,4,0
session_3784,user_1008,5/29/2025 10:40,cart,Tablet,Canada,Google,101,4,0
session_3784,user_1008,5/29/2025 10:43,checkout,Tablet,Canada,Google,123,4,0
session_3785,user_2888,1/20/2025 19:04,home,Mobile,UK,Google,149,0,0
session_3786,user_2968,5/10/2025 19:27,home,Tablet,France,Social Media,71,0,0
session_3787,user_2002,7/25/2025 19:36,home,Tablet,Canada,Social Media,86,0,0
session_3787,user_2002,7/25/2025 19:39,product_page,Tablet,Canada,Social Media,165,0,0
session_3788,user_2837,5/12/2025 19:35,home,Tablet,India,Email,120,0,0
session_3788,user_2837,5/12/2025 19:37,product_page,Tablet,India,Email,64,0,0
session_3789,user_2014,6/12/2025 2:19,home,Mobile,USA,Email,51,0,0
session_3789,user_2014,6/12/2025 2:19,product_page,Mobile,USA,Email,21,0,0
session_3789,user_2014,6/12/2025 2:20,cart,Mobile,USA,Email,54,5,0
session_3790,user_1006,2/11/2025 15:56,home,Mobile,Australia,Email,90,0,0
session_3790,user_1006,2/11/2025 15:58,product_page,Mobile,Australia,Email,158,0,0
session_3791,user_2301,4/5/2025 9:44,home,Mobile,USA,Google,134,0,0
session_3791,user_2301,4/5/2025 9:46,product_page,Mobile,USA,Google,68,0,0
session_3792,user_1518,3/14/2025 0:59,home,Mobile,Germany,Social Media,108,0,0
session_3792,user_1518,3/14/2025 1:01,product_page,Mobile,Germany,Social Media,153,0,0
session_3793,user_1782,1/30/2025 9:23,home,Mobile,France,Email,31,0,0
session_3794,user_1174,1/31/2025 9:38,home,Tablet,France,Social Media,123,0,0
session_3794,user_1174,1/31/2025 9:40,product_page,Tablet,France,Social Media,85,0,0
session_3795,user_2045,2/18/2025 13:54,home,Mobile,Canada,Google,18,0,0
session_3795,user_2045,2/18/2025 13:57,product_page,Mobile,Canada,Google,151,0,0
session_3796,user_2679,1/23/2025 19:39,home,Desktop,UK,Social Media,149,0,0
session_3796,user_2679,1/23/2025 19:42,product_page,Desktop,UK,Social Media,144,5,0
session_3797,user_2994,7/22/2025 5:30,home,Tablet,France,Email,86,0,0
session_3797,user_2994,7/22/2025 5:32,product_page,Tablet,France,Email,145,4,0
session_3797,user_2994,7/22/2025 5:35,cart,Tablet,France,Email,159,4,0
session_3798,user_2692,3/16/2025 22:19,home,Desktop,India,Social Media,107,0,1
session_3798,user_2692,3/16/2025 22:22,product_page,Desktop,India,Social Media,179,5,1
session_3798,user_2692,3/16/2025 22:23,cart,Desktop,India,Social Media,41,5,1
session_3798,user_2692,3/16/2025 22:23,checkout,Desktop,India,Social Media,26,5,1
session_3798,user_2692,3/16/2025 22:24,confirmation,Desktop,India,Social Media,69,0,1
session_3799,user_2855,6/5/2025 11:07,home,Desktop,USA,Social Media,109,0,0
session_3800,user_2092,1/26/2025 22:52,home,Desktop,Australia,Direct,153,0,1
session_3800,user_2092,1/26/2025 22:54,product_page,Desktop,Australia,Direct,114,3,1
session_3800,user_2092,1/26/2025 22:56,cart,Desktop,Australia,Direct,113,3,1
session_3800,user_2092,1/26/2025 22:56,checkout,Desktop,Australia,Direct,27,3,1
session_3800,user_2092,1/26/2025 22:57,confirmation,Desktop,Australia,Direct,64,0,1
session_3801,user_1856,3/18/2025 13:19,home,Tablet,India,Direct,62,0,0
session_3802,user_2908,8/21/2025 9:12,home,Desktop,USA,Google,29,0,0
session_3802,user_2908,8/21/2025 9:13,product_page,Desktop,USA,Google,33,4,0
session_3803,user_2698,8/1/2025 13:03,home,Tablet,USA,Google,44,0,0
session_3803,user_2698,8/1/2025 13:04,product_page,Tablet,USA,Google,58,0,0
session_3804,user_2065,2/19/2025 14:29,home,Tablet,Canada,Google,116,0,0
session_3804,user_2065,2/19/2025 14:30,product_page,Tablet,Canada,Google,59,2,0
session_3805,user_2533,5/8/2025 9:36,home,Desktop,USA,Direct,55,0,0
session_3806,user_2259,2/20/2025 6:43,home,Tablet,UK,Email,174,0,1
session_3806,user_2259,2/20/2025 6:46,product_page,Tablet,UK,Email,175,3,1
session_3806,user_2259,2/20/2025 6:49,cart,Tablet,UK,Email,159,3,1
session_3806,user_2259,2/20/2025 6:52,checkout,Tablet,UK,Email,162,3,1
session_3806,user_2259,2/20/2025 6:54,confirmation,Tablet,UK,Email,148,0,1
session_3807,user_2954,2/15/2025 16:29,home,Mobile,India,Social Media,148,0,0
session_3807,user_2954,2/15/2025 16:31,product_page,Mobile,India,Social Media,113,0,0
session_3808,user_2803,8/10/2025 8:35,home,Tablet,Germany,Direct,110,0,0
session_3809,user_2997,7/2/2025 23:04,home,Mobile,Germany,Email,35,0,0
session_3809,user_2997,7/2/2025 23:04,product_page,Mobile,Germany,Email,56,0,0
session_3810,user_2697,3/16/2025 4:46,home,Desktop,Australia,Google,157,0,0
session_3810,user_2697,3/16/2025 4:48,product_page,Desktop,Australia,Google,75,4,0
session_3811,user_1604,7/23/2025 10:10,home,Mobile,UK,Social Media,22,0,0
session_3811,user_1604,7/23/2025 10:12,product_page,Mobile,UK,Social Media,114,2,0
session_3812,user_1851,7/11/2025 13:05,home,Mobile,USA,Direct,59,0,0
session_3812,user_1851,7/11/2025 13:06,product_page,Mobile,USA,Direct,60,0,0
session_3813,user_2644,3/1/2025 22:06,home,Mobile,France,Email,93,0,1
session_3813,user_2644,3/1/2025 22:08,product_page,Mobile,France,Email,145,2,1
session_3813,user_2644,3/1/2025 22:10,cart,Mobile,France,Email,119,2,1
session_3813,user_2644,3/1/2025 22:11,checkout,Mobile,France,Email,78,2,1
session_3813,user_2644,3/1/2025 22:12,confirmation,Mobile,France,Email,61,0,1
session_3814,user_2182,1/3/2025 13:40,home,Tablet,USA,Google,43,0,1
session_3814,user_2182,1/3/2025 13:43,product_page,Tablet,USA,Google,178,4,1
session_3814,user_2182,1/3/2025 13:45,cart,Tablet,USA,Google,149,4,1
session_3814,user_2182,1/3/2025 13:47,checkout,Tablet,USA,Google,112,4,1
session_3814,user_2182,1/3/2025 13:50,confirmation,Tablet,USA,Google,170,0,1
session_3815,user_1627,5/23/2025 16:35,home,Desktop,Germany,Social Media,106,0,0
session_3815,user_1627,5/23/2025 16:37,product_page,Desktop,Germany,Social Media,136,0,0
session_3816,user_2184,8/15/2025 4:24,home,Tablet,Germany,Google,76,0,0
session_3817,user_1865,7/9/2025 22:24,home,Desktop,France,Social Media,18,0,0
session_3817,user_1865,7/9/2025 22:25,product_page,Desktop,France,Social Media,56,0,0
session_3817,user_1865,7/9/2025 22:26,cart,Desktop,France,Social Media,96,0,0
session_3818,user_1999,1/14/2025 11:48,home,Mobile,Australia,Direct,137,0,0
session_3818,user_1999,1/14/2025 11:50,product_page,Mobile,Australia,Direct,157,0,0
session_3819,user_2240,2/6/2025 8:57,home,Desktop,Canada,Email,37,0,1
session_3819,user_2240,2/6/2025 8:59,product_page,Desktop,Canada,Email,133,4,1
session_3819,user_2240,2/6/2025 9:02,cart,Desktop,Canada,Email,161,4,1
session_3819,user_2240,2/6/2025 9:02,checkout,Desktop,Canada,Email,30,4,1
session_3819,user_2240,2/6/2025 9:05,confirmation,Desktop,Canada,Email,159,0,1
session_3820,user_1681,4/5/2025 22:26,home,Mobile,India,Email,64,0,0
session_3820,user_1681,4/5/2025 22:28,product_page,Mobile,India,Email,134,0,0
session_3821,user_1141,6/19/2025 1:21,home,Tablet,USA,Email,155,0,1
session_3821,user_1141,6/19/2025 1:23,product_page,Tablet,USA,Email,104,0,1
session_3821,user_1141,6/19/2025 1:26,cart,Tablet,USA,Email,172,4,1
session_3821,user_1141,6/19/2025 1:27,checkout,Tablet,USA,Email,65,4,1
session_3821,user_1141,6/19/2025 1:30,confirmation,Tablet,USA,Email,162,0,1
session_3822,user_2774,1/3/2025 3:26,home,Desktop,USA,Social Media,119,0,0
session_3823,user_1597,3/14/2025 2:07,home,Mobile,USA,Direct,99,0,0
session_3823,user_1597,3/14/2025 2:10,product_page,Mobile,USA,Direct,173,5,0
session_3824,user_2697,2/25/2025 6:44,home,Mobile,USA,Google,156,0,0
session_3824,user_2697,2/25/2025 6:46,product_page,Mobile,USA,Google,108,4,0
session_3825,user_2245,8/3/2025 11:32,home,Desktop,USA,Google,108,0,0
session_3825,user_2245,8/3/2025 11:33,product_page,Desktop,USA,Google,36,1,0
session_3826,user_1883,2/27/2025 3:11,home,Desktop,Australia,Google,116,0,0
session_3826,user_1883,2/27/2025 3:13,product_page,Desktop,Australia,Google,174,0,0
session_3827,user_1094,1/5/2025 9:08,home,Mobile,Germany,Direct,173,0,0
session_3828,user_1780,7/19/2025 13:01,home,Desktop,Australia,Direct,46,0,0
session_3828,user_1780,7/19/2025 13:04,product_page,Desktop,Australia,Direct,170,0,0
session_3829,user_2941,7/25/2025 4:46,home,Mobile,France,Social Media,73,0,0
session_3829,user_2941,7/25/2025 4:48,product_page,Mobile,France,Social Media,136,1,0
session_3829,user_2941,7/25/2025 4:49,cart,Mobile,France,Social Media,15,1,0
session_3830,user_2337,4/12/2025 14:32,home,Desktop,France,Email,79,0,0
session_3830,user_2337,4/12/2025 14:33,product_page,Desktop,France,Email,49,3,0
session_3831,user_2752,7/18/2025 8:34,home,Mobile,Canada,Email,179,0,0
session_3831,user_2752,7/18/2025 8:35,product_page,Mobile,Canada,Email,61,3,0
session_3831,user_2752,7/18/2025 8:37,cart,Mobile,Canada,Email,167,3,0
session_3832,user_2206,2/11/2025 17:48,home,Mobile,UK,Google,134,0,0
session_3832,user_2206,2/11/2025 17:51,product_page,Mobile,UK,Google,177,0,0
session_3832,user_2206,2/11/2025 17:52,cart,Mobile,UK,Google,39,0,0
session_3833,user_1973,5/25/2025 22:30,home,Mobile,Germany,Email,104,0,0
session_3833,user_1973,5/25/2025 22:32,product_page,Mobile,Germany,Email,84,3,0
session_3834,user_2503,3/21/2025 5:38,home,Mobile,Germany,Google,36,0,1
session_3834,user_2503,3/21/2025 5:40,product_page,Mobile,Germany,Google,156,3,1
session_3834,user_2503,3/21/2025 5:40,cart,Mobile,Germany,Google,19,3,1
session_3834,user_2503,3/21/2025 5:41,checkout,Mobile,Germany,Google,26,3,1
session_3834,user_2503,3/21/2025 5:43,confirmation,Mobile,Germany,Google,127,0,1
session_3835,user_2339,7/25/2025 21:03,home,Desktop,Canada,Email,81,0,0
session_3835,user_2339,7/25/2025 21:05,product_page,Desktop,Canada,Email,111,4,0
session_3836,user_2583,1/10/2025 12:33,home,Desktop,France,Direct,22,0,0
session_3836,user_2583,1/10/2025 12:33,product_page,Desktop,France,Direct,36,2,0
session_3837,user_2638,1/15/2025 18:42,home,Mobile,USA,Social Media,167,0,1
session_3837,user_2638,1/15/2025 18:44,product_page,Mobile,USA,Social Media,68,0,1
session_3837,user_2638,1/15/2025 18:45,cart,Mobile,USA,Social Media,100,4,1
session_3837,user_2638,1/15/2025 18:48,checkout,Mobile,USA,Social Media,150,4,1
session_3837,user_2638,1/15/2025 18:50,confirmation,Mobile,USA,Social Media,137,0,1
session_3838,user_1701,7/24/2025 13:41,home,Mobile,Canada,Direct,144,0,0
session_3838,user_1701,7/24/2025 13:41,product_page,Mobile,Canada,Direct,25,3,0
session_3839,user_2016,8/2/2025 13:55,home,Tablet,India,Email,81,0,0
session_3839,user_2016,8/2/2025 13:56,product_page,Tablet,India,Email,80,3,0
session_3840,user_2612,7/23/2025 18:34,home,Tablet,France,Google,76,0,0
session_3840,user_2612,7/23/2025 18:37,product_page,Tablet,France,Google,145,0,0
session_3841,user_2782,7/16/2025 7:55,home,Mobile,Australia,Social Media,65,0,0
session_3841,user_2782,7/16/2025 7:57,product_page,Mobile,Australia,Social Media,118,3,0
session_3841,user_2782,7/16/2025 7:58,cart,Mobile,Australia,Social Media,43,3,0
session_3842,user_1415,1/26/2025 7:16,home,Tablet,Germany,Email,72,0,1
session_3842,user_1415,1/26/2025 7:19,product_page,Tablet,Germany,Email,167,0,1
session_3842,user_1415,1/26/2025 7:21,cart,Tablet,Germany,Email,137,0,1
session_3842,user_1415,1/26/2025 7:24,checkout,Tablet,Germany,Email,167,2,1
session_3842,user_1415,1/26/2025 7:24,confirmation,Tablet,Germany,Email,51,0,1
session_3843,user_1845,7/13/2025 16:44,home,Tablet,Germany,Social Media,75,0,1
session_3843,user_1845,7/13/2025 16:47,product_page,Tablet,Germany,Social Media,153,0,1
session_3843,user_1845,7/13/2025 16:49,cart,Tablet,Germany,Social Media,163,0,1
session_3843,user_1845,7/13/2025 16:52,checkout,Tablet,Germany,Social Media,151,1,1
session_3843,user_1845,7/13/2025 16:53,confirmation,Tablet,Germany,Social Media,59,0,1
session_3844,user_1664,8/15/2025 13:53,home,Tablet,UK,Google,54,0,0
session_3844,user_1664,8/15/2025 13:55,product_page,Tablet,UK,Google,151,0,0
session_3845,user_2091,8/26/2025 5:22,home,Tablet,Canada,Direct,108,0,0
session_3845,user_2091,8/26/2025 5:23,product_page,Tablet,Canada,Direct,76,0,0
session_3846,user_2351,3/11/2025 23:52,home,Desktop,Germany,Google,119,0,0
session_3847,user_2233,8/30/2025 18:20,home,Tablet,USA,Direct,66,0,0
session_3847,user_2233,8/30/2025 18:21,product_page,Tablet,USA,Direct,24,0,0
session_3848,user_2892,5/16/2025 13:10,home,Tablet,India,Social Media,137,0,0
session_3848,user_2892,5/16/2025 13:11,product_page,Tablet,India,Social Media,84,0,0
session_3849,user_1484,6/28/2025 12:14,home,Desktop,India,Social Media,177,0,1
session_3849,user_1484,6/28/2025 12:15,product_page,Desktop,India,Social Media,65,4,1
session_3849,user_1484,6/28/2025 12:16,cart,Desktop,India,Social Media,50,4,1
session_3849,user_1484,6/28/2025 12:18,checkout,Desktop,India,Social Media,113,4,1
session_3849,user_1484,6/28/2025 12:20,confirmation,Desktop,India,Social Media,134,0,1
session_3850,user_1092,6/9/2025 9:50,home,Desktop,India,Social Media,159,0,1
session_3850,user_1092,6/9/2025 9:52,product_page,Desktop,India,Social Media,117,4,1
session_3850,user_1092,6/9/2025 9:55,cart,Desktop,India,Social Media,163,4,1
session_3850,user_1092,6/9/2025 9:57,checkout,Desktop,India,Social Media,163,4,1
session_3850,user_1092,6/9/2025 10:00,confirmation,Desktop,India,Social Media,165,0,1
session_3851,user_2606,8/6/2025 5:54,home,Tablet,India,Social Media,35,0,1
session_3851,user_2606,8/6/2025 5:55,product_page,Tablet,India,Social Media,32,4,1
session_3851,user_2606,8/6/2025 5:55,cart,Tablet,India,Social Media,35,4,1
session_3851,user_2606,8/6/2025 5:56,checkout,Tablet,India,Social Media,31,4,1
session_3851,user_2606,8/6/2025 5:57,confirmation,Tablet,India,Social Media,53,0,1
session_3852,user_1756,3/17/2025 11:48,home,Desktop,Canada,Google,162,0,0
session_3853,user_2259,7/14/2025 12:44,home,Mobile,UK,Email,163,0,0
session_3854,user_1246,3/23/2025 13:04,home,Mobile,UK,Social Media,64,0,0
session_3854,user_1246,3/23/2025 13:06,product_page,Mobile,UK,Social Media,131,0,0
session_3855,user_2318,3/30/2025 5:41,home,Mobile,France,Google,67,0,0
session_3855,user_2318,3/30/2025 5:44,product_page,Mobile,France,Google,174,3,0
session_3855,user_2318,3/30/2025 5:45,cart,Mobile,France,Google,66,3,0
session_3856,user_2750,8/20/2025 12:58,home,Tablet,India,Social Media,29,0,0
session_3857,user_1603,7/21/2025 8:53,home,Tablet,UK,Email,97,0,0
session_3857,user_1603,7/21/2025 8:54,product_page,Tablet,UK,Email,53,1,0
session_3858,user_1135,5/25/2025 4:30,home,Tablet,Germany,Google,55,0,0
session_3858,user_1135,5/25/2025 4:31,product_page,Tablet,Germany,Google,80,1,0
session_3859,user_2173,5/24/2025 23:32,home,Desktop,USA,Social Media,106,0,0
session_3860,user_1169,3/1/2025 16:14,home,Desktop,Australia,Direct,96,0,0
session_3861,user_1074,8/24/2025 7:30,home,Tablet,Canada,Email,28,0,0
session_3861,user_1074,8/24/2025 7:31,product_page,Tablet,Canada,Email,68,1,0
session_3862,user_1855,5/23/2025 5:05,home,Desktop,Australia,Email,60,0,0
session_3862,user_1855,5/23/2025 5:05,product_page,Desktop,Australia,Email,24,1,0
session_3863,user_2991,5/16/2025 18:24,home,Desktop,France,Email,149,0,1
session_3863,user_2991,5/16/2025 18:27,product_page,Desktop,France,Email,175,0,1
session_3863,user_2991,5/16/2025 18:29,cart,Desktop,France,Email,120,1,1
session_3863,user_2991,5/16/2025 18:30,checkout,Desktop,France,Email,76,1,1
session_3863,user_2991,5/16/2025 18:31,confirmation,Desktop,France,Email,85,0,1
session_3864,user_1286,2/5/2025 0:30,home,Mobile,Australia,Social Media,111,0,0
session_3865,user_2345,6/16/2025 6:01,home,Tablet,France,Direct,164,0,0
session_3865,user_2345,6/16/2025 6:04,product_page,Tablet,France,Direct,151,1,0
session_3866,user_2355,6/1/2025 9:09,home,Mobile,Germany,Social Media,147,0,0
session_3866,user_2355,6/1/2025 9:09,product_page,Mobile,Germany,Social Media,32,2,0
session_3867,user_1628,8/28/2025 12:45,home,Desktop,USA,Email,43,0,1
session_3867,user_1628,8/28/2025 12:46,product_page,Desktop,USA,Email,44,5,1
session_3867,user_1628,8/28/2025 12:48,cart,Desktop,USA,Email,122,5,1
session_3867,user_1628,8/28/2025 12:50,checkout,Desktop,USA,Email,138,5,1
session_3867,user_1628,8/28/2025 12:53,confirmation,Desktop,USA,Email,150,0,1
session_3868,user_2884,1/11/2025 0:30,home,Desktop,India,Google,28,0,0
session_3868,user_2884,1/11/2025 0:32,product_page,Desktop,India,Google,115,3,0
session_3869,user_1474,4/24/2025 11:18,home,Desktop,Germany,Direct,99,0,0
session_3869,user_1474,4/24/2025 11:21,product_page,Desktop,Germany,Direct,163,5,0
session_3870,user_1735,7/19/2025 16:14,home,Desktop,USA,Social Media,148,0,0
session_3870,user_1735,7/19/2025 16:14,product_page,Desktop,USA,Social Media,35,0,0
session_3870,user_1735,7/19/2025 16:16,cart,Desktop,USA,Social Media,99,0,0
session_3871,user_1197,4/9/2025 21:27,home,Tablet,UK,Direct,89,0,0
session_3871,user_1197,4/9/2025 21:29,product_page,Tablet,UK,Direct,120,0,0
session_3871,user_1197,4/9/2025 21:32,cart,Tablet,UK,Direct,156,0,0
session_3872,user_1589,7/2/2025 19:51,home,Desktop,UK,Email,105,0,0
session_3872,user_1589,7/2/2025 19:52,product_page,Desktop,UK,Email,61,0,0
session_3872,user_1589,7/2/2025 19:55,cart,Desktop,UK,Email,143,0,0
session_3873,user_2872,5/13/2025 9:55,home,Mobile,USA,Google,139,0,1
session_3873,user_2872,5/13/2025 9:56,product_page,Mobile,USA,Google,106,2,1
session_3873,user_2872,5/13/2025 9:59,cart,Mobile,USA,Google,180,2,1
session_3873,user_2872,5/13/2025 10:01,checkout,Mobile,USA,Google,87,2,1
session_3873,user_2872,5/13/2025 10:02,confirmation,Mobile,USA,Google,46,0,1
session_3874,user_1042,5/14/2025 13:47,home,Mobile,India,Direct,163,0,0
session_3874,user_1042,5/14/2025 13:48,product_page,Mobile,India,Direct,86,0,0
session_3875,user_2341,3/27/2025 21:28,home,Mobile,India,Direct,136,0,1
session_3875,user_2341,3/27/2025 21:30,product_page,Mobile,India,Direct,162,3,1
session_3875,user_2341,3/27/2025 21:32,cart,Mobile,India,Direct,105,3,1
session_3875,user_2341,3/27/2025 21:35,checkout,Mobile,India,Direct,159,3,1
session_3875,user_2341,3/27/2025 21:36,confirmation,Mobile,India,Direct,88,0,1
session_3876,user_1220,6/14/2025 17:57,home,Tablet,India,Social Media,41,0,1
session_3876,user_1220,6/14/2025 17:59,product_page,Tablet,India,Social Media,143,5,1
session_3876,user_1220,6/14/2025 18:01,cart,Tablet,India,Social Media,111,5,1
session_3876,user_1220,6/14/2025 18:03,checkout,Tablet,India,Social Media,120,5,1
session_3876,user_1220,6/14/2025 18:06,confirmation,Tablet,India,Social Media,162,0,1
session_3877,user_1480,4/12/2025 10:26,home,Mobile,Germany,Email,84,0,0
session_3877,user_1480,4/12/2025 10:28,product_page,Mobile,Germany,Email,121,0,0
session_3877,user_1480,4/12/2025 10:28,cart,Mobile,Germany,Email,31,3,0
session_3877,user_1480,4/12/2025 10:31,checkout,Mobile,Germany,Email,175,3,0
session_3878,user_1952,1/13/2025 8:06,home,Tablet,UK,Direct,55,0,0
session_3878,user_1952,1/13/2025 8:08,product_page,Tablet,UK,Direct,136,3,0
session_3879,user_2355,5/7/2025 19:48,home,Desktop,France,Direct,26,0,0
session_3879,user_2355,5/7/2025 19:50,product_page,Desktop,France,Direct,116,0,0
session_3880,user_2204,3/4/2025 11:38,home,Desktop,UK,Email,16,0,0
session_3880,user_2204,3/4/2025 11:41,product_page,Desktop,UK,Email,156,2,0
session_3881,user_1820,1/19/2025 0:53,home,Mobile,UK,Email,158,0,0
session_3882,user_2426,2/6/2025 20:29,home,Tablet,Canada,Direct,51,0,1
session_3882,user_2426,2/6/2025 20:31,product_page,Tablet,Canada,Direct,103,4,1
session_3882,user_2426,2/6/2025 20:32,cart,Tablet,Canada,Direct,100,4,1
session_3882,user_2426,2/6/2025 20:35,checkout,Tablet,Canada,Direct,143,4,1
session_3882,user_2426,2/6/2025 20:36,confirmation,Tablet,Canada,Direct,87,0,1
session_3883,user_1873,5/29/2025 21:43,home,Tablet,Canada,Direct,124,0,0
session_3884,user_2318,3/21/2025 19:39,home,Mobile,France,Email,156,0,0
session_3885,user_2046,7/27/2025 8:34,home,Tablet,Australia,Email,22,0,0
session_3885,user_2046,7/27/2025 8:37,product_page,Tablet,Australia,Email,151,3,0
session_3886,user_1537,6/25/2025 4:36,home,Desktop,France,Social Media,152,0,1
session_3886,user_1537,6/25/2025 4:37,product_page,Desktop,France,Social Media,48,2,1
session_3886,user_1537,6/25/2025 4:38,cart,Desktop,France,Social Media,82,2,1
session_3886,user_1537,6/25/2025 4:41,checkout,Desktop,France,Social Media,141,2,1
session_3886,user_1537,6/25/2025 4:43,confirmation,Desktop,France,Social Media,164,0,1
session_3887,user_1747,7/4/2025 1:06,home,Mobile,UK,Email,23,0,0
session_3887,user_1747,7/4/2025 1:07,product_page,Mobile,UK,Email,74,3,0
session_3888,user_2864,2/27/2025 14:07,home,Tablet,Canada,Email,151,0,0
session_3888,user_2864,2/27/2025 14:10,product_page,Tablet,Canada,Email,153,5,0
session_3889,user_1005,7/25/2025 23:11,home,Mobile,India,Email,31,0,1
session_3889,user_1005,7/25/2025 23:14,product_page,Mobile,India,Email,172,5,1
session_3889,user_1005,7/25/2025 23:16,cart,Mobile,India,Email,95,5,1
session_3889,user_1005,7/25/2025 23:18,checkout,Mobile,India,Email,118,5,1
session_3889,user_1005,7/25/2025 23:20,confirmation,Mobile,India,Email,156,0,1
session_3890,user_1991,8/8/2025 16:22,home,Tablet,India,Social Media,51,0,1
session_3890,user_1991,8/8/2025 16:24,product_page,Tablet,India,Social Media,125,0,1
session_3890,user_1991,8/8/2025 16:27,cart,Tablet,India,Social Media,169,5,1
session_3890,user_1991,8/8/2025 16:28,checkout,Tablet,India,Social Media,49,5,1
session_3890,user_1991,8/8/2025 16:28,confirmation,Tablet,India,Social Media,20,0,1
session_3891,user_2571,6/5/2025 11:11,home,Desktop,France,Email,95,0,0
session_3891,user_2571,6/5/2025 11:14,product_page,Desktop,France,Email,152,3,0
session_3892,user_1408,7/31/2025 5:55,home,Desktop,USA,Email,46,0,0
session_3892,user_1408,7/31/2025 5:57,product_page,Desktop,USA,Email,155,0,0
session_3893,user_1211,4/22/2025 16:38,home,Tablet,Canada,Email,23,0,0
session_3893,user_1211,4/22/2025 16:40,product_page,Tablet,Canada,Email,81,0,0
session_3894,user_2119,5/31/2025 23:49,home,Tablet,Australia,Direct,72,0,0
session_3894,user_2119,5/31/2025 23:52,product_page,Tablet,Australia,Direct,176,1,0
session_3895,user_2638,2/16/2025 21:17,home,Mobile,Canada,Email,87,0,1
session_3895,user_2638,2/16/2025 21:20,product_page,Mobile,Canada,Email,148,3,1
session_3895,user_2638,2/16/2025 21:22,cart,Mobile,Canada,Email,111,3,1
session_3895,user_2638,2/16/2025 21:23,checkout,Mobile,Canada,Email,82,3,1
session_3895,user_2638,2/16/2025 21:25,confirmation,Mobile,Canada,Email,123,0,1
session_3896,user_1940,3/2/2025 3:37,home,Mobile,Canada,Direct,40,0,1
session_3896,user_1940,3/2/2025 3:37,product_page,Mobile,Canada,Direct,31,0,1
session_3896,user_1940,3/2/2025 3:40,cart,Mobile,Canada,Direct,131,0,1
session_3896,user_1940,3/2/2025 3:41,checkout,Mobile,Canada,Direct,95,1,1
session_3896,user_1940,3/2/2025 3:42,confirmation,Mobile,Canada,Direct,66,0,1
session_3897,user_1798,5/2/2025 22:34,home,Tablet,Canada,Google,175,0,0
session_3897,user_1798,5/2/2025 22:36,product_page,Tablet,Canada,Google,150,5,0
session_3898,user_1462,2/24/2025 23:08,home,Desktop,Germany,Email,178,0,0
session_3898,user_1462,2/24/2025 23:10,product_page,Desktop,Germany,Email,144,0,0
session_3899,user_2849,1/7/2025 8:58,home,Tablet,India,Google,113,0,0
session_3899,user_2849,1/7/2025 9:00,product_page,Tablet,India,Google,128,3,0
session_3900,user_1560,8/16/2025 3:48,home,Tablet,Australia,Social Media,19,0,0
session_3901,user_1137,3/22/2025 0:38,home,Mobile,Canada,Social Media,177,0,0
session_3901,user_1137,3/22/2025 0:41,product_page,Mobile,Canada,Social Media,175,5,0
session_3902,user_1275,3/14/2025 18:32,home,Mobile,Germany,Email,85,0,0
session_3902,user_1275,3/14/2025 18:33,product_page,Mobile,Germany,Email,37,2,0
session_3903,user_2568,2/10/2025 15:08,home,Tablet,USA,Direct,90,0,0
session_3903,user_2568,2/10/2025 15:11,product_page,Tablet,USA,Direct,146,1,0
session_3903,user_2568,2/10/2025 15:14,cart,Tablet,USA,Direct,170,1,0
session_3904,user_2544,6/29/2025 13:08,home,Tablet,UK,Google,73,0,0
session_3905,user_1498,3/16/2025 10:28,home,Mobile,Germany,Direct,103,0,0
session_3905,user_1498,3/16/2025 10:31,product_page,Mobile,Germany,Direct,144,0,0
session_3906,user_1723,1/2/2025 0:14,home,Mobile,France,Google,101,0,1
session_3906,user_1723,1/2/2025 0:17,product_page,Mobile,France,Google,144,2,1
session_3906,user_1723,1/2/2025 0:19,cart,Mobile,France,Google,109,2,1
session_3906,user_1723,1/2/2025 0:20,checkout,Mobile,France,Google,56,2,1
session_3906,user_1723,1/2/2025 0:20,confirmation,Mobile,France,Google,54,0,1
session_3907,user_1535,8/31/2025 6:58,home,Mobile,France,Direct,17,0,0
session_3908,user_1406,5/16/2025 2:46,home,Tablet,India,Email,141,0,0
session_3908,user_1406,5/16/2025 2:46,product_page,Tablet,India,Email,31,4,0
session_3909,user_1847,2/23/2025 23:33,home,Tablet,UK,Email,131,0,0
session_3909,user_1847,2/23/2025 23:35,product_page,Tablet,UK,Email,139,0,0
session_3909,user_1847,2/23/2025 23:36,cart,Tablet,UK,Email,23,0,0
session_3910,user_2970,6/5/2025 14:25,home,Tablet,Germany,Google,115,0,0
session_3910,user_2970,6/5/2025 14:26,product_page,Tablet,Germany,Google,38,3,0
session_3911,user_2999,1/12/2025 13:52,home,Mobile,Germany,Social Media,134,0,0
session_3911,user_2999,1/12/2025 13:55,product_page,Mobile,Germany,Social Media,139,4,0
session_3912,user_2173,6/24/2025 16:03,home,Tablet,Germany,Social Media,25,0,0
session_3912,user_2173,6/24/2025 16:05,product_page,Tablet,Germany,Social Media,87,4,0
session_3913,user_2848,8/13/2025 19:48,home,Tablet,Australia,Social Media,33,0,0
session_3913,user_2848,8/13/2025 19:51,product_page,Tablet,Australia,Social Media,176,0,0
session_3914,user_2534,5/5/2025 23:25,home,Desktop,Canada,Direct,46,0,0
session_3915,user_2169,6/19/2025 4:27,home,Tablet,Australia,Google,83,0,0
session_3915,user_2169,6/19/2025 4:29,product_page,Tablet,Australia,Google,87,3,0
session_3916,user_2640,2/24/2025 17:40,home,Desktop,Canada,Email,40,0,0
session_3916,user_2640,2/24/2025 17:41,product_page,Desktop,Canada,Email,76,5,0
session_3917,user_1135,6/29/2025 21:15,home,Desktop,USA,Social Media,122,0,1
session_3917,user_1135,6/29/2025 21:16,product_page,Desktop,USA,Social Media,80,0,1
session_3917,user_1135,6/29/2025 21:17,cart,Desktop,USA,Social Media,60,1,1
session_3917,user_1135,6/29/2025 21:18,checkout,Desktop,USA,Social Media,42,1,1
session_3917,user_1135,6/29/2025 21:21,confirmation,Desktop,USA,Social Media,141,0,1
session_3918,user_1533,2/13/2025 10:24,home,Mobile,USA,Direct,46,0,0
session_3918,user_1533,2/13/2025 10:26,product_page,Mobile,USA,Direct,110,4,0
session_3919,user_1629,7/7/2025 0:16,home,Desktop,Australia,Social Media,84,0,0
session_3920,user_2793,5/22/2025 17:56,home,Tablet,USA,Google,85,0,1
session_3920,user_2793,5/22/2025 17:59,product_page,Tablet,USA,Google,179,0,1
session_3920,user_2793,5/22/2025 18:01,cart,Tablet,USA,Google,108,0,1
session_3920,user_2793,5/22/2025 18:04,checkout,Tablet,USA,Google,177,3,1
session_3920,user_2793,5/22/2025 18:05,confirmation,Tablet,USA,Google,60,0,1
session_3921,user_2996,6/14/2025 8:46,home,Tablet,Canada,Google,179,0,0
session_3921,user_2996,6/14/2025 8:47,product_page,Tablet,Canada,Google,19,3,0
session_3921,user_2996,6/14/2025 8:48,cart,Tablet,Canada,Google,62,3,0
session_3922,user_2583,2/19/2025 13:33,home,Mobile,Australia,Direct,39,0,0
session_3923,user_2323,3/4/2025 22:28,home,Desktop,Australia,Direct,53,0,0
session_3923,user_2323,3/4/2025 22:30,product_page,Desktop,Australia,Direct,99,0,0
session_3924,user_2089,5/15/2025 23:09,home,Mobile,Australia,Social Media,81,0,0
session_3924,user_2089,5/15/2025 23:10,product_page,Mobile,Australia,Social Media,98,0,0
session_3925,user_1586,3/3/2025 9:33,home,Mobile,France,Social Media,80,0,0
session_3925,user_1586,3/3/2025 9:35,product_page,Mobile,France,Social Media,155,0,0
session_3926,user_1159,7/19/2025 16:40,home,Tablet,Germany,Social Media,126,0,0
session_3927,user_1371,3/2/2025 2:32,home,Mobile,Canada,Social Media,130,0,0
session_3927,user_1371,3/2/2025 2:34,product_page,Mobile,Canada,Social Media,63,3,0
session_3928,user_1982,4/8/2025 3:16,home,Tablet,India,Email,121,0,0
session_3928,user_1982,4/8/2025 3:19,product_page,Tablet,India,Email,172,1,0
session_3929,user_2018,2/9/2025 14:01,home,Desktop,USA,Google,58,0,0
session_3929,user_2018,2/9/2025 14:03,product_page,Desktop,USA,Google,151,4,0
session_3930,user_2346,7/4/2025 11:58,home,Tablet,Germany,Google,25,0,0
session_3931,user_1270,6/29/2025 17:30,home,Mobile,India,Google,140,0,1
session_3931,user_1270,6/29/2025 17:32,product_page,Mobile,India,Google,127,0,1
session_3931,user_1270,6/29/2025 17:33,cart,Mobile,India,Google,35,1,1
session_3931,user_1270,6/29/2025 17:34,checkout,Mobile,India,Google,71,1,1
session_3931,user_1270,6/29/2025 17:37,confirmation,Mobile,India,Google,175,0,1
session_3932,user_2318,2/17/2025 10:14,home,Tablet,Canada,Email,125,0,0
session_3932,user_2318,2/17/2025 10:15,product_page,Tablet,Canada,Email,41,0,0
session_3933,user_2400,2/2/2025 0:25,home,Mobile,India,Email,160,0,0
session_3933,user_2400,2/2/2025 0:26,product_page,Mobile,India,Email,72,4,0
session_3934,user_2223,5/31/2025 14:02,home,Mobile,Canada,Google,97,0,0
session_3934,user_2223,5/31/2025 14:03,product_page,Mobile,Canada,Google,39,0,0
session_3935,user_2356,2/24/2025 23:18,home,Tablet,Australia,Social Media,39,0,0
session_3935,user_2356,2/24/2025 23:19,product_page,Tablet,Australia,Social Media,21,5,0
session_3936,user_1581,4/28/2025 6:12,home,Tablet,India,Direct,144,0,0
session_3936,user_1581,4/28/2025 6:14,product_page,Tablet,India,Direct,91,0,0
session_3937,user_1868,8/26/2025 20:01,home,Desktop,UK,Email,134,0,0
session_3937,user_1868,8/26/2025 20:03,product_page,Desktop,UK,Email,122,0,0
session_3938,user_1037,8/19/2025 17:27,home,Desktop,USA,Direct,166,0,1
session_3938,user_1037,8/19/2025 17:27,product_page,Desktop,USA,Direct,30,0,1
session_3938,user_1037,8/19/2025 17:28,cart,Desktop,USA,Direct,23,4,1
session_3938,user_1037,8/19/2025 17:29,checkout,Desktop,USA,Direct,99,4,1
session_3938,user_1037,8/19/2025 17:30,confirmation,Desktop,USA,Direct,67,0,1
session_3939,user_2248,3/21/2025 10:37,home,Mobile,France,Email,42,0,0
session_3939,user_2248,3/21/2025 10:38,product_page,Mobile,France,Email,60,0,0
session_3939,user_2248,3/21/2025 10:39,cart,Mobile,France,Email,28,2,0
session_3940,user_2594,7/22/2025 19:43,home,Desktop,Germany,Email,67,0,0
session_3940,user_2594,7/22/2025 19:44,product_page,Desktop,Germany,Email,26,0,0
session_3941,user_2610,3/9/2025 22:24,home,Desktop,Germany,Email,120,0,0
session_3941,user_2610,3/9/2025 22:26,product_page,Desktop,Germany,Email,107,5,0
session_3942,user_1694,5/26/2025 19:18,home,Desktop,UK,Email,84,0,0
session_3942,user_1694,5/26/2025 19:21,product_page,Desktop,UK,Email,177,0,0
session_3942,user_1694,5/26/2025 19:23,cart,Desktop,UK,Email,84,2,0
session_3943,user_1990,4/3/2025 21:22,home,Mobile,USA,Google,73,0,0
session_3943,user_1990,4/3/2025 21:23,product_page,Mobile,USA,Google,64,1,0
session_3944,user_1328,3/25/2025 8:17,home,Mobile,UK,Email,152,0,0
session_3945,user_1541,8/25/2025 22:41,home,Desktop,Canada,Social Media,154,0,0
session_3945,user_1541,8/25/2025 22:43,product_page,Desktop,Canada,Social Media,118,0,0
session_3945,user_1541,8/25/2025 22:45,cart,Desktop,Canada,Social Media,126,3,0
session_3946,user_2215,2/21/2025 19:25,home,Mobile,USA,Social Media,153,0,1
session_3946,user_2215,2/21/2025 19:27,product_page,Mobile,USA,Social Media,138,5,1
session_3946,user_2215,2/21/2025 19:27,cart,Mobile,USA,Social Media,25,5,1
session_3946,user_2215,2/21/2025 19:28,checkout,Mobile,USA,Social Media,16,5,1
session_3946,user_2215,2/21/2025 19:29,confirmation,Mobile,USA,Social Media,110,0,1
session_3947,user_1690,5/17/2025 11:20,home,Mobile,France,Social Media,97,0,0
session_3947,user_1690,5/17/2025 11:22,product_page,Mobile,France,Social Media,105,0,0
session_3948,user_2690,4/7/2025 12:46,home,Desktop,Germany,Google,30,0,0
session_3949,user_2607,2/7/2025 18:34,home,Desktop,Canada,Direct,60,0,1
session_3949,user_2607,2/7/2025 18:35,product_page,Desktop,Canada,Direct,43,0,1
session_3949,user_2607,2/7/2025 18:36,cart,Desktop,Canada,Direct,108,2,1
session_3949,user_2607,2/7/2025 18:37,checkout,Desktop,Canada,Direct,23,2,1
session_3949,user_2607,2/7/2025 18:38,confirmation,Desktop,Canada,Direct,103,0,1
session_3950,user_1624,2/9/2025 9:29,home,Tablet,Canada,Google,73,0,0
session_3950,user_1624,2/9/2025 9:31,product_page,Tablet,Canada,Google,108,2,0
session_3951,user_2852,3/30/2025 3:27,home,Mobile,India,Google,45,0,0
session_3951,user_2852,3/30/2025 3:29,product_page,Mobile,India,Google,133,0,0
session_3952,user_2951,4/23/2025 14:45,home,Desktop,UK,Google,43,0,1
session_3952,user_2951,4/23/2025 14:45,product_page,Desktop,UK,Google,15,0,1
session_3952,user_2951,4/23/2025 14:46,cart,Desktop,UK,Google,63,0,1
session_3952,user_2951,4/23/2025 14:48,checkout,Desktop,UK,Google,121,3,1
session_3952,user_2951,4/23/2025 14:50,confirmation,Desktop,UK,Google,72,0,1
session_3953,user_1197,5/28/2025 2:20,home,Mobile,Australia,Email,177,0,0
session_3953,user_1197,5/28/2025 2:23,product_page,Mobile,Australia,Email,149,4,0
session_3954,user_2425,1/20/2025 10:11,home,Mobile,USA,Social Media,42,0,0
session_3955,user_2772,1/21/2025 8:48,home,Desktop,Canada,Direct,178,0,1
session_3955,user_2772,1/21/2025 8:49,product_page,Desktop,Canada,Direct,86,4,1
session_3955,user_2772,1/21/2025 8:50,cart,Desktop,Canada,Direct,71,4,1
session_3955,user_2772,1/21/2025 8:51,checkout,Desktop,Canada,Direct,57,4,1
session_3955,user_2772,1/21/2025 8:53,confirmation,Desktop,Canada,Direct,88,0,1
session_3956,user_2022,7/9/2025 18:33,home,Mobile,UK,Social Media,133,0,1
session_3956,user_2022,7/9/2025 18:36,product_page,Mobile,UK,Social Media,151,3,1
session_3956,user_2022,7/9/2025 18:36,cart,Mobile,UK,Social Media,18,3,1
session_3956,user_2022,7/9/2025 18:38,checkout,Mobile,UK,Social Media,143,3,1
session_3956,user_2022,7/9/2025 18:39,confirmation,Mobile,UK,Social Media,63,0,1
session_3957,user_1086,8/17/2025 7:45,home,Mobile,USA,Email,175,0,1
session_3957,user_1086,8/17/2025 7:47,product_page,Mobile,USA,Email,80,0,1
session_3957,user_1086,8/17/2025 7:49,cart,Mobile,USA,Email,137,4,1
session_3957,user_1086,8/17/2025 7:52,checkout,Mobile,USA,Email,168,4,1
session_3957,user_1086,8/17/2025 7:52,confirmation,Mobile,USA,Email,20,0,1
session_3958,user_1407,1/24/2025 0:20,home,Desktop,UK,Email,17,0,1
session_3958,user_1407,1/24/2025 0:22,product_page,Desktop,UK,Email,123,5,1
session_3958,user_1407,1/24/2025 0:24,cart,Desktop,UK,Email,97,5,1
session_3958,user_1407,1/24/2025 0:26,checkout,Desktop,UK,Email,154,5,1
session_3958,user_1407,1/24/2025 0:28,confirmation,Desktop,UK,Email,95,0,1
session_3959,user_2054,2/1/2025 19:28,home,Desktop,Germany,Social Media,59,0,0
session_3959,user_2054,2/1/2025 19:30,product_page,Desktop,Germany,Social Media,102,3,0
session_3960,user_2215,2/8/2025 11:19,home,Desktop,Australia,Direct,116,0,1
session_3960,user_2215,2/8/2025 11:20,product_page,Desktop,Australia,Direct,53,4,1
session_3960,user_2215,2/8/2025 11:22,cart,Desktop,Australia,Direct,116,4,1
session_3960,user_2215,2/8/2025 11:23,checkout,Desktop,Australia,Direct,82,4,1
session_3960,user_2215,2/8/2025 11:24,confirmation,Desktop,Australia,Direct,89,0,1
session_3961,user_1314,6/4/2025 16:23,home,Tablet,Canada,Direct,168,0,0
session_3961,user_1314,6/4/2025 16:25,product_page,Tablet,Canada,Direct,120,2,0
session_3962,user_2086,1/23/2025 3:44,home,Mobile,Australia,Social Media,161,0,0
session_3962,user_2086,1/23/2025 3:46,product_page,Mobile,Australia,Social Media,109,2,0
session_3963,user_1633,2/14/2025 23:58,home,Desktop,France,Direct,104,0,0
session_3964,user_2752,8/25/2025 19:18,home,Tablet,Germany,Email,62,0,0
session_3965,user_1765,1/2/2025 9:46,home,Tablet,USA,Google,125,0,0
session_3965,user_1765,1/2/2025 9:47,product_page,Tablet,USA,Google,108,4,0
session_3966,user_2426,7/27/2025 21:27,home,Desktop,UK,Email,111,0,0
session_3966,user_2426,7/27/2025 21:28,product_page,Desktop,UK,Email,66,5,0
session_3967,user_2626,6/16/2025 22:16,home,Mobile,Canada,Google,115,0,0
session_3967,user_2626,6/16/2025 22:17,product_page,Mobile,Canada,Google,108,2,0
session_3968,user_1723,2/13/2025 19:49,home,Tablet,France,Email,170,0,0
session_3968,user_1723,2/13/2025 19:49,product_page,Tablet,France,Email,40,0,0
session_3969,user_2466,1/11/2025 6:20,home,Tablet,Australia,Email,170,0,0
session_3969,user_2466,1/11/2025 6:21,product_page,Tablet,Australia,Email,78,0,0
session_3970,user_2276,8/25/2025 8:13,home,Tablet,France,Direct,48,0,0
session_3970,user_2276,8/25/2025 8:14,product_page,Tablet,France,Direct,71,4,0
session_3971,user_2747,8/3/2025 1:44,home,Mobile,France,Social Media,92,0,0
session_3971,user_2747,8/3/2025 1:46,product_page,Mobile,France,Social Media,82,0,0
session_3972,user_2963,8/14/2025 3:13,home,Tablet,Germany,Social Media,69,0,0
session_3973,user_1921,3/25/2025 21:15,home,Mobile,France,Social Media,103,0,1
session_3973,user_1921,3/25/2025 21:17,product_page,Mobile,France,Social Media,110,0,1
session_3973,user_1921,3/25/2025 21:18,cart,Mobile,France,Social Media,45,0,1
session_3973,user_1921,3/25/2025 21:19,checkout,Mobile,France,Social Media,33,3,1
session_3973,user_1921,3/25/2025 21:19,confirmation,Mobile,France,Social Media,36,0,1
session_3974,user_2374,3/24/2025 23:51,home,Tablet,USA,Direct,130,0,0
session_3974,user_2374,3/24/2025 23:53,product_page,Tablet,USA,Direct,119,0,0
session_3975,user_2410,4/3/2025 18:06,home,Tablet,Germany,Email,159,0,0
session_3975,user_2410,4/3/2025 18:08,product_page,Tablet,Germany,Email,128,4,0
session_3976,user_1579,1/9/2025 2:32,home,Mobile,USA,Direct,116,0,0
session_3976,user_1579,1/9/2025 2:33,product_page,Mobile,USA,Direct,45,0,0
session_3977,user_2955,8/6/2025 12:38,home,Desktop,Canada,Social Media,25,0,0
session_3977,user_2955,8/6/2025 12:41,product_page,Desktop,Canada,Social Media,164,0,0
session_3978,user_1740,8/19/2025 1:10,home,Desktop,India,Email,171,0,1
session_3978,user_1740,8/19/2025 1:11,product_page,Desktop,India,Email,52,0,1
session_3978,user_1740,8/19/2025 1:11,cart,Desktop,India,Email,23,0,1
session_3978,user_1740,8/19/2025 1:14,checkout,Desktop,India,Email,178,3,1
session_3978,user_1740,8/19/2025 1:15,confirmation,Desktop,India,Email,45,0,1
session_3979,user_1805,4/4/2025 10:44,home,Mobile,USA,Email,159,0,0
session_3979,user_1805,4/4/2025 10:45,product_page,Mobile,USA,Email,77,0,0
session_3980,user_1229,7/20/2025 18:13,home,Desktop,India,Social Media,135,0,0
session_3981,user_1558,5/11/2025 22:50,home,Desktop,UK,Google,107,0,0
session_3982,user_1610,5/8/2025 16:10,home,Desktop,UK,Email,169,0,0
session_3982,user_1610,5/8/2025 16:12,product_page,Desktop,UK,Email,103,4,0
session_3983,user_2271,7/8/2025 17:25,home,Tablet,France,Social Media,115,0,0
session_3983,user_2271,7/8/2025 17:26,product_page,Tablet,France,Social Media,39,3,0
session_3984,user_1500,8/30/2025 18:56,home,Tablet,France,Direct,59,0,0
session_3984,user_1500,8/30/2025 18:58,product_page,Tablet,France,Direct,121,5,0
session_3985,user_2594,7/9/2025 8:02,home,Desktop,Germany,Direct,121,0,1
session_3985,user_2594,7/9/2025 8:03,product_page,Desktop,Germany,Direct,62,3,1
session_3985,user_2594,7/9/2025 8:05,cart,Desktop,Germany,Direct,94,3,1
session_3985,user_2594,7/9/2025 8:05,checkout,Desktop,Germany,Direct,33,3,1
session_3985,user_2594,7/9/2025 8:07,confirmation,Desktop,Germany,Direct,84,0,1
session_3986,user_1697,1/15/2025 9:01,home,Tablet,Australia,Social Media,180,0,0
session_3986,user_1697,1/15/2025 9:03,product_page,Tablet,Australia,Social Media,124,5,0
session_3987,user_3001,1/8/2025 16:47,home,Mobile,France,Google,27,0,0
session_3987,user_3001,1/8/2025 16:48,product_page,Mobile,France,Google,73,4,0
session_3988,user_1084,5/29/2025 13:19,home,Tablet,France,Google,116,0,1
session_3988,user_1084,5/29/2025 13:20,product_page,Tablet,France,Google,56,3,1
session_3988,user_1084,5/29/2025 13:21,cart,Tablet,France,Google,48,3,1
session_3988,user_1084,5/29/2025 13:22,checkout,Tablet,France,Google,89,3,1
session_3988,user_1084,5/29/2025 13:23,confirmation,Tablet,France,Google,58,0,1
session_3989,user_2801,5/12/2025 17:57,home,Desktop,USA,Email,30,0,0
session_3989,user_2801,5/12/2025 17:59,product_page,Desktop,USA,Email,136,3,0
session_3990,user_2781,2/19/2025 19:31,home,Desktop,UK,Email,42,0,0
session_3990,user_2781,2/19/2025 19:33,product_page,Desktop,UK,Email,112,3,0
session_3990,user_2781,2/19/2025 19:35,cart,Desktop,UK,Email,135,3,0
session_3991,user_2542,5/1/2025 5:45,home,Desktop,Australia,Email,162,0,0
session_3991,user_2542,5/1/2025 5:47,product_page,Desktop,Australia,Email,106,0,0
session_3992,user_1886,6/18/2025 10:52,home,Tablet,Germany,Email,171,0,1
session_3992,user_1886,6/18/2025 10:53,product_page,Tablet,Germany,Email,98,0,1
session_3992,user_1886,6/18/2025 10:56,cart,Tablet,Germany,Email,170,2,1
session_3992,user_1886,6/18/2025 10:58,checkout,Tablet,Germany,Email,126,2,1
session_3992,user_1886,6/18/2025 10:59,confirmation,Tablet,Germany,Email,55,0,1
session_3993,user_1751,1/27/2025 23:31,home,Mobile,Canada,Social Media,29,0,0
session_3993,user_1751,1/27/2025 23:31,product_page,Mobile,Canada,Social Media,17,3,0
session_3994,user_2132,3/21/2025 20:38,home,Mobile,USA,Direct,25,0,1
session_3994,user_2132,3/21/2025 20:40,product_page,Mobile,USA,Direct,138,2,1
session_3994,user_2132,3/21/2025 20:42,cart,Mobile,USA,Direct,94,2,1
session_3994,user_2132,3/21/2025 20:44,checkout,Mobile,USA,Direct,163,2,1
session_3994,user_2132,3/21/2025 20:45,confirmation,Mobile,USA,Direct,73,0,1
session_3995,user_2197,4/26/2025 13:15,home,Desktop,USA,Email,86,0,0
session_3995,user_2197,4/26/2025 13:18,product_page,Desktop,USA,Email,138,3,0
session_3996,user_2689,8/8/2025 5:08,home,Desktop,Canada,Social Media,77,0,0
session_3997,user_2065,4/5/2025 21:06,home,Mobile,Canada,Social Media,172,0,0
session_3997,user_2065,4/5/2025 21:09,product_page,Mobile,Canada,Social Media,164,4,0
session_3998,user_2942,8/1/2025 2:35,home,Tablet,France,Direct,20,0,0
session_3998,user_2942,8/1/2025 2:36,product_page,Tablet,France,Direct,51,0,0
session_3999,user_2030,8/16/2025 8:55,home,Desktop,Canada,Email,126,0,0
session_3999,user_2030,8/16/2025 8:56,product_page,Desktop,Canada,Email,102,3,0
session_4000,user_2765,2/6/2025 2:01,home,Mobile,Germany,Google,52,0,0
session_4001,user_1753,5/22/2025 6:16,home,Tablet,Germany,Google,122,0,0
session_4002,user_1405,5/22/2025 9:00,home,Mobile,France,Google,71,0,0
session_4002,user_1405,5/22/2025 9:03,product_page,Mobile,France,Google,173,2,0
session_4003,user_2208,2/3/2025 1:58,home,Mobile,UK,Social Media,154,0,0
session_4003,user_2208,2/3/2025 1:59,product_page,Mobile,UK,Social Media,104,3,0
session_4004,user_2066,6/20/2025 4:16,home,Tablet,India,Email,32,0,1
session_4004,user_2066,6/20/2025 4:18,product_page,Tablet,India,Email,156,3,1
session_4004,user_2066,6/20/2025 4:21,cart,Tablet,India,Email,164,3,1
session_4004,user_2066,6/20/2025 4:22,checkout,Tablet,India,Email,62,3,1
session_4004,user_2066,6/20/2025 4:22,confirmation,Tablet,India,Email,17,0,1
session_4005,user_1571,4/25/2025 3:18,home,Tablet,Germany,Google,122,0,0
session_4006,user_1368,2/25/2025 21:45,home,Desktop,France,Email,133,0,0
session_4006,user_1368,2/25/2025 21:47,product_page,Desktop,France,Email,155,4,0
session_4006,user_1368,2/25/2025 21:49,cart,Desktop,France,Email,115,4,0
session_4006,user_1368,2/25/2025 21:52,checkout,Desktop,France,Email,161,4,0
session_4007,user_1154,2/28/2025 15:34,home,Mobile,Germany,Direct,47,0,1
session_4007,user_1154,2/28/2025 15:37,product_page,Mobile,Germany,Direct,142,2,1
session_4007,user_1154,2/28/2025 15:39,cart,Mobile,Germany,Direct,149,2,1
session_4007,user_1154,2/28/2025 15:41,checkout,Mobile,Germany,Direct,125,2,1
session_4007,user_1154,2/28/2025 15:44,confirmation,Mobile,Germany,Direct,152,0,1
session_4008,user_2631,1/8/2025 5:10,home,Desktop,USA,Email,20,0,0
session_4008,user_2631,1/8/2025 5:10,product_page,Desktop,USA,Email,15,3,0
session_4009,user_1136,7/5/2025 8:14,home,Mobile,India,Direct,80,0,0
session_4009,user_1136,7/5/2025 8:16,product_page,Mobile,India,Direct,137,3,0
session_4010,user_2069,1/9/2025 1:23,home,Mobile,Germany,Email,17,0,0
session_4010,user_2069,1/9/2025 1:25,product_page,Mobile,Germany,Email,147,4,0
session_4010,user_2069,1/9/2025 1:25,cart,Mobile,Germany,Email,16,4,0
session_4011,user_1006,2/7/2025 9:16,home,Tablet,USA,Email,41,0,0
session_4012,user_1633,2/26/2025 11:09,home,Tablet,Germany,Direct,154,0,0
session_4012,user_1633,2/26/2025 11:11,product_page,Tablet,Germany,Direct,100,1,0
session_4013,user_1985,6/2/2025 12:17,home,Mobile,France,Email,159,0,0
session_4014,user_2342,4/15/2025 10:33,home,Tablet,France,Direct,57,0,1
session_4014,user_2342,4/15/2025 10:36,product_page,Tablet,France,Direct,164,4,1
session_4014,user_2342,4/15/2025 10:38,cart,Tablet,France,Direct,147,4,1
session_4014,user_2342,4/15/2025 10:41,checkout,Tablet,France,Direct,156,4,1
session_4014,user_2342,4/15/2025 10:42,confirmation,Tablet,France,Direct,107,0,1
session_4015,user_2870,2/17/2025 23:39,home,Tablet,Germany,Google,141,0,0
session_4015,user_2870,2/17/2025 23:40,product_page,Tablet,Germany,Google,102,0,0
session_4016,user_1067,1/13/2025 9:08,home,Desktop,Germany,Direct,115,0,0
session_4017,user_2075,5/18/2025 16:14,home,Mobile,UK,Email,179,0,0
session_4017,user_2075,5/18/2025 16:16,product_page,Mobile,UK,Email,94,0,0
session_4018,user_2320,3/16/2025 21:42,home,Desktop,USA,Social Media,69,0,0
session_4019,user_1082,5/12/2025 10:57,home,Mobile,Germany,Email,46,0,0
session_4019,user_1082,5/12/2025 11:00,product_page,Mobile,Germany,Email,144,0,0
session_4020,user_1874,5/13/2025 9:22,home,Tablet,USA,Direct,176,0,0
session_4020,user_1874,5/13/2025 9:25,product_page,Tablet,USA,Direct,132,1,0
session_4021,user_2190,4/2/2025 10:40,home,Desktop,India,Social Media,98,0,0
session_4021,user_2190,4/2/2025 10:41,product_page,Desktop,India,Social Media,74,5,0
session_4022,user_2636,3/31/2025 0:52,home,Mobile,Germany,Email,93,0,0
session_4022,user_2636,3/31/2025 0:53,product_page,Mobile,Germany,Email,118,0,0
session_4023,user_1188,3/29/2025 23:14,home,Desktop,USA,Direct,163,0,1
session_4023,user_1188,3/29/2025 23:16,product_page,Desktop,USA,Direct,102,0,1
session_4023,user_1188,3/29/2025 23:17,cart,Desktop,USA,Direct,63,5,1
session_4023,user_1188,3/29/2025 23:19,checkout,Desktop,USA,Direct,147,5,1
session_4023,user_1188,3/29/2025 23:21,confirmation,Desktop,USA,Direct,112,0,1
session_4024,user_2381,8/7/2025 8:09,home,Mobile,USA,Direct,99,0,1
session_4024,user_2381,8/7/2025 8:12,product_page,Mobile,USA,Direct,173,4,1
session_4024,user_2381,8/7/2025 8:13,cart,Mobile,USA,Direct,57,4,1
session_4024,user_2381,8/7/2025 8:16,checkout,Mobile,USA,Direct,173,4,1
session_4024,user_2381,8/7/2025 8:17,confirmation,Mobile,USA,Direct,104,0,1
session_4025,user_2146,1/16/2025 3:42,home,Tablet,France,Direct,15,0,1
session_4025,user_2146,1/16/2025 3:43,product_page,Tablet,France,Direct,53,0,1
session_4025,user_2146,1/16/2025 3:44,cart,Tablet,France,Direct,22,4,1
session_4025,user_2146,1/16/2025 3:46,checkout,Tablet,France,Direct,161,4,1
session_4025,user_2146,1/16/2025 3:47,confirmation,Tablet,France,Direct,30,0,1
session_4026,user_1552,7/25/2025 15:39,home,Tablet,USA,Direct,49,0,1
session_4026,user_1552,7/25/2025 15:41,product_page,Tablet,USA,Direct,115,4,1
session_4026,user_1552,7/25/2025 15:42,cart,Tablet,USA,Direct,57,4,1
session_4026,user_1552,7/25/2025 15:42,checkout,Tablet,USA,Direct,17,4,1
session_4026,user_1552,7/25/2025 15:43,confirmation,Tablet,USA,Direct,55,0,1
session_4027,user_1149,6/13/2025 12:31,home,Desktop,UK,Email,178,0,0
session_4027,user_1149,6/13/2025 12:34,product_page,Desktop,UK,Email,149,4,0
session_4028,user_2231,8/25/2025 2:46,home,Desktop,India,Social Media,128,0,0
session_4028,user_2231,8/25/2025 2:48,product_page,Desktop,India,Social Media,159,3,0
session_4029,user_1613,7/28/2025 0:49,home,Tablet,France,Email,110,0,0
session_4029,user_1613,7/28/2025 0:51,product_page,Tablet,France,Email,128,0,0
session_4030,user_1790,2/9/2025 16:01,home,Mobile,India,Email,168,0,1
session_4030,user_1790,2/9/2025 16:02,product_page,Mobile,India,Email,61,5,1
session_4030,user_1790,2/9/2025 16:03,cart,Mobile,India,Email,71,5,1
session_4030,user_1790,2/9/2025 16:04,checkout,Mobile,India,Email,27,5,1
session_4030,user_1790,2/9/2025 16:05,confirmation,Mobile,India,Email,96,0,1
session_4031,user_2780,3/20/2025 6:32,home,Tablet,India,Email,27,0,0
session_4031,user_2780,3/20/2025 6:35,product_page,Tablet,India,Email,160,1,0
session_4032,user_1285,6/9/2025 1:24,home,Mobile,India,Social Media,151,0,0
session_4032,user_1285,6/9/2025 1:27,product_page,Mobile,India,Social Media,158,5,0
session_4033,user_2129,3/8/2025 22:09,home,Desktop,France,Direct,136,0,0
session_4034,user_2932,8/9/2025 14:46,home,Tablet,USA,Social Media,76,0,0
session_4034,user_2932,8/9/2025 14:48,product_page,Tablet,USA,Social Media,135,3,0
session_4035,user_2671,4/14/2025 3:15,home,Mobile,Germany,Google,151,0,1
session_4035,user_2671,4/14/2025 3:16,product_page,Mobile,Germany,Google,27,3,1
session_4035,user_2671,4/14/2025 3:16,cart,Mobile,Germany,Google,29,3,1
session_4035,user_2671,4/14/2025 3:18,checkout,Mobile,Germany,Google,67,3,1
session_4035,user_2671,4/14/2025 3:19,confirmation,Mobile,Germany,Google,85,0,1
session_4036,user_1029,1/10/2025 20:12,home,Mobile,Canada,Email,67,0,0
session_4036,user_1029,1/10/2025 20:14,product_page,Mobile,Canada,Email,103,5,0
session_4037,user_2790,7/2/2025 1:45,home,Tablet,Canada,Google,35,0,0
session_4037,user_2790,7/2/2025 1:45,product_page,Tablet,Canada,Google,20,0,0
session_4038,user_1529,2/23/2025 13:56,home,Mobile,USA,Direct,23,0,0
session_4038,user_1529,2/23/2025 13:58,product_page,Mobile,USA,Direct,173,0,0
session_4038,user_1529,2/23/2025 13:59,cart,Mobile,USA,Direct,22,5,0
session_4039,user_2364,7/3/2025 13:50,home,Mobile,Australia,Email,111,0,0
session_4039,user_2364,7/3/2025 13:51,product_page,Mobile,Australia,Email,83,3,0
session_4040,user_2311,4/6/2025 2:05,home,Mobile,UK,Email,88,0,0
session_4040,user_2311,4/6/2025 2:08,product_page,Mobile,UK,Email,164,5,0
session_4041,user_2108,5/18/2025 20:06,home,Tablet,USA,Email,156,0,1
session_4041,user_2108,5/18/2025 20:07,product_page,Tablet,USA,Email,82,3,1
session_4041,user_2108,5/18/2025 20:08,cart,Tablet,USA,Email,62,3,1
session_4041,user_2108,5/18/2025 20:09,checkout,Tablet,USA,Email,40,3,1
session_4041,user_2108,5/18/2025 20:11,confirmation,Tablet,USA,Email,116,0,1
session_4042,user_1692,2/17/2025 15:24,home,Mobile,Canada,Direct,110,0,1
session_4042,user_1692,2/17/2025 15:26,product_page,Mobile,Canada,Direct,71,3,1
session_4042,user_1692,2/17/2025 15:27,cart,Mobile,Canada,Direct,106,3,1
session_4042,user_1692,2/17/2025 15:29,checkout,Mobile,Canada,Direct,91,3,1
session_4042,user_1692,2/17/2025 15:31,confirmation,Mobile,Canada,Direct,150,0,1
session_4043,user_1348,6/3/2025 13:52,home,Mobile,UK,Direct,39,0,1
session_4043,user_1348,6/3/2025 13:53,product_page,Mobile,UK,Direct,51,0,1
session_4043,user_1348,6/3/2025 13:55,cart,Mobile,UK,Direct,114,2,1
session_4043,user_1348,6/3/2025 13:56,checkout,Mobile,UK,Direct,60,2,1
session_4043,user_1348,6/3/2025 13:57,confirmation,Mobile,UK,Direct,42,0,1
session_4044,user_1584,2/18/2025 5:55,home,Mobile,Canada,Email,61,0,1
session_4044,user_1584,2/18/2025 5:56,product_page,Mobile,Canada,Email,62,2,1
session_4044,user_1584,2/18/2025 5:59,cart,Mobile,Canada,Email,162,2,1
session_4044,user_1584,2/18/2025 6:00,checkout,Mobile,Canada,Email,41,2,1
session_4044,user_1584,2/18/2025 6:00,confirmation,Mobile,Canada,Email,25,0,1
session_4045,user_2543,4/30/2025 15:57,home,Tablet,Australia,Email,17,0,0
session_4045,user_2543,4/30/2025 15:57,product_page,Tablet,Australia,Email,49,3,0
session_4046,user_2639,5/12/2025 2:52,home,Tablet,USA,Email,108,0,0
session_4046,user_2639,5/12/2025 2:53,product_page,Tablet,USA,Email,39,0,0
session_4047,user_1649,8/21/2025 10:53,home,Mobile,France,Email,149,0,0
session_4047,user_1649,8/21/2025 10:54,product_page,Mobile,France,Email,86,2,0
session_4048,user_1337,3/28/2025 8:09,home,Mobile,USA,Email,86,0,0
session_4048,user_1337,3/28/2025 8:12,product_page,Mobile,USA,Email,155,4,0
session_4048,user_1337,3/28/2025 8:12,cart,Mobile,USA,Email,24,4,0
session_4049,user_2135,7/10/2025 14:03,home,Desktop,Canada,Google,124,0,0
session_4050,user_1944,3/12/2025 16:07,home,Mobile,France,Social Media,29,0,1
session_4050,user_1944,3/12/2025 16:09,product_page,Mobile,France,Social Media,140,3,1
session_4050,user_1944,3/12/2025 16:10,cart,Mobile,France,Social Media,54,3,1
session_4050,user_1944,3/12/2025 16:13,checkout,Mobile,France,Social Media,178,3,1
session_4050,user_1944,3/12/2025 16:16,confirmation,Mobile,France,Social Media,171,0,1
session_4051,user_1305,5/12/2025 5:12,home,Mobile,USA,Direct,43,0,0
session_4051,user_1305,5/12/2025 5:14,product_page,Mobile,USA,Direct,128,0,0
session_4052,user_1690,1/27/2025 11:43,home,Desktop,UK,Google,52,0,0
session_4053,user_2430,7/19/2025 20:59,home,Tablet,France,Direct,31,0,1
session_4053,user_2430,7/19/2025 20:59,product_page,Tablet,France,Direct,16,5,1
session_4053,user_2430,7/19/2025 21:02,cart,Tablet,France,Direct,139,5,1
session_4053,user_2430,7/19/2025 21:04,checkout,Tablet,France,Direct,109,5,1
session_4053,user_2430,7/19/2025 21:05,confirmation,Tablet,France,Direct,104,0,1
session_4054,user_2729,5/27/2025 22:56,home,Mobile,India,Google,131,0,0
session_4055,user_1009,4/1/2025 23:58,home,Mobile,India,Google,117,0,0
session_4055,user_1009,4/2/2025 0:00,product_page,Mobile,India,Google,152,4,0
session_4056,user_2204,4/4/2025 14:14,home,Desktop,India,Email,74,0,1
session_4056,user_2204,4/4/2025 14:14,product_page,Desktop,India,Email,33,0,1
session_4056,user_2204,4/4/2025 14:16,cart,Desktop,India,Email,89,0,1
session_4056,user_2204,4/4/2025 14:18,checkout,Desktop,India,Email,129,3,1
session_4056,user_2204,4/4/2025 14:19,confirmation,Desktop,India,Email,63,0,1
session_4057,user_1424,3/26/2025 6:31,home,Mobile,India,Direct,23,0,0
session_4058,user_2054,7/25/2025 1:18,home,Mobile,France,Email,28,0,0
session_4058,user_2054,7/25/2025 1:21,product_page,Mobile,France,Email,159,4,0
session_4059,user_1785,1/1/2025 5:13,home,Mobile,Germany,Google,98,0,0
session_4059,user_1785,1/1/2025 5:15,product_page,Mobile,Germany,Google,157,4,0
session_4060,user_2117,1/22/2025 20:42,home,Tablet,UK,Direct,82,0,0
session_4060,user_2117,1/22/2025 20:44,product_page,Tablet,UK,Direct,135,3,0
session_4061,user_1446,1/23/2025 22:39,home,Tablet,India,Social Media,50,0,0
session_4061,user_1446,1/23/2025 22:39,product_page,Tablet,India,Social Media,18,0,0
session_4061,user_1446,1/23/2025 22:41,cart,Tablet,India,Social Media,78,0,0
session_4062,user_2438,7/28/2025 0:28,home,Tablet,India,Google,56,0,0
session_4062,user_2438,7/28/2025 0:31,product_page,Tablet,India,Google,170,0,0
session_4063,user_2000,4/27/2025 17:12,home,Mobile,India,Email,145,0,0
session_4063,user_2000,4/27/2025 17:12,product_page,Mobile,India,Email,25,0,0
session_4064,user_1102,6/10/2025 2:53,home,Desktop,Australia,Google,103,0,1
session_4064,user_1102,6/10/2025 2:55,product_page,Desktop,Australia,Google,95,0,1
session_4064,user_1102,6/10/2025 2:55,cart,Desktop,Australia,Google,46,5,1
session_4064,user_1102,6/10/2025 2:58,checkout,Desktop,Australia,Google,151,5,1
session_4064,user_1102,6/10/2025 2:58,confirmation,Desktop,Australia,Google,34,0,1
session_4065,user_1566,1/16/2025 12:54,home,Mobile,Canada,Direct,101,0,0
session_4065,user_1566,1/16/2025 12:56,product_page,Mobile,Canada,Direct,80,0,0
session_4066,user_2395,6/19/2025 2:47,home,Desktop,France,Direct,104,0,0
session_4067,user_1451,6/11/2025 4:04,home,Desktop,UK,Direct,90,0,0
session_4067,user_1451,6/11/2025 4:05,product_page,Desktop,UK,Direct,68,1,0
session_4068,user_1386,3/2/2025 20:21,home,Mobile,Australia,Social Media,129,0,0
session_4069,user_2516,7/1/2025 21:02,home,Mobile,India,Direct,79,0,0
session_4069,user_2516,7/1/2025 21:03,product_page,Mobile,India,Direct,39,0,0
session_4070,user_2597,1/7/2025 13:54,home,Mobile,India,Direct,79,0,1
session_4070,user_2597,1/7/2025 13:55,product_page,Mobile,India,Direct,38,0,1
session_4070,user_2597,1/7/2025 13:57,cart,Mobile,India,Direct,144,4,1
session_4070,user_2597,1/7/2025 14:00,checkout,Mobile,India,Direct,169,4,1
session_4070,user_2597,1/7/2025 14:03,confirmation,Mobile,India,Direct,165,0,1
session_4071,user_2131,5/31/2025 5:28,home,Tablet,Canada,Google,101,0,0
session_4072,user_1747,2/23/2025 15:48,home,Mobile,India,Google,128,0,0
session_4073,user_2145,8/19/2025 22:20,home,Desktop,Australia,Direct,151,0,0
session_4074,user_2144,6/15/2025 1:56,home,Desktop,Germany,Social Media,86,0,1
session_4074,user_2144,6/15/2025 1:58,product_page,Desktop,Germany,Social Media,110,0,1
session_4074,user_2144,6/15/2025 1:59,cart,Desktop,Germany,Social Media,108,0,1
session_4074,user_2144,6/15/2025 2:01,checkout,Desktop,Germany,Social Media,116,3,1
session_4074,user_2144,6/15/2025 2:02,confirmation,Desktop,Germany,Social Media,39,0,1
session_4075,user_1380,5/3/2025 20:31,home,Tablet,India,Google,20,0,0
session_4075,user_1380,5/3/2025 20:34,product_page,Tablet,India,Google,171,2,0
session_4075,user_1380,5/3/2025 20:36,cart,Tablet,India,Google,128,2,0
session_4076,user_2727,4/21/2025 13:56,home,Desktop,UK,Direct,51,0,0
session_4076,user_2727,4/21/2025 13:58,product_page,Desktop,UK,Direct,133,0,0
session_4077,user_2691,6/29/2025 20:35,home,Tablet,UK,Direct,136,0,0
session_4077,user_2691,6/29/2025 20:38,product_page,Tablet,UK,Direct,147,1,0
session_4078,user_2062,1/8/2025 21:57,home,Tablet,India,Email,65,0,0
session_4078,user_2062,1/8/2025 22:00,product_page,Tablet,India,Email,158,1,0
session_4078,user_2062,1/8/2025 22:02,cart,Tablet,India,Email,110,1,0
session_4079,user_2146,8/13/2025 9:13,home,Desktop,Canada,Direct,18,0,0
session_4079,user_2146,8/13/2025 9:15,product_page,Desktop,Canada,Direct,116,5,0
session_4080,user_2492,3/23/2025 11:50,home,Mobile,Canada,Direct,16,0,1
session_4080,user_2492,3/23/2025 11:53,product_page,Mobile,Canada,Direct,152,0,1
session_4080,user_2492,3/23/2025 11:54,cart,Mobile,Canada,Direct,57,4,1
session_4080,user_2492,3/23/2025 11:57,checkout,Mobile,Canada,Direct,176,4,1
session_4080,user_2492,3/23/2025 11:58,confirmation,Mobile,Canada,Direct,76,0,1
session_4081,user_2517,6/1/2025 20:31,home,Desktop,Canada,Direct,170,0,0
session_4082,user_1264,2/22/2025 13:37,home,Desktop,France,Email,84,0,0
session_4082,user_1264,2/22/2025 13:37,product_page,Desktop,France,Email,27,3,0
session_4083,user_1495,6/24/2025 7:14,home,Desktop,Germany,Google,46,0,0
session_4083,user_1495,6/24/2025 7:15,product_page,Desktop,Germany,Google,48,0,0
session_4084,user_2112,4/5/2025 19:35,home,Tablet,India,Social Media,94,0,0
session_4084,user_2112,4/5/2025 19:38,product_page,Tablet,India,Social Media,167,2,0
session_4085,user_2094,5/15/2025 11:05,home,Tablet,France,Google,179,0,1
session_4085,user_2094,5/15/2025 11:05,product_page,Tablet,France,Google,17,5,1
session_4085,user_2094,5/15/2025 11:07,cart,Tablet,France,Google,75,5,1
session_4085,user_2094,5/15/2025 11:08,checkout,Tablet,France,Google,72,5,1
session_4085,user_2094,5/15/2025 11:11,confirmation,Tablet,France,Google,170,0,1
session_4086,user_1987,8/18/2025 16:01,home,Tablet,Germany,Social Media,128,0,1
session_4086,user_1987,8/18/2025 16:01,product_page,Tablet,Germany,Social Media,31,0,1
session_4086,user_1987,8/18/2025 16:04,cart,Tablet,Germany,Social Media,172,5,1
session_4086,user_1987,8/18/2025 16:05,checkout,Tablet,Germany,Social Media,50,5,1
session_4086,user_1987,8/18/2025 16:07,confirmation,Tablet,Germany,Social Media,144,0,1
session_4087,user_1895,3/8/2025 12:43,home,Tablet,India,Direct,79,0,0
session_4088,user_1644,7/28/2025 8:31,home,Desktop,Canada,Google,179,0,0
session_4088,user_1644,7/28/2025 8:31,product_page,Desktop,Canada,Google,26,1,0
session_4089,user_2367,2/27/2025 14:53,home,Mobile,Australia,Direct,127,0,0
session_4089,user_2367,2/27/2025 14:55,product_page,Mobile,Australia,Direct,104,1,0
session_4090,user_1463,4/17/2025 11:41,home,Tablet,India,Google,160,0,0
session_4091,user_1057,8/7/2025 17:18,home,Mobile,France,Social Media,118,0,0
session_4091,user_1057,8/7/2025 17:19,product_page,Mobile,France,Social Media,54,0,0
session_4092,user_1953,7/17/2025 6:55,home,Desktop,India,Google,61,0,0
session_4092,user_1953,7/17/2025 6:57,product_page,Desktop,India,Google,107,0,0
session_4092,user_1953,7/17/2025 6:58,cart,Desktop,India,Google,106,0,0
session_4093,user_2637,8/11/2025 3:13,home,Tablet,France,Email,140,0,0
session_4093,user_2637,8/11/2025 3:14,product_page,Tablet,France,Email,87,1,0
session_4094,user_1250,1/20/2025 23:17,home,Mobile,UK,Google,151,0,0
session_4094,user_1250,1/20/2025 23:18,product_page,Mobile,UK,Google,15,0,0
session_4095,user_1694,3/30/2025 21:06,home,Desktop,France,Direct,69,0,0
session_4095,user_1694,3/30/2025 21:07,product_page,Desktop,France,Direct,41,0,0
session_4096,user_1577,8/11/2025 15:57,home,Desktop,Canada,Social Media,96,0,0
session_4096,user_1577,8/11/2025 15:59,product_page,Desktop,Canada,Social Media,137,4,0
session_4097,user_2243,2/6/2025 2:46,home,Mobile,Canada,Email,126,0,0
session_4097,user_2243,2/6/2025 2:47,product_page,Mobile,Canada,Email,37,3,0
session_4098,user_2665,6/25/2025 0:51,home,Mobile,Germany,Direct,72,0,0
session_4098,user_2665,6/25/2025 0:53,product_page,Mobile,Germany,Direct,129,0,0
session_4098,user_2665,6/25/2025 0:54,cart,Mobile,Germany,Direct,27,5,0
session_4099,user_2057,1/20/2025 4:49,home,Tablet,UK,Social Media,35,0,0
session_4100,user_2474,1/24/2025 15:05,home,Mobile,Australia,Email,171,0,0
session_4100,user_2474,1/24/2025 15:05,product_page,Mobile,Australia,Email,22,1,0
session_4100,user_2474,1/24/2025 15:06,cart,Mobile,Australia,Email,58,1,0
session_4101,user_2390,2/27/2025 18:17,home,Mobile,Australia,Direct,157,0,0
session_4101,user_2390,2/27/2025 18:19,product_page,Mobile,Australia,Direct,109,1,0
session_4102,user_1001,2/26/2025 15:46,home,Mobile,Canada,Email,30,0,0
session_4102,user_1001,2/26/2025 15:48,product_page,Mobile,Canada,Email,122,3,0
session_4103,user_2316,1/23/2025 4:19,home,Desktop,Australia,Social Media,75,0,1
session_4103,user_2316,1/23/2025 4:20,product_page,Desktop,Australia,Social Media,54,0,1
session_4103,user_2316,1/23/2025 4:21,cart,Desktop,Australia,Social Media,82,4,1
session_4103,user_2316,1/23/2025 4:23,checkout,Desktop,Australia,Social Media,123,4,1
session_4103,user_2316,1/23/2025 4:25,confirmation,Desktop,Australia,Social Media,109,0,1
session_4104,user_2872,8/27/2025 18:28,home,Desktop,France,Social Media,167,0,0
session_4105,user_2468,3/4/2025 6:15,home,Desktop,Australia,Direct,111,0,0
session_4105,user_2468,3/4/2025 6:18,product_page,Desktop,Australia,Direct,148,0,0
session_4106,user_2433,2/8/2025 7:44,home,Tablet,India,Social Media,19,0,0
session_4107,user_1551,6/21/2025 21:50,home,Tablet,USA,Direct,58,0,1
session_4107,user_1551,6/21/2025 21:51,product_page,Tablet,USA,Direct,52,0,1
session_4107,user_1551,6/21/2025 21:51,cart,Tablet,USA,Direct,20,4,1
session_4107,user_1551,6/21/2025 21:53,checkout,Tablet,USA,Direct,107,4,1
session_4107,user_1551,6/21/2025 21:54,confirmation,Tablet,USA,Direct,42,0,1
session_4108,user_2984,8/28/2025 6:29,home,Desktop,Germany,Social Media,149,0,0
session_4108,user_2984,8/28/2025 6:31,product_page,Desktop,Germany,Social Media,83,0,0
session_4109,user_1605,2/25/2025 18:24,home,Tablet,USA,Email,151,0,1
session_4109,user_1605,2/25/2025 18:26,product_page,Tablet,USA,Email,144,3,1
session_4109,user_1605,2/25/2025 18:27,cart,Tablet,USA,Email,59,3,1
session_4109,user_1605,2/25/2025 18:29,checkout,Tablet,USA,Email,146,3,1
session_4109,user_1605,2/25/2025 18:31,confirmation,Tablet,USA,Email,79,0,1
session_4110,user_2004,5/22/2025 16:42,home,Tablet,Australia,Social Media,120,0,1
session_4110,user_2004,5/22/2025 16:43,product_page,Tablet,Australia,Social Media,71,2,1
session_4110,user_2004,5/22/2025 16:45,cart,Tablet,Australia,Social Media,98,2,1
session_4110,user_2004,5/22/2025 16:46,checkout,Tablet,Australia,Social Media,36,2,1
session_4110,user_2004,5/22/2025 16:47,confirmation,Tablet,Australia,Social Media,86,0,1
session_4111,user_2648,7/6/2025 22:26,home,Mobile,India,Google,153,0,1
session_4111,user_2648,7/6/2025 22:28,product_page,Mobile,India,Google,164,1,1
session_4111,user_2648,7/6/2025 22:29,cart,Mobile,India,Google,48,1,1
session_4111,user_2648,7/6/2025 22:32,checkout,Mobile,India,Google,161,1,1
session_4111,user_2648,7/6/2025 22:34,confirmation,Mobile,India,Google,147,0,1
session_4112,user_2280,2/13/2025 18:37,home,Mobile,Canada,Google,125,0,0
session_4113,user_1592,2/14/2025 22:17,home,Mobile,India,Direct,93,0,0
session_4113,user_1592,2/14/2025 22:18,product_page,Mobile,India,Direct,69,5,0
session_4114,user_2066,7/7/2025 0:58,home,Tablet,Canada,Email,112,0,1
session_4114,user_2066,7/7/2025 1:00,product_page,Tablet,Canada,Email,158,3,1
session_4114,user_2066,7/7/2025 1:03,cart,Tablet,Canada,Email,137,3,1
session_4114,user_2066,7/7/2025 1:05,checkout,Tablet,Canada,Email,147,3,1
session_4114,user_2066,7/7/2025 1:06,confirmation,Tablet,Canada,Email,39,0,1
session_4115,user_1810,3/4/2025 6:46,home,Tablet,USA,Direct,164,0,1
session_4115,user_1810,3/4/2025 6:49,product_page,Tablet,USA,Direct,172,0,1
session_4115,user_1810,3/4/2025 6:51,cart,Tablet,USA,Direct,149,0,1
session_4115,user_1810,3/4/2025 6:53,checkout,Tablet,USA,Direct,63,3,1
session_4115,user_1810,3/4/2025 6:55,confirmation,Tablet,USA,Direct,152,0,1
session_4116,user_2339,8/13/2025 0:24,home,Mobile,Germany,Email,177,0,0
session_4116,user_2339,8/13/2025 0:26,product_page,Mobile,Germany,Email,96,0,0
session_4117,user_1627,6/16/2025 13:44,home,Mobile,USA,Direct,21,0,0
session_4117,user_1627,6/16/2025 13:47,product_page,Mobile,USA,Direct,172,3,0
session_4117,user_1627,6/16/2025 13:50,cart,Mobile,USA,Direct,163,3,0
session_4118,user_1820,8/14/2025 10:59,home,Desktop,France,Direct,105,0,0
session_4119,user_1623,1/17/2025 1:52,home,Tablet,Germany,Email,150,0,0
session_4119,user_1623,1/17/2025 1:54,product_page,Tablet,Germany,Email,132,3,0
session_4120,user_2198,7/26/2025 6:40,home,Mobile,Australia,Google,120,0,0
session_4121,user_1835,3/5/2025 11:50,home,Desktop,USA,Social Media,102,0,0
session_4122,user_1631,2/22/2025 3:38,home,Tablet,Germany,Direct,70,0,0
session_4122,user_1631,2/22/2025 3:40,product_page,Tablet,Germany,Direct,125,4,0
session_4122,user_1631,2/22/2025 3:41,cart,Tablet,Germany,Direct,35,4,0
session_4123,user_2248,2/23/2025 10:16,home,Mobile,Australia,Direct,81,0,0
session_4123,user_2248,2/23/2025 10:18,product_page,Mobile,Australia,Direct,122,3,0
session_4124,user_2367,5/31/2025 19:05,home,Mobile,UK,Email,141,0,0
session_4124,user_2367,5/31/2025 19:06,product_page,Mobile,UK,Email,95,0,0
session_4125,user_1790,3/27/2025 17:53,home,Desktop,India,Google,15,0,0
session_4125,user_1790,3/27/2025 17:56,product_page,Desktop,India,Google,177,0,0
session_4126,user_2929,3/27/2025 17:35,home,Mobile,USA,Direct,37,0,0
session_4126,user_2929,3/27/2025 17:37,product_page,Mobile,USA,Direct,126,3,0
session_4127,user_2891,7/1/2025 12:07,home,Tablet,Australia,Direct,94,0,0
session_4127,user_2891,7/1/2025 12:09,product_page,Tablet,Australia,Direct,158,5,0
session_4127,user_2891,7/1/2025 12:10,cart,Tablet,Australia,Direct,30,5,0
session_4127,user_2891,7/1/2025 12:12,checkout,Tablet,Australia,Direct,117,5,0
session_4128,user_3001,5/4/2025 16:04,home,Tablet,Germany,Social Media,171,0,1
session_4128,user_3001,5/4/2025 16:06,product_page,Tablet,Germany,Social Media,154,3,1
session_4128,user_3001,5/4/2025 16:06,cart,Tablet,Germany,Social Media,20,3,1
session_4128,user_3001,5/4/2025 16:08,checkout,Tablet,Germany,Social Media,63,3,1
session_4128,user_3001,5/4/2025 16:10,confirmation,Tablet,Germany,Social Media,176,0,1
session_4129,user_1129,8/4/2025 7:41,home,Tablet,Canada,Email,99,0,1
session_4129,user_1129,8/4/2025 7:43,product_page,Tablet,Canada,Email,109,5,1
session_4129,user_1129,8/4/2025 7:46,cart,Tablet,Canada,Email,177,5,1
session_4129,user_1129,8/4/2025 7:46,checkout,Tablet,Canada,Email,24,5,1
session_4129,user_1129,8/4/2025 7:48,confirmation,Tablet,Canada,Email,84,0,1
session_4130,user_1906,1/9/2025 5:37,home,Tablet,Canada,Social Media,47,0,0
session_4130,user_1906,1/9/2025 5:39,product_page,Tablet,Canada,Social Media,166,0,0
session_4131,user_1722,6/30/2025 20:56,home,Tablet,Australia,Direct,97,0,0
session_4131,user_1722,6/30/2025 20:58,product_page,Tablet,Australia,Direct,118,0,0
session_4132,user_1704,6/11/2025 14:27,home,Tablet,Germany,Email,81,0,0
session_4132,user_1704,6/11/2025 14:27,product_page,Tablet,Germany,Email,43,5,0
session_4133,user_2334,5/9/2025 15:25,home,Tablet,UK,Direct,46,0,1
session_4133,user_2334,5/9/2025 15:27,product_page,Tablet,UK,Direct,110,4,1
session_4133,user_2334,5/9/2025 15:27,cart,Tablet,UK,Direct,20,4,1
session_4133,user_2334,5/9/2025 15:28,checkout,Tablet,UK,Direct,51,4,1
session_4133,user_2334,5/9/2025 15:29,confirmation,Tablet,UK,Direct,102,0,1
session_4134,user_2846,1/22/2025 22:16,home,Desktop,Australia,Google,16,0,0
session_4134,user_2846,1/22/2025 22:16,product_page,Desktop,Australia,Google,30,5,0
session_4135,user_2316,5/14/2025 8:16,home,Desktop,Australia,Direct,36,0,1
session_4135,user_2316,5/14/2025 8:18,product_page,Desktop,Australia,Direct,130,4,1
session_4135,user_2316,5/14/2025 8:21,cart,Desktop,Australia,Direct,178,4,1
session_4135,user_2316,5/14/2025 8:22,checkout,Desktop,Australia,Direct,65,4,1
session_4135,user_2316,5/14/2025 8:22,confirmation,Desktop,Australia,Direct,26,0,1
session_4136,user_2935,2/26/2025 19:44,home,Desktop,Australia,Direct,87,0,0
session_4136,user_2935,2/26/2025 19:46,product_page,Desktop,Australia,Direct,96,0,0
session_4137,user_2950,2/19/2025 7:16,home,Desktop,India,Google,125,0,0
session_4138,user_2432,1/14/2025 0:55,home,Desktop,India,Email,34,0,1
session_4138,user_2432,1/14/2025 0:56,product_page,Desktop,India,Email,78,0,1
session_4138,user_2432,1/14/2025 0:57,cart,Desktop,India,Email,69,5,1
session_4138,user_2432,1/14/2025 0:59,checkout,Desktop,India,Email,97,5,1
session_4138,user_2432,1/14/2025 1:02,confirmation,Desktop,India,Email,171,0,1
session_4139,user_1563,8/13/2025 10:41,home,Tablet,France,Social Media,143,0,0
session_4139,user_1563,8/13/2025 10:44,product_page,Tablet,France,Social Media,175,0,0
session_4140,user_1094,4/5/2025 10:21,home,Tablet,Germany,Direct,107,0,0
session_4140,user_1094,4/5/2025 10:22,product_page,Tablet,Germany,Direct,62,0,0
session_4140,user_1094,4/5/2025 10:24,cart,Tablet,Germany,Direct,149,0,0
session_4141,user_2571,2/21/2025 22:22,home,Mobile,India,Social Media,26,0,0
session_4141,user_2571,2/21/2025 22:24,product_page,Mobile,India,Social Media,152,0,0
session_4142,user_2725,5/11/2025 6:12,home,Mobile,UK,Direct,128,0,0
session_4142,user_2725,5/11/2025 6:12,product_page,Mobile,UK,Direct,27,0,0
session_4143,user_2844,6/17/2025 11:32,home,Desktop,France,Email,47,0,0
session_4143,user_2844,6/17/2025 11:34,product_page,Desktop,France,Email,140,0,0
session_4144,user_1587,4/24/2025 8:29,home,Mobile,France,Google,76,0,0
session_4144,user_1587,4/24/2025 8:32,product_page,Mobile,France,Google,175,3,0
session_4145,user_1771,1/15/2025 0:17,home,Mobile,France,Email,66,0,1
session_4145,user_1771,1/15/2025 0:18,product_page,Mobile,France,Email,79,0,1
session_4145,user_1771,1/15/2025 0:20,cart,Mobile,France,Email,135,2,1
session_4145,user_1771,1/15/2025 0:21,checkout,Mobile,France,Email,64,2,1
session_4145,user_1771,1/15/2025 0:22,confirmation,Mobile,France,Email,18,0,1
session_4146,user_1713,2/5/2025 5:41,home,Tablet,UK,Google,22,0,1
session_4146,user_1713,2/5/2025 5:41,product_page,Tablet,UK,Google,40,0,1
session_4146,user_1713,2/5/2025 5:44,cart,Tablet,UK,Google,126,3,1
session_4146,user_1713,2/5/2025 5:46,checkout,Tablet,UK,Google,138,3,1
session_4146,user_1713,2/5/2025 5:47,confirmation,Tablet,UK,Google,75,0,1
session_4147,user_2244,2/26/2025 0:26,home,Desktop,Germany,Direct,82,0,0
session_4147,user_2244,2/26/2025 0:27,product_page,Desktop,Germany,Direct,84,4,0
session_4147,user_2244,2/26/2025 0:28,cart,Desktop,Germany,Direct,54,4,0
session_4148,user_1555,5/6/2025 19:15,home,Tablet,France,Google,168,0,0
session_4149,user_2235,7/20/2025 20:00,home,Desktop,Canada,Direct,42,0,0
session_4150,user_2131,6/12/2025 8:00,home,Mobile,UK,Email,147,0,0
session_4150,user_2131,6/12/2025 8:03,product_page,Mobile,UK,Email,130,3,0
session_4151,user_1104,4/20/2025 2:39,home,Desktop,India,Google,169,0,0
session_4152,user_1387,7/19/2025 21:46,home,Desktop,Australia,Email,99,0,0
session_4152,user_1387,7/19/2025 21:47,product_page,Desktop,Australia,Email,91,4,0
session_4153,user_2472,4/7/2025 6:57,home,Desktop,USA,Google,53,0,0
session_4153,user_2472,4/7/2025 6:57,product_page,Desktop,USA,Google,39,1,0
session_4154,user_1778,2/25/2025 6:41,home,Tablet,USA,Email,47,0,0
session_4154,user_1778,2/25/2025 6:42,product_page,Tablet,USA,Email,76,4,0
session_4155,user_2957,4/28/2025 11:35,home,Desktop,Australia,Google,33,0,0
session_4156,user_2431,3/6/2025 10:19,home,Tablet,Canada,Email,116,0,0
session_4157,user_2580,1/3/2025 17:06,home,Tablet,Germany,Google,160,0,0
session_4157,user_2580,1/3/2025 17:08,product_page,Tablet,Germany,Google,101,0,0
session_4158,user_2427,7/16/2025 19:42,home,Mobile,India,Social Media,20,0,0
session_4158,user_2427,7/16/2025 19:44,product_page,Mobile,India,Social Media,108,0,0
session_4159,user_1415,5/1/2025 5:45,home,Tablet,USA,Direct,95,0,0
session_4159,user_1415,5/1/2025 5:46,product_page,Tablet,USA,Direct,74,4,0
session_4159,user_1415,5/1/2025 5:48,cart,Tablet,USA,Direct,89,4,0
session_4160,user_2433,7/16/2025 12:38,home,Desktop,USA,Direct,79,0,0
session_4160,user_2433,7/16/2025 12:39,product_page,Desktop,USA,Direct,32,1,0
session_4161,user_1312,8/30/2025 21:47,home,Desktop,India,Direct,131,0,0
session_4161,user_1312,8/30/2025 21:50,product_page,Desktop,India,Direct,164,5,0
session_4162,user_2713,7/26/2025 17:22,home,Mobile,Canada,Social Media,89,0,0
session_4163,user_1749,7/12/2025 4:02,home,Tablet,India,Direct,86,0,0
session_4163,user_1749,7/12/2025 4:03,product_page,Tablet,India,Direct,81,0,0
session_4164,user_1756,5/11/2025 1:54,home,Desktop,Australia,Social Media,130,0,0
session_4164,user_1756,5/11/2025 1:55,product_page,Desktop,Australia,Social Media,102,0,0
session_4165,user_2010,8/21/2025 7:36,home,Tablet,UK,Social Media,27,0,0
session_4166,user_1460,6/4/2025 19:05,home,Tablet,UK,Social Media,118,0,0
session_4166,user_1460,6/4/2025 19:08,product_page,Tablet,UK,Social Media,170,0,0
session_4167,user_2147,5/21/2025 16:32,home,Desktop,Canada,Email,68,0,0
session_4167,user_2147,5/21/2025 16:34,product_page,Desktop,Canada,Email,92,4,0
session_4168,user_2255,7/4/2025 18:51,home,Mobile,USA,Social Media,69,0,0
session_4168,user_2255,7/4/2025 18:52,product_page,Mobile,USA,Social Media,95,5,0
session_4169,user_2886,7/22/2025 1:10,home,Tablet,UK,Social Media,141,0,1
session_4169,user_2886,7/22/2025 1:12,product_page,Tablet,UK,Social Media,117,3,1
session_4169,user_2886,7/22/2025 1:13,cart,Tablet,UK,Social Media,70,3,1
session_4169,user_2886,7/22/2025 1:15,checkout,Tablet,UK,Social Media,86,3,1
session_4169,user_2886,7/22/2025 1:15,confirmation,Tablet,UK,Social Media,51,0,1
session_4170,user_2853,6/13/2025 5:38,home,Desktop,Australia,Direct,145,0,1
session_4170,user_2853,6/13/2025 5:40,product_page,Desktop,Australia,Direct,106,0,1
session_4170,user_2853,6/13/2025 5:40,cart,Desktop,Australia,Direct,19,0,1
session_4170,user_2853,6/13/2025 5:42,checkout,Desktop,Australia,Direct,144,3,1
session_4170,user_2853,6/13/2025 5:44,confirmation,Desktop,Australia,Direct,124,0,1
session_4171,user_1777,3/9/2025 22:00,home,Tablet,Canada,Email,27,0,0
session_4171,user_1777,3/9/2025 22:00,product_page,Tablet,Canada,Email,45,5,0
session_4171,user_1777,3/9/2025 22:03,cart,Tablet,Canada,Email,179,5,0
session_4172,user_2144,4/6/2025 0:47,home,Desktop,Germany,Google,72,0,1
session_4172,user_2144,4/6/2025 0:49,product_page,Desktop,Germany,Google,87,0,1
session_4172,user_2144,4/6/2025 0:51,cart,Desktop,Germany,Google,104,1,1
session_4172,user_2144,4/6/2025 0:53,checkout,Desktop,Germany,Google,125,1,1
session_4172,user_2144,4/6/2025 0:53,confirmation,Desktop,Germany,Google,15,0,1
session_4173,user_1337,3/1/2025 22:19,home,Mobile,UK,Google,94,0,1
session_4173,user_1337,3/1/2025 22:21,product_page,Mobile,UK,Google,82,4,1
session_4173,user_1337,3/1/2025 22:21,cart,Mobile,UK,Google,38,4,1
session_4173,user_1337,3/1/2025 22:22,checkout,Mobile,UK,Google,23,4,1
session_4173,user_1337,3/1/2025 22:23,confirmation,Mobile,UK,Google,116,0,1
session_4174,user_2795,3/8/2025 22:20,home,Tablet,India,Google,100,0,0
session_4174,user_2795,3/8/2025 22:21,product_page,Tablet,India,Google,107,0,0
session_4175,user_2945,2/24/2025 4:34,home,Tablet,Canada,Direct,172,0,0
session_4175,user_2945,2/24/2025 4:35,product_page,Tablet,Canada,Direct,59,2,0
session_4176,user_2377,3/12/2025 18:02,home,Desktop,Canada,Email,80,0,0
session_4176,user_2377,3/12/2025 18:05,product_page,Desktop,Canada,Email,150,2,0
session_4176,user_2377,3/12/2025 18:07,cart,Desktop,Canada,Email,119,2,0
session_4177,user_2965,5/24/2025 2:37,home,Tablet,UK,Direct,34,0,0
session_4177,user_2965,5/24/2025 2:38,product_page,Tablet,UK,Direct,54,0,0
session_4178,user_1311,5/29/2025 0:45,home,Tablet,France,Direct,29,0,0
session_4178,user_1311,5/29/2025 0:47,product_page,Tablet,France,Direct,104,0,0
session_4179,user_1465,3/29/2025 12:42,home,Desktop,UK,Email,125,0,0
session_4180,user_1638,2/1/2025 17:55,home,Mobile,USA,Direct,34,0,0
session_4181,user_1889,7/3/2025 19:13,home,Mobile,Canada,Social Media,160,0,0
session_4181,user_1889,7/3/2025 19:15,product_page,Mobile,Canada,Social Media,86,2,0
session_4181,user_1889,7/3/2025 19:17,cart,Mobile,Canada,Social Media,152,2,0
session_4182,user_2461,1/25/2025 0:20,home,Tablet,France,Social Media,171,0,0
session_4182,user_2461,1/25/2025 0:20,product_page,Tablet,France,Social Media,29,4,0
session_4182,user_2461,1/25/2025 0:22,cart,Tablet,France,Social Media,124,4,0
session_4183,user_1615,5/24/2025 15:39,home,Desktop,Canada,Social Media,83,0,1
session_4183,user_1615,5/24/2025 15:40,product_page,Desktop,Canada,Social Media,39,2,1
session_4183,user_1615,5/24/2025 15:42,cart,Desktop,Canada,Social Media,161,2,1
session_4183,user_1615,5/24/2025 15:45,checkout,Desktop,Canada,Social Media,133,2,1
session_4183,user_1615,5/24/2025 15:46,confirmation,Desktop,Canada,Social Media,94,0,1
session_4184,user_1114,8/9/2025 2:52,home,Tablet,Australia,Social Media,106,0,0
session_4185,user_2559,7/25/2025 14:41,home,Tablet,USA,Google,101,0,0
session_4185,user_2559,7/25/2025 14:42,product_page,Tablet,USA,Google,17,3,0
session_4186,user_2282,1/8/2025 8:20,home,Desktop,Canada,Google,72,0,0
session_4186,user_2282,1/8/2025 8:22,product_page,Desktop,Canada,Google,81,0,0
session_4187,user_2045,1/8/2025 22:25,home,Mobile,USA,Email,86,0,0
session_4188,user_2739,3/6/2025 23:56,home,Tablet,USA,Email,39,0,0
session_4188,user_2739,3/6/2025 23:58,product_page,Tablet,USA,Email,73,1,0
session_4189,user_2954,5/21/2025 14:41,home,Tablet,Australia,Email,136,0,0
session_4189,user_2954,5/21/2025 14:42,product_page,Tablet,Australia,Email,60,0,0
session_4190,user_1071,1/31/2025 16:54,home,Tablet,UK,Social Media,124,0,1
session_4190,user_1071,1/31/2025 16:56,product_page,Tablet,UK,Social Media,148,2,1
session_4190,user_1071,1/31/2025 16:59,cart,Tablet,UK,Social Media,152,2,1
session_4190,user_1071,1/31/2025 17:00,checkout,Tablet,UK,Social Media,105,2,1
session_4190,user_1071,1/31/2025 17:02,confirmation,Tablet,UK,Social Media,116,0,1
session_4191,user_2087,3/5/2025 19:39,home,Tablet,UK,Social Media,128,0,0
session_4191,user_2087,3/5/2025 19:39,product_page,Tablet,UK,Social Media,26,4,0
session_4192,user_2241,8/13/2025 7:17,home,Tablet,France,Email,110,0,0
session_4192,user_2241,8/13/2025 7:19,product_page,Tablet,France,Email,155,3,0
session_4193,user_2915,4/4/2025 22:42,home,Mobile,Australia,Social Media,98,0,0
session_4193,user_2915,4/4/2025 22:43,product_page,Mobile,Australia,Social Media,57,0,0
session_4194,user_1883,7/2/2025 13:45,home,Tablet,UK,Google,134,0,0
session_4195,user_2192,4/18/2025 23:45,home,Tablet,Germany,Google,122,0,0
session_4195,user_2192,4/18/2025 23:46,product_page,Tablet,Germany,Google,84,2,0
session_4196,user_1514,3/30/2025 19:18,home,Tablet,UK,Social Media,48,0,0
session_4196,user_1514,3/30/2025 19:19,product_page,Tablet,UK,Social Media,107,1,0
session_4196,user_1514,3/30/2025 19:22,cart,Tablet,UK,Social Media,176,1,0
session_4197,user_2710,2/25/2025 22:18,home,Desktop,UK,Email,149,0,0
session_4198,user_1733,7/24/2025 10:03,home,Tablet,India,Social Media,116,0,0
session_4198,user_1733,7/24/2025 10:05,product_page,Tablet,India,Social Media,137,0,0
session_4199,user_2882,3/3/2025 2:50,home,Mobile,USA,Email,26,0,0
session_4199,user_2882,3/3/2025 2:51,product_page,Mobile,USA,Email,41,0,0
session_4200,user_2722,6/9/2025 23:59,home,Tablet,India,Email,161,0,0
session_4201,user_2042,1/17/2025 12:27,home,Tablet,USA,Direct,117,0,0
session_4201,user_2042,1/17/2025 12:30,product_page,Tablet,USA,Direct,165,2,0
session_4202,user_2179,4/17/2025 8:16,home,Tablet,Australia,Email,85,0,1
session_4202,user_2179,4/17/2025 8:17,product_page,Tablet,Australia,Email,22,0,1
session_4202,user_2179,4/17/2025 8:18,cart,Tablet,Australia,Email,74,5,1
session_4202,user_2179,4/17/2025 8:18,checkout,Tablet,Australia,Email,25,5,1
session_4202,user_2179,4/17/2025 8:20,confirmation,Tablet,Australia,Email,99,0,1
session_4203,user_1582,2/1/2025 7:55,home,Tablet,Canada,Google,84,0,1
session_4203,user_1582,2/1/2025 7:55,product_page,Tablet,Canada,Google,41,1,1
session_4203,user_1582,2/1/2025 7:57,cart,Tablet,Canada,Google,70,1,1
session_4203,user_1582,2/1/2025 8:00,checkout,Tablet,Canada,Google,175,1,1
session_4203,user_1582,2/1/2025 8:00,confirmation,Tablet,Canada,Google,47,0,1
session_4204,user_1210,5/1/2025 21:51,home,Mobile,Canada,Email,103,0,1
session_4204,user_1210,5/1/2025 21:52,product_page,Mobile,Canada,Email,67,2,1
session_4204,user_1210,5/1/2025 21:53,cart,Mobile,Canada,Email,53,2,1
session_4204,user_1210,5/1/2025 21:54,checkout,Mobile,Canada,Email,71,2,1
session_4204,user_1210,5/1/2025 21:56,confirmation,Mobile,Canada,Email,120,0,1
session_4205,user_2545,7/26/2025 12:15,home,Mobile,USA,Google,75,0,0
session_4206,user_2208,4/6/2025 22:05,home,Tablet,Canada,Direct,162,0,0
session_4206,user_2208,4/6/2025 22:07,product_page,Tablet,Canada,Direct,141,3,0
session_4207,user_2068,8/5/2025 13:10,home,Desktop,USA,Google,157,0,0
session_4207,user_2068,8/5/2025 13:11,product_page,Desktop,USA,Google,54,0,0
session_4208,user_1839,3/22/2025 6:17,home,Desktop,Germany,Direct,133,0,0
session_4208,user_1839,3/22/2025 6:19,product_page,Desktop,Germany,Direct,116,0,0
session_4209,user_2210,7/11/2025 0:12,home,Tablet,UK,Social Media,124,0,0
session_4209,user_2210,7/11/2025 0:15,product_page,Tablet,UK,Social Media,177,1,0
session_4210,user_1077,8/7/2025 17:12,home,Tablet,France,Email,90,0,0
session_4211,user_1602,1/28/2025 14:56,home,Tablet,India,Direct,132,0,0
session_4211,user_1602,1/28/2025 14:56,product_page,Tablet,India,Direct,18,4,0
session_4212,user_2295,4/1/2025 9:03,home,Mobile,Australia,Direct,171,0,0
session_4212,user_2295,4/1/2025 9:06,product_page,Mobile,Australia,Direct,171,0,0
session_4213,user_2436,8/20/2025 19:05,home,Desktop,Australia,Social Media,111,0,0
session_4214,user_1275,3/24/2025 13:00,home,Desktop,France,Google,63,0,0
session_4214,user_1275,3/24/2025 13:01,product_page,Desktop,France,Google,46,1,0
session_4215,user_1584,4/19/2025 4:59,home,Tablet,USA,Direct,46,0,0
session_4215,user_1584,4/19/2025 5:00,product_page,Tablet,USA,Direct,62,5,0
session_4216,user_1094,1/21/2025 8:12,home,Desktop,UK,Email,34,0,0
session_4216,user_1094,1/21/2025 8:14,product_page,Desktop,UK,Email,97,0,0
session_4217,user_1485,8/30/2025 20:45,home,Tablet,France,Direct,125,0,0
session_4217,user_1485,8/30/2025 20:47,product_page,Tablet,France,Direct,144,0,0
session_4218,user_1299,5/7/2025 13:55,home,Mobile,Germany,Social Media,155,0,0
session_4219,user_2112,6/23/2025 23:57,home,Tablet,Germany,Direct,23,0,1
session_4219,user_2112,6/23/2025 23:59,product_page,Tablet,Germany,Direct,94,3,1
session_4219,user_2112,6/24/2025 0:01,cart,Tablet,Germany,Direct,127,3,1
session_4219,user_2112,6/24/2025 0:01,checkout,Tablet,Germany,Direct,20,3,1
session_4219,user_2112,6/24/2025 0:03,confirmation,Tablet,Germany,Direct,137,0,1
session_4220,user_2028,7/23/2025 0:03,home,Tablet,Australia,Google,118,0,1
session_4220,user_2028,7/23/2025 0:04,product_page,Tablet,Australia,Google,52,0,1
session_4220,user_2028,7/23/2025 0:05,cart,Tablet,Australia,Google,105,1,1
session_4220,user_2028,7/23/2025 0:07,checkout,Tablet,Australia,Google,115,1,1
session_4220,user_2028,7/23/2025 0:08,confirmation,Tablet,Australia,Google,20,0,1
session_4221,user_1760,6/25/2025 12:17,home,Mobile,India,Social Media,118,0,0
session_4221,user_1760,6/25/2025 12:18,product_page,Mobile,India,Social Media,79,1,0
session_4222,user_2810,5/19/2025 20:42,home,Mobile,UK,Email,49,0,0
session_4222,user_2810,5/19/2025 20:42,product_page,Mobile,UK,Email,28,1,0
session_4223,user_2694,3/18/2025 17:15,home,Mobile,Germany,Email,33,0,0
session_4223,user_2694,3/18/2025 17:16,product_page,Mobile,Germany,Email,56,1,0
session_4224,user_2142,6/17/2025 4:03,home,Mobile,India,Email,140,0,0
session_4224,user_2142,6/17/2025 4:06,product_page,Mobile,India,Email,176,0,0
session_4224,user_2142,6/17/2025 4:08,cart,Mobile,India,Email,88,0,0
session_4225,user_1813,3/16/2025 11:34,home,Desktop,UK,Email,120,0,0
session_4226,user_1802,1/4/2025 17:25,home,Desktop,France,Google,161,0,0
session_4226,user_1802,1/4/2025 17:26,product_page,Desktop,France,Google,34,0,0
session_4227,user_2470,2/28/2025 0:21,home,Mobile,UK,Google,127,0,1
session_4227,user_2470,2/28/2025 0:23,product_page,Mobile,UK,Google,74,5,1
session_4227,user_2470,2/28/2025 0:25,cart,Mobile,UK,Google,129,5,1
session_4227,user_2470,2/28/2025 0:27,checkout,Mobile,UK,Google,151,5,1
session_4227,user_2470,2/28/2025 0:28,confirmation,Mobile,UK,Google,67,0,1
session_4228,user_2956,8/5/2025 22:38,home,Mobile,USA,Social Media,138,0,0
session_4229,user_2360,6/27/2025 22:51,home,Desktop,Australia,Direct,100,0,0
session_4229,user_2360,6/27/2025 22:54,product_page,Desktop,Australia,Direct,156,1,0
session_4230,user_2778,1/25/2025 0:24,home,Mobile,Canada,Social Media,27,0,0
session_4230,user_2778,1/25/2025 0:24,product_page,Mobile,Canada,Social Media,37,2,0
session_4231,user_1585,3/1/2025 18:30,home,Mobile,India,Email,105,0,0
session_4231,user_1585,3/1/2025 18:33,product_page,Mobile,India,Email,174,0,0
session_4231,user_1585,3/1/2025 18:34,cart,Mobile,India,Email,72,5,0
session_4232,user_2576,4/1/2025 8:53,home,Tablet,Canada,Email,91,0,0
session_4232,user_2576,4/1/2025 8:55,product_page,Tablet,Canada,Email,85,0,0
session_4233,user_2910,7/8/2025 19:58,home,Mobile,Germany,Email,154,0,0
session_4234,user_1948,4/26/2025 16:44,home,Mobile,Germany,Social Media,91,0,0
session_4234,user_1948,4/26/2025 16:46,product_page,Mobile,Germany,Social Media,79,1,0
session_4235,user_2544,4/16/2025 21:05,home,Mobile,Australia,Email,123,0,0
session_4235,user_2544,4/16/2025 21:08,product_page,Mobile,Australia,Email,151,1,0
session_4236,user_2904,2/8/2025 21:11,home,Mobile,France,Direct,171,0,1
session_4236,user_2904,2/8/2025 21:11,product_page,Mobile,France,Direct,32,0,1
session_4236,user_2904,2/8/2025 21:12,cart,Mobile,France,Direct,39,1,1
session_4236,user_2904,2/8/2025 21:13,checkout,Mobile,France,Direct,47,1,1
session_4236,user_2904,2/8/2025 21:16,confirmation,Mobile,France,Direct,175,0,1
session_4237,user_2221,5/2/2025 17:00,home,Tablet,UK,Google,128,0,0
session_4237,user_2221,5/2/2025 17:02,product_page,Tablet,UK,Google,106,2,0
session_4237,user_2221,5/2/2025 17:04,cart,Tablet,UK,Google,132,2,0
session_4238,user_1129,6/16/2025 16:14,home,Desktop,Germany,Social Media,90,0,1
session_4238,user_1129,6/16/2025 16:16,product_page,Desktop,Germany,Social Media,133,0,1
session_4238,user_1129,6/16/2025 16:19,cart,Desktop,Germany,Social Media,177,5,1
session_4238,user_1129,6/16/2025 16:21,checkout,Desktop,Germany,Social Media,104,5,1
session_4238,user_1129,6/16/2025 16:23,confirmation,Desktop,Germany,Social Media,137,0,1
session_4239,user_2819,6/9/2025 10:40,home,Tablet,Canada,Email,133,0,0
session_4240,user_2972,5/14/2025 13:10,home,Mobile,India,Google,85,0,1
session_4240,user_2972,5/14/2025 13:12,product_page,Mobile,India,Google,96,0,1
session_4240,user_2972,5/14/2025 13:13,cart,Mobile,India,Google,77,0,1
session_4240,user_2972,5/14/2025 13:16,checkout,Mobile,India,Google,152,1,1
session_4240,user_2972,5/14/2025 13:18,confirmation,Mobile,India,Google,137,0,1
session_4241,user_2031,5/27/2025 13:11,home,Mobile,Germany,Email,97,0,0
session_4241,user_2031,5/27/2025 13:13,product_page,Mobile,Germany,Email,173,0,0
session_4242,user_2925,3/6/2025 7:13,home,Desktop,UK,Direct,69,0,0
session_4242,user_2925,3/6/2025 7:13,product_page,Desktop,UK,Direct,25,2,0
session_4243,user_2933,1/13/2025 12:50,home,Desktop,Germany,Social Media,151,0,0
session_4243,user_2933,1/13/2025 12:51,product_page,Desktop,Germany,Social Media,113,3,0
session_4244,user_1145,8/17/2025 19:32,home,Mobile,India,Email,153,0,0
session_4244,user_1145,8/17/2025 19:33,product_page,Mobile,India,Email,77,5,0
session_4245,user_2500,1/5/2025 10:29,home,Tablet,India,Social Media,147,0,0
session_4245,user_2500,1/5/2025 10:30,product_page,Tablet,India,Social Media,42,4,0
session_4246,user_2295,4/30/2025 20:19,home,Mobile,Germany,Email,158,0,0
session_4247,user_1366,1/7/2025 17:28,home,Desktop,India,Google,138,0,0
session_4247,user_1366,1/7/2025 17:29,product_page,Desktop,India,Google,88,2,0
session_4248,user_2711,6/1/2025 17:22,home,Desktop,France,Direct,95,0,1
session_4248,user_2711,6/1/2025 17:25,product_page,Desktop,France,Direct,139,5,1
session_4248,user_2711,6/1/2025 17:26,cart,Desktop,France,Direct,70,5,1
session_4248,user_2711,6/1/2025 17:26,checkout,Desktop,France,Direct,30,5,1
session_4248,user_2711,6/1/2025 17:27,confirmation,Desktop,France,Direct,40,0,1
session_4249,user_1263,1/28/2025 15:39,home,Tablet,UK,Email,112,0,1
session_4249,user_1263,1/28/2025 15:40,product_page,Tablet,UK,Email,23,5,1
session_4249,user_1263,1/28/2025 15:42,cart,Tablet,UK,Email,160,5,1
session_4249,user_1263,1/28/2025 15:43,checkout,Tablet,UK,Email,38,5,1
session_4249,user_1263,1/28/2025 15:44,confirmation,Tablet,UK,Email,48,0,1
session_4250,user_1658,1/24/2025 1:53,home,Tablet,USA,Google,106,0,1
session_4250,user_1658,1/24/2025 1:56,product_page,Tablet,USA,Google,171,1,1
session_4250,user_1658,1/24/2025 1:58,cart,Tablet,USA,Google,134,1,1
session_4250,user_1658,1/24/2025 1:59,checkout,Tablet,USA,Google,26,1,1
session_4250,user_1658,1/24/2025 2:00,confirmation,Tablet,USA,Google,46,0,1
session_4251,user_2806,6/22/2025 18:18,home,Desktop,USA,Google,49,0,0
session_4252,user_2545,6/5/2025 6:07,home,Mobile,Australia,Google,172,0,1
session_4252,user_2545,6/5/2025 6:08,product_page,Mobile,Australia,Google,62,0,1
session_4252,user_2545,6/5/2025 6:08,cart,Mobile,Australia,Google,44,3,1
session_4252,user_2545,6/5/2025 6:11,checkout,Mobile,Australia,Google,165,3,1
session_4252,user_2545,6/5/2025 6:14,confirmation,Mobile,Australia,Google,140,0,1
session_4253,user_1548,4/12/2025 11:50,home,Tablet,India,Google,163,0,0
session_4254,user_1411,1/23/2025 15:27,home,Mobile,India,Social Media,173,0,0
session_4254,user_1411,1/23/2025 15:28,product_page,Mobile,India,Social Media,66,2,0
session_4255,user_1310,4/1/2025 5:15,home,Desktop,Germany,Social Media,90,0,0
session_4255,user_1310,4/1/2025 5:18,product_page,Desktop,Germany,Social Media,176,1,0
session_4256,user_2449,6/19/2025 17:11,home,Tablet,Canada,Social Media,167,0,1
session_4256,user_2449,6/19/2025 17:12,product_page,Tablet,Canada,Social Media,69,1,1
session_4256,user_2449,6/19/2025 17:14,cart,Tablet,Canada,Social Media,65,1,1
session_4256,user_2449,6/19/2025 17:16,checkout,Tablet,Canada,Social Media,150,1,1
session_4256,user_2449,6/19/2025 17:18,confirmation,Tablet,Canada,Social Media,130,0,1
session_4257,user_2728,2/9/2025 6:01,home,Mobile,India,Direct,46,0,0
session_4258,user_2729,1/19/2025 16:53,home,Desktop,India,Direct,75,0,0
session_4258,user_2729,1/19/2025 16:54,product_page,Desktop,India,Direct,100,0,0
session_4259,user_1925,8/26/2025 1:46,home,Mobile,UK,Google,107,0,1
session_4259,user_1925,8/26/2025 1:47,product_page,Mobile,UK,Google,48,3,1
session_4259,user_1925,8/26/2025 1:48,cart,Mobile,UK,Google,61,3,1
session_4259,user_1925,8/26/2025 1:51,checkout,Mobile,UK,Google,147,3,1
session_4259,user_1925,8/26/2025 1:53,confirmation,Mobile,UK,Google,129,0,1
session_4260,user_1268,4/23/2025 14:47,home,Mobile,Australia,Social Media,141,0,0
session_4260,user_1268,4/23/2025 14:48,product_page,Mobile,Australia,Social Media,106,5,0
session_4261,user_2998,8/27/2025 13:40,home,Desktop,France,Direct,86,0,0
session_4261,user_2998,8/27/2025 13:43,product_page,Desktop,France,Direct,149,1,0
session_4262,user_1943,1/23/2025 0:28,home,Tablet,Australia,Social Media,141,0,0
session_4262,user_1943,1/23/2025 0:31,product_page,Tablet,Australia,Social Media,172,4,0
session_4263,user_2698,2/17/2025 7:58,home,Desktop,Australia,Google,113,0,0
session_4263,user_2698,2/17/2025 8:01,product_page,Desktop,Australia,Google,146,4,0
session_4264,user_2770,6/26/2025 10:25,home,Desktop,Germany,Email,55,0,1
session_4264,user_2770,6/26/2025 10:25,product_page,Desktop,Germany,Email,21,1,1
session_4264,user_2770,6/26/2025 10:26,cart,Desktop,Germany,Email,51,1,1
session_4264,user_2770,6/26/2025 10:27,checkout,Desktop,Germany,Email,34,1,1
session_4264,user_2770,6/26/2025 10:27,confirmation,Desktop,Germany,Email,30,0,1
session_4265,user_1523,7/6/2025 21:02,home,Desktop,France,Social Media,46,0,0
session_4266,user_1529,5/9/2025 21:20,home,Desktop,Australia,Social Media,87,0,1
session_4266,user_1529,5/9/2025 21:23,product_page,Desktop,Australia,Social Media,151,2,1
session_4266,user_1529,5/9/2025 21:24,cart,Desktop,Australia,Social Media,37,2,1
session_4266,user_1529,5/9/2025 21:27,checkout,Desktop,Australia,Social Media,180,2,1
session_4266,user_1529,5/9/2025 21:29,confirmation,Desktop,Australia,Social Media,167,0,1
session_4267,user_1096,5/14/2025 1:37,home,Mobile,India,Google,36,0,0
session_4267,user_1096,5/14/2025 1:39,product_page,Mobile,India,Google,112,4,0
session_4268,user_2904,6/28/2025 16:26,home,Mobile,India,Email,123,0,0
session_4268,user_2904,6/28/2025 16:27,product_page,Mobile,India,Email,34,4,0
session_4269,user_2144,4/25/2025 3:47,home,Desktop,Australia,Social Media,113,0,0
session_4270,user_1238,6/8/2025 11:09,home,Tablet,UK,Email,41,0,0
session_4271,user_2223,1/27/2025 11:09,home,Desktop,Canada,Email,123,0,0
session_4271,user_2223,1/27/2025 11:11,product_page,Desktop,Canada,Email,145,2,0
session_4272,user_2940,6/18/2025 11:56,home,Desktop,UK,Social Media,79,0,0
session_4272,user_2940,6/18/2025 11:56,product_page,Desktop,UK,Social Media,15,0,0
session_4273,user_2021,8/6/2025 20:55,home,Desktop,Australia,Email,100,0,0
session_4274,user_1966,2/1/2025 18:12,home,Tablet,USA,Social Media,99,0,0
session_4274,user_1966,2/1/2025 18:13,product_page,Tablet,USA,Social Media,48,2,0
session_4275,user_2655,2/17/2025 23:09,home,Tablet,UK,Social Media,40,0,0
session_4275,user_2655,2/17/2025 23:11,product_page,Tablet,UK,Social Media,151,0,0
session_4276,user_2605,3/18/2025 15:25,home,Tablet,India,Google,134,0,0
session_4277,user_1566,7/19/2025 15:31,home,Desktop,India,Google,124,0,1
session_4277,user_1566,7/19/2025 15:33,product_page,Desktop,India,Google,115,0,1
session_4277,user_1566,7/19/2025 15:34,cart,Desktop,India,Google,81,1,1
session_4277,user_1566,7/19/2025 15:36,checkout,Desktop,India,Google,99,1,1
session_4277,user_1566,7/19/2025 15:38,confirmation,Desktop,India,Google,145,0,1
session_4278,user_1051,4/29/2025 16:56,home,Desktop,Canada,Direct,163,0,1
session_4278,user_1051,4/29/2025 16:57,product_page,Desktop,Canada,Direct,39,3,1
session_4278,user_1051,4/29/2025 16:58,cart,Desktop,Canada,Direct,109,3,1
session_4278,user_1051,4/29/2025 17:00,checkout,Desktop,Canada,Direct,111,3,1
session_4278,user_1051,4/29/2025 17:02,confirmation,Desktop,Canada,Direct,74,0,1
session_4279,user_2135,4/5/2025 10:26,home,Desktop,Germany,Email,152,0,0
session_4279,user_2135,4/5/2025 10:28,product_page,Desktop,Germany,Email,107,0,0
session_4280,user_2301,6/22/2025 9:03,home,Desktop,France,Google,81,0,1
session_4280,user_2301,6/22/2025 9:04,product_page,Desktop,France,Google,63,0,1
session_4280,user_2301,6/22/2025 9:06,cart,Desktop,France,Google,116,0,1
session_4280,user_2301,6/22/2025 9:07,checkout,Desktop,France,Google,71,1,1
session_4280,user_2301,6/22/2025 9:09,confirmation,Desktop,France,Google,134,0,1
session_4281,user_1251,2/11/2025 18:02,home,Desktop,Germany,Google,100,0,1
session_4281,user_1251,2/11/2025 18:04,product_page,Desktop,Germany,Google,88,0,1
session_4281,user_1251,2/11/2025 18:04,cart,Desktop,Germany,Google,27,3,1
session_4281,user_1251,2/11/2025 18:06,checkout,Desktop,Germany,Google,98,3,1
session_4281,user_1251,2/11/2025 18:08,confirmation,Desktop,Germany,Google,114,0,1
session_4282,user_1028,6/27/2025 15:03,home,Mobile,Germany,Social Media,148,0,0
session_4282,user_1028,6/27/2025 15:06,product_page,Mobile,Germany,Social Media,170,2,0
session_4283,user_1503,8/5/2025 11:58,home,Tablet,India,Direct,42,0,0
session_4283,user_1503,8/5/2025 12:00,product_page,Tablet,India,Direct,80,0,0
session_4284,user_1445,7/21/2025 20:34,home,Desktop,France,Social Media,162,0,0
session_4284,user_1445,7/21/2025 20:36,product_page,Desktop,France,Social Media,95,5,0
session_4285,user_2369,7/9/2025 5:37,home,Tablet,USA,Google,44,0,1
session_4285,user_2369,7/9/2025 5:38,product_page,Tablet,USA,Google,42,1,1
session_4285,user_2369,7/9/2025 5:40,cart,Tablet,USA,Google,132,1,1
session_4285,user_2369,7/9/2025 5:41,checkout,Tablet,USA,Google,52,1,1
session_4285,user_2369,7/9/2025 5:43,confirmation,Tablet,USA,Google,95,0,1
session_4286,user_2344,3/18/2025 1:50,home,Mobile,India,Email,156,0,0
session_4286,user_2344,3/18/2025 1:51,product_page,Mobile,India,Email,70,4,0
session_4287,user_2033,3/16/2025 18:11,home,Tablet,France,Google,157,0,0
session_4287,user_2033,3/16/2025 18:14,product_page,Tablet,France,Google,156,2,0
session_4288,user_2347,1/16/2025 0:12,home,Tablet,USA,Email,23,0,0
session_4288,user_2347,1/16/2025 0:14,product_page,Tablet,USA,Email,159,1,0
session_4289,user_1033,3/5/2025 13:48,home,Tablet,UK,Email,104,0,1
session_4289,user_1033,3/5/2025 13:49,product_page,Tablet,UK,Email,61,0,1
session_4289,user_1033,3/5/2025 13:51,cart,Tablet,UK,Email,98,3,1
session_4289,user_1033,3/5/2025 13:51,checkout,Tablet,UK,Email,26,3,1
session_4289,user_1033,3/5/2025 13:54,confirmation,Tablet,UK,Email,156,0,1
session_4290,user_2184,4/29/2025 0:33,home,Tablet,India,Social Media,68,0,0
session_4290,user_2184,4/29/2025 0:36,product_page,Tablet,India,Social Media,164,1,0
session_4291,user_1442,8/11/2025 18:38,home,Mobile,USA,Email,84,0,1
session_4291,user_1442,8/11/2025 18:39,product_page,Mobile,USA,Email,52,3,1
session_4291,user_1442,8/11/2025 18:42,cart,Mobile,USA,Email,157,3,1
session_4291,user_1442,8/11/2025 18:43,checkout,Mobile,USA,Email,110,3,1
session_4291,user_1442,8/11/2025 18:44,confirmation,Mobile,USA,Email,29,0,1
session_4292,user_2326,5/7/2025 1:53,home,Mobile,Australia,Direct,143,0,1
session_4292,user_2326,5/7/2025 1:56,product_page,Mobile,Australia,Direct,150,4,1
session_4292,user_2326,5/7/2025 1:57,cart,Mobile,Australia,Direct,42,4,1
session_4292,user_2326,5/7/2025 1:58,checkout,Mobile,Australia,Direct,109,4,1
session_4292,user_2326,5/7/2025 2:00,confirmation,Mobile,Australia,Direct,100,0,1
session_4293,user_1440,1/5/2025 0:46,home,Desktop,India,Email,21,0,0
session_4293,user_1440,1/5/2025 0:48,product_page,Desktop,India,Email,154,0,0
session_4293,user_1440,1/5/2025 0:51,cart,Desktop,India,Email,179,0,0
session_4294,user_1635,7/15/2025 7:53,home,Desktop,Australia,Email,129,0,0
session_4294,user_1635,7/15/2025 7:56,product_page,Desktop,Australia,Email,176,1,0
session_4294,user_1635,7/15/2025 7:57,cart,Desktop,Australia,Email,69,1,0
session_4295,user_1561,4/22/2025 12:50,home,Desktop,UK,Google,156,0,0
session_4296,user_2521,3/2/2025 14:12,home,Desktop,Germany,Social Media,23,0,1
session_4296,user_2521,3/2/2025 14:13,product_page,Desktop,Germany,Social Media,42,0,1
session_4296,user_2521,3/2/2025 14:14,cart,Desktop,Germany,Social Media,85,4,1
session_4296,user_2521,3/2/2025 14:14,checkout,Desktop,Germany,Social Media,17,4,1
session_4296,user_2521,3/2/2025 14:16,confirmation,Desktop,Germany,Social Media,100,0,1
session_4297,user_1413,5/13/2025 9:41,home,Desktop,France,Social Media,158,0,0
session_4297,user_1413,5/13/2025 9:43,product_page,Desktop,France,Social Media,112,0,0
session_4298,user_2020,7/8/2025 21:23,home,Desktop,Germany,Google,54,0,0
session_4299,user_2439,6/7/2025 2:55,home,Desktop,USA,Google,95,0,0
session_4299,user_2439,6/7/2025 2:57,product_page,Desktop,USA,Google,133,3,0
session_4300,user_1303,6/23/2025 21:41,home,Mobile,UK,Social Media,42,0,0
session_4301,user_1898,3/9/2025 4:00,home,Mobile,France,Social Media,68,0,0
session_4301,user_1898,3/9/2025 4:03,product_page,Mobile,France,Social Media,173,1,0
session_4302,user_1544,3/26/2025 17:28,home,Mobile,USA,Social Media,171,0,0
session_4302,user_1544,3/26/2025 17:29,product_page,Mobile,USA,Social Media,111,0,0
session_4302,user_1544,3/26/2025 17:32,cart,Mobile,USA,Social Media,131,1,0
session_4302,user_1544,3/26/2025 17:34,checkout,Mobile,USA,Social Media,162,1,0
session_4303,user_2979,6/5/2025 17:01,home,Mobile,UK,Direct,49,0,0
session_4304,user_2789,3/13/2025 7:29,home,Mobile,France,Social Media,123,0,0
session_4304,user_2789,3/13/2025 7:31,product_page,Mobile,France,Social Media,98,1,0
session_4305,user_1287,2/24/2025 4:53,home,Desktop,India,Email,73,0,0
session_4305,user_1287,2/24/2025 4:54,product_page,Desktop,India,Email,87,0,0
session_4305,user_1287,2/24/2025 4:56,cart,Desktop,India,Email,114,2,0
session_4306,user_1595,5/7/2025 14:57,home,Mobile,Germany,Email,33,0,1
session_4306,user_1595,5/7/2025 14:58,product_page,Mobile,Germany,Email,85,0,1
session_4306,user_1595,5/7/2025 14:59,cart,Mobile,Germany,Email,40,5,1
session_4306,user_1595,5/7/2025 15:01,checkout,Mobile,Germany,Email,141,5,1
session_4306,user_1595,5/7/2025 15:03,confirmation,Mobile,Germany,Email,141,0,1
session_4307,user_1947,1/21/2025 19:03,home,Mobile,France,Direct,95,0,1
session_4307,user_1947,1/21/2025 19:03,product_page,Mobile,France,Direct,23,4,1
session_4307,user_1947,1/21/2025 19:04,cart,Mobile,France,Direct,44,4,1
session_4307,user_1947,1/21/2025 19:05,checkout,Mobile,France,Direct,82,4,1
session_4307,user_1947,1/21/2025 19:07,confirmation,Mobile,France,Direct,83,0,1
session_4308,user_1386,6/5/2025 18:12,home,Mobile,India,Social Media,94,0,0
session_4308,user_1386,6/5/2025 18:14,product_page,Mobile,India,Social Media,143,0,0
session_4309,user_1386,1/17/2025 16:59,home,Desktop,Canada,Google,47,0,0
session_4309,user_1386,1/17/2025 17:01,product_page,Desktop,Canada,Google,121,5,0
session_4309,user_1386,1/17/2025 17:02,cart,Desktop,Canada,Google,56,5,0
session_4309,user_1386,1/17/2025 17:04,checkout,Desktop,Canada,Google,71,5,0
session_4310,user_1419,1/19/2025 18:49,home,Mobile,UK,Email,173,0,0
session_4310,user_1419,1/19/2025 18:50,product_page,Mobile,UK,Email,30,5,0
session_4311,user_2753,5/22/2025 15:12,home,Desktop,France,Google,62,0,1
session_4311,user_2753,5/22/2025 15:12,product_page,Desktop,France,Google,17,0,1
session_4311,user_2753,5/22/2025 15:13,cart,Desktop,France,Google,65,0,1
session_4311,user_2753,5/22/2025 15:15,checkout,Desktop,France,Google,104,2,1
session_4311,user_2753,5/22/2025 15:17,confirmation,Desktop,France,Google,127,0,1
session_4312,user_2725,3/27/2025 6:52,home,Tablet,Germany,Google,91,0,0
session_4313,user_1020,5/3/2025 11:00,home,Mobile,France,Email,151,0,0
session_4313,user_1020,5/3/2025 11:03,product_page,Mobile,France,Email,158,2,0
session_4314,user_2356,4/16/2025 5:09,home,Mobile,France,Direct,32,0,0
session_4314,user_2356,4/16/2025 5:10,product_page,Mobile,France,Direct,28,4,0
session_4315,user_1582,2/17/2025 17:55,home,Tablet,Germany,Google,132,0,1
session_4315,user_1582,2/17/2025 17:58,product_page,Tablet,Germany,Google,173,0,1
session_4315,user_1582,2/17/2025 18:01,cart,Tablet,Germany,Google,155,2,1
session_4315,user_1582,2/17/2025 18:03,checkout,Tablet,Germany,Google,166,2,1
session_4315,user_1582,2/17/2025 18:05,confirmation,Tablet,Germany,Google,120,0,1
session_4316,user_1546,2/7/2025 0:48,home,Desktop,India,Social Media,40,0,0
session_4316,user_1546,2/7/2025 0:49,product_page,Desktop,India,Social Media,29,0,0
session_4317,user_2728,5/7/2025 11:35,home,Tablet,UK,Google,172,0,1
session_4317,user_2728,5/7/2025 11:35,product_page,Tablet,UK,Google,18,0,1
session_4317,user_2728,5/7/2025 11:36,cart,Tablet,UK,Google,18,1,1
session_4317,user_2728,5/7/2025 11:37,checkout,Tablet,UK,Google,99,1,1
session_4317,user_2728,5/7/2025 11:39,confirmation,Tablet,UK,Google,113,0,1
session_4318,user_2390,2/3/2025 17:42,home,Desktop,Australia,Google,45,0,1
session_4318,user_2390,2/3/2025 17:44,product_page,Desktop,Australia,Google,132,5,1
session_4318,user_2390,2/3/2025 17:46,cart,Desktop,Australia,Google,116,5,1
session_4318,user_2390,2/3/2025 17:48,checkout,Desktop,Australia,Google,90,5,1
session_4318,user_2390,2/3/2025 17:49,confirmation,Desktop,Australia,Google,97,0,1
session_4319,user_2444,8/2/2025 15:19,home,Desktop,Australia,Email,43,0,0
session_4319,user_2444,8/2/2025 15:21,product_page,Desktop,Australia,Email,142,0,0
session_4319,user_2444,8/2/2025 15:22,cart,Desktop,Australia,Email,41,5,0
session_4320,user_2256,4/20/2025 12:43,home,Desktop,Canada,Direct,171,0,0
session_4320,user_2256,4/20/2025 12:43,product_page,Desktop,Canada,Direct,29,3,0
session_4321,user_2802,7/31/2025 15:42,home,Desktop,France,Email,31,0,1
session_4321,user_2802,7/31/2025 15:43,product_page,Desktop,France,Email,39,5,1
session_4321,user_2802,7/31/2025 15:44,cart,Desktop,France,Email,61,5,1
session_4321,user_2802,7/31/2025 15:46,checkout,Desktop,France,Email,134,5,1
session_4321,user_2802,7/31/2025 15:48,confirmation,Desktop,France,Email,112,0,1
session_4322,user_2883,4/7/2025 14:09,home,Tablet,USA,Direct,170,0,0
session_4322,user_2883,4/7/2025 14:11,product_page,Tablet,USA,Direct,127,3,0
session_4323,user_2879,7/22/2025 8:39,home,Desktop,Canada,Social Media,97,0,1
session_4323,user_2879,7/22/2025 8:40,product_page,Desktop,Canada,Social Media,60,0,1
session_4323,user_2879,7/22/2025 8:42,cart,Desktop,Canada,Social Media,83,5,1
session_4323,user_2879,7/22/2025 8:43,checkout,Desktop,Canada,Social Media,94,5,1
session_4323,user_2879,7/22/2025 8:44,confirmation,Desktop,Canada,Social Media,44,0,1
session_4324,user_2722,1/14/2025 13:16,home,Desktop,Germany,Direct,69,0,0
session_4324,user_2722,1/14/2025 13:16,product_page,Desktop,Germany,Direct,37,0,0
session_4325,user_2324,7/21/2025 3:56,home,Mobile,India,Google,140,0,0
session_4325,user_2324,7/21/2025 3:57,product_page,Mobile,India,Google,46,3,0
session_4326,user_2102,4/29/2025 10:09,home,Mobile,Germany,Google,33,0,0
session_4326,user_2102,4/29/2025 10:09,product_page,Mobile,Germany,Google,22,3,0
session_4327,user_2020,5/25/2025 4:30,home,Tablet,UK,Direct,140,0,1
session_4327,user_2020,5/25/2025 4:32,product_page,Tablet,UK,Direct,122,0,1
session_4327,user_2020,5/25/2025 4:32,cart,Tablet,UK,Direct,32,1,1
session_4327,user_2020,5/25/2025 4:34,checkout,Tablet,UK,Direct,85,1,1
session_4327,user_2020,5/25/2025 4:36,confirmation,Tablet,UK,Direct,122,0,1
session_4328,user_2835,5/20/2025 19:08,home,Desktop,India,Email,124,0,1
session_4328,user_2835,5/20/2025 19:08,product_page,Desktop,India,Email,45,0,1
session_4328,user_2835,5/20/2025 19:09,cart,Desktop,India,Email,46,5,1
session_4328,user_2835,5/20/2025 19:12,checkout,Desktop,India,Email,151,5,1
session_4328,user_2835,5/20/2025 19:14,confirmation,Desktop,India,Email,139,0,1
session_4329,user_2391,8/24/2025 15:37,home,Mobile,Germany,Social Media,73,0,1
session_4329,user_2391,8/24/2025 15:40,product_page,Mobile,Germany,Social Media,171,0,1
session_4329,user_2391,8/24/2025 15:42,cart,Mobile,Germany,Social Media,101,3,1
session_4329,user_2391,8/24/2025 15:44,checkout,Mobile,Germany,Social Media,155,3,1
session_4329,user_2391,8/24/2025 15:47,confirmation,Mobile,Germany,Social Media,148,0,1
session_4330,user_2891,6/4/2025 21:20,home,Mobile,France,Social Media,33,0,0
session_4330,user_2891,6/4/2025 21:23,product_page,Mobile,France,Social Media,145,4,0
session_4331,user_1868,8/3/2025 17:15,home,Tablet,Canada,Google,159,0,1
session_4331,user_1868,8/3/2025 17:18,product_page,Tablet,Canada,Google,148,3,1
session_4331,user_1868,8/3/2025 17:20,cart,Tablet,Canada,Google,137,3,1
session_4331,user_1868,8/3/2025 17:21,checkout,Tablet,Canada,Google,48,3,1
session_4331,user_1868,8/3/2025 17:23,confirmation,Tablet,Canada,Google,95,0,1
session_4332,user_1184,4/25/2025 10:11,home,Mobile,France,Social Media,20,0,0
session_4333,user_2790,1/10/2025 10:41,home,Mobile,Canada,Email,143,0,1
session_4333,user_2790,1/10/2025 10:43,product_page,Mobile,Canada,Email,128,4,1
session_4333,user_2790,1/10/2025 10:43,cart,Mobile,Canada,Email,24,4,1
session_4333,user_2790,1/10/2025 10:44,checkout,Mobile,Canada,Email,18,4,1
session_4333,user_2790,1/10/2025 10:44,confirmation,Mobile,Canada,Email,32,0,1
session_4334,user_1871,1/22/2025 2:27,home,Mobile,Australia,Social Media,65,0,1
session_4334,user_1871,1/22/2025 2:29,product_page,Mobile,Australia,Social Media,87,3,1
session_4334,user_1871,1/22/2025 2:31,cart,Mobile,Australia,Social Media,120,3,1
session_4334,user_1871,1/22/2025 2:33,checkout,Mobile,Australia,Social Media,117,3,1
session_4334,user_1871,1/22/2025 2:36,confirmation,Mobile,Australia,Social Media,171,0,1
session_4335,user_2419,5/7/2025 15:20,home,Desktop,Australia,Google,133,0,0
session_4336,user_1135,2/12/2025 6:18,home,Tablet,Australia,Google,117,0,0
session_4336,user_1135,2/12/2025 6:20,product_page,Tablet,Australia,Google,154,5,0
session_4337,user_2614,7/2/2025 19:33,home,Tablet,France,Google,25,0,0
session_4337,user_2614,7/2/2025 19:34,product_page,Tablet,France,Google,64,2,0
session_4337,user_2614,7/2/2025 19:36,cart,Tablet,France,Google,93,2,0
session_4338,user_1580,8/12/2025 3:41,home,Desktop,Germany,Social Media,102,0,0
session_4338,user_1580,8/12/2025 3:44,product_page,Desktop,Germany,Social Media,138,5,0
session_4339,user_2293,8/22/2025 7:20,home,Desktop,India,Email,21,0,0
session_4339,user_2293,8/22/2025 7:22,product_page,Desktop,India,Email,126,0,0
session_4340,user_2108,2/9/2025 13:04,home,Tablet,Australia,Social Media,142,0,0
session_4341,user_2454,3/2/2025 10:45,home,Mobile,France,Google,78,0,0
session_4341,user_2454,3/2/2025 10:45,product_page,Mobile,France,Google,35,0,0
session_4342,user_1235,8/21/2025 10:01,home,Desktop,USA,Email,103,0,0
session_4342,user_1235,8/21/2025 10:03,product_page,Desktop,USA,Email,93,4,0
session_4343,user_1247,2/7/2025 6:10,home,Tablet,USA,Direct,34,0,0
session_4343,user_1247,2/7/2025 6:11,product_page,Tablet,USA,Direct,72,5,0
session_4344,user_1158,7/23/2025 17:03,home,Desktop,Germany,Social Media,56,0,0
session_4344,user_1158,7/23/2025 17:06,product_page,Desktop,Germany,Social Media,171,1,0
session_4345,user_1373,7/3/2025 10:01,home,Mobile,USA,Email,19,0,0
session_4345,user_1373,7/3/2025 10:02,product_page,Mobile,USA,Email,28,0,0
session_4345,user_1373,7/3/2025 10:02,cart,Mobile,USA,Email,37,4,0
session_4346,user_2441,3/16/2025 4:16,home,Desktop,Canada,Google,29,0,0
session_4347,user_2270,6/14/2025 12:37,home,Tablet,Canada,Social Media,72,0,1
session_4347,user_2270,6/14/2025 12:38,product_page,Tablet,Canada,Social Media,58,0,1
session_4347,user_2270,6/14/2025 12:38,cart,Tablet,Canada,Social Media,57,2,1
session_4347,user_2270,6/14/2025 12:39,checkout,Tablet,Canada,Social Media,16,2,1
session_4347,user_2270,6/14/2025 12:40,confirmation,Tablet,Canada,Social Media,58,0,1
session_4348,user_2523,1/10/2025 6:41,home,Tablet,France,Social Media,82,0,0
session_4348,user_2523,1/10/2025 6:43,product_page,Tablet,France,Social Media,152,2,0
session_4348,user_2523,1/10/2025 6:46,cart,Tablet,France,Social Media,156,2,0
session_4349,user_1276,5/19/2025 10:42,home,Mobile,France,Social Media,27,0,0
session_4349,user_1276,5/19/2025 10:44,product_page,Mobile,France,Social Media,100,3,0
session_4350,user_2479,6/4/2025 8:36,home,Desktop,Australia,Email,131,0,0
session_4350,user_2479,6/4/2025 8:36,product_page,Desktop,Australia,Email,17,4,0
session_4351,user_1075,8/30/2025 14:51,home,Tablet,France,Google,141,0,0
session_4351,user_1075,8/30/2025 14:52,product_page,Tablet,France,Google,59,0,0
session_4352,user_1465,2/23/2025 20:39,home,Desktop,USA,Google,74,0,0
session_4353,user_2836,6/20/2025 22:35,home,Desktop,Canada,Email,27,0,0
session_4353,user_2836,6/20/2025 22:37,product_page,Desktop,Canada,Email,128,2,0
session_4354,user_1664,6/1/2025 6:36,home,Tablet,Australia,Google,58,0,0
session_4354,user_1664,6/1/2025 6:38,product_page,Tablet,Australia,Google,147,1,0
session_4355,user_1443,1/26/2025 12:54,home,Tablet,India,Google,166,0,0
session_4355,user_1443,1/26/2025 12:54,product_page,Tablet,India,Google,29,2,0
session_4356,user_1625,4/26/2025 5:16,home,Tablet,Canada,Google,153,0,0
session_4356,user_1625,4/26/2025 5:18,product_page,Tablet,Canada,Google,112,0,0
session_4357,user_2262,2/5/2025 22:48,home,Mobile,India,Google,100,0,0
session_4357,user_2262,2/5/2025 22:49,product_page,Mobile,India,Google,96,0,0
session_4357,user_2262,2/5/2025 22:51,cart,Mobile,India,Google,92,0,0
session_4358,user_2457,6/9/2025 15:59,home,Desktop,UK,Social Media,61,0,0
session_4358,user_2457,6/9/2025 16:01,product_page,Desktop,UK,Social Media,75,0,0
session_4358,user_2457,6/9/2025 16:03,cart,Desktop,UK,Social Media,149,1,0
session_4359,user_1612,7/30/2025 14:25,home,Mobile,Australia,Google,120,0,0
session_4360,user_1338,2/17/2025 23:08,home,Tablet,USA,Email,144,0,0
session_4361,user_1738,5/13/2025 21:17,home,Mobile,France,Google,16,0,0
session_4362,user_2007,6/5/2025 23:55,home,Desktop,Canada,Google,106,0,1
session_4362,user_2007,6/5/2025 23:56,product_page,Desktop,Canada,Google,47,0,1
session_4362,user_2007,6/5/2025 23:57,cart,Desktop,Canada,Google,35,3,1
session_4362,user_2007,6/5/2025 23:58,checkout,Desktop,Canada,Google,89,3,1
session_4362,user_2007,6/6/2025 0:00,confirmation,Desktop,Canada,Google,128,0,1
session_4363,user_1098,6/26/2025 6:02,home,Desktop,UK,Google,103,0,1
session_4363,user_1098,6/26/2025 6:03,product_page,Desktop,UK,Google,25,1,1
session_4363,user_1098,6/26/2025 6:06,cart,Desktop,UK,Google,175,1,1
session_4363,user_1098,6/26/2025 6:06,checkout,Desktop,UK,Google,38,1,1
session_4363,user_1098,6/26/2025 6:08,confirmation,Desktop,UK,Google,110,0,1
session_4364,user_2040,2/7/2025 23:30,home,Desktop,Australia,Social Media,90,0,0
session_4364,user_2040,2/7/2025 23:31,product_page,Desktop,Australia,Social Media,60,0,0
session_4365,user_2789,2/27/2025 0:39,home,Desktop,Australia,Email,31,0,1
session_4365,user_2789,2/27/2025 0:40,product_page,Desktop,Australia,Email,91,0,1
session_4365,user_2789,2/27/2025 0:43,cart,Desktop,Australia,Email,142,4,1
session_4365,user_2789,2/27/2025 0:44,checkout,Desktop,Australia,Email,80,4,1
session_4365,user_2789,2/27/2025 0:44,confirmation,Desktop,Australia,Email,21,0,1
session_4366,user_1789,7/22/2025 22:16,home,Tablet,Australia,Google,106,0,0
session_4366,user_1789,7/22/2025 22:17,product_page,Tablet,Australia,Google,58,2,0
session_4367,user_2980,8/17/2025 11:05,home,Desktop,India,Direct,108,0,0
session_4367,user_2980,8/17/2025 11:06,product_page,Desktop,India,Direct,109,2,0
session_4368,user_2542,8/11/2025 2:16,home,Desktop,USA,Email,163,0,0
session_4368,user_2542,8/11/2025 2:19,product_page,Desktop,USA,Email,172,4,0
session_4369,user_1324,1/2/2025 22:19,home,Mobile,Australia,Email,169,0,0
session_4369,user_1324,1/2/2025 22:21,product_page,Mobile,Australia,Email,162,3,0
session_4370,user_1273,1/23/2025 7:02,home,Tablet,France,Google,178,0,0
session_4370,user_1273,1/23/2025 7:03,product_page,Tablet,France,Google,41,0,0
session_4371,user_1920,4/5/2025 4:38,home,Tablet,Australia,Social Media,53,0,0
session_4371,user_1920,4/5/2025 4:38,product_page,Tablet,Australia,Social Media,35,0,0
session_4372,user_1049,5/23/2025 17:38,home,Tablet,UK,Google,37,0,0
session_4372,user_1049,5/23/2025 17:39,product_page,Tablet,UK,Google,35,0,0
session_4373,user_1169,8/4/2025 20:56,home,Desktop,USA,Direct,83,0,0
session_4374,user_2877,3/19/2025 9:14,home,Desktop,USA,Google,132,0,1
session_4374,user_2877,3/19/2025 9:15,product_page,Desktop,USA,Google,50,0,1
session_4374,user_2877,3/19/2025 9:18,cart,Desktop,USA,Google,175,0,1
session_4374,user_2877,3/19/2025 9:19,checkout,Desktop,USA,Google,60,3,1
session_4374,user_2877,3/19/2025 9:20,confirmation,Desktop,USA,Google,109,0,1
session_4375,user_2926,7/31/2025 8:16,home,Mobile,France,Google,49,0,0
session_4376,user_2569,7/9/2025 10:34,home,Desktop,UK,Social Media,32,0,1
session_4376,user_2569,7/9/2025 10:37,product_page,Desktop,UK,Social Media,147,0,1
session_4376,user_2569,7/9/2025 10:39,cart,Desktop,UK,Social Media,145,0,1
session_4376,user_2569,7/9/2025 10:42,checkout,Desktop,UK,Social Media,172,2,1
session_4376,user_2569,7/9/2025 10:44,confirmation,Desktop,UK,Social Media,114,0,1
session_4377,user_1067,8/4/2025 0:49,home,Tablet,Australia,Social Media,154,0,0
session_4377,user_1067,8/4/2025 0:50,product_page,Tablet,Australia,Social Media,74,5,0
session_4378,user_2453,2/16/2025 11:46,home,Desktop,Canada,Direct,109,0,0
session_4378,user_2453,2/16/2025 11:48,product_page,Desktop,Canada,Direct,169,0,0
session_4379,user_2970,5/7/2025 8:44,home,Desktop,UK,Direct,21,0,0
session_4379,user_2970,5/7/2025 8:46,product_page,Desktop,UK,Direct,114,0,0
session_4380,user_2730,3/8/2025 1:42,home,Mobile,UK,Direct,83,0,0
session_4380,user_2730,3/8/2025 1:43,product_page,Mobile,UK,Direct,21,1,0
session_4381,user_2007,6/23/2025 11:22,home,Tablet,UK,Email,38,0,0
session_4382,user_2840,5/7/2025 1:16,home,Mobile,India,Google,31,0,0
session_4382,user_2840,5/7/2025 1:19,product_page,Mobile,India,Google,173,2,0
session_4383,user_1204,6/20/2025 12:08,home,Tablet,France,Social Media,77,0,0
session_4384,user_1734,2/8/2025 3:17,home,Tablet,Australia,Social Media,68,0,0
session_4384,user_1734,2/8/2025 3:17,product_page,Tablet,Australia,Social Media,33,3,0
session_4385,user_2012,3/4/2025 11:47,home,Desktop,Australia,Email,72,0,0
session_4385,user_2012,3/4/2025 11:48,product_page,Desktop,Australia,Email,63,2,0
session_4386,user_2645,2/11/2025 9:14,home,Tablet,France,Google,24,0,0
session_4386,user_2645,2/11/2025 9:15,product_page,Tablet,France,Google,58,0,0
session_4387,user_2783,2/26/2025 22:08,home,Tablet,Germany,Direct,16,0,0
session_4387,user_2783,2/26/2025 22:10,product_page,Tablet,Germany,Direct,94,3,0
session_4388,user_2520,8/22/2025 1:00,home,Tablet,USA,Direct,103,0,0
session_4388,user_2520,8/22/2025 1:01,product_page,Tablet,USA,Direct,18,0,0
session_4389,user_1772,8/15/2025 11:04,home,Tablet,India,Direct,97,0,0
session_4389,user_1772,8/15/2025 11:05,product_page,Tablet,India,Direct,96,4,0
session_4390,user_1473,6/8/2025 12:40,home,Mobile,Germany,Email,46,0,0
session_4391,user_2621,6/15/2025 12:28,home,Tablet,UK,Social Media,162,0,0
session_4391,user_2621,6/15/2025 12:29,product_page,Tablet,UK,Social Media,27,1,0
session_4392,user_1620,5/8/2025 21:47,home,Mobile,France,Direct,159,0,1
session_4392,user_1620,5/8/2025 21:50,product_page,Mobile,France,Direct,175,0,1
session_4392,user_1620,5/8/2025 21:51,cart,Mobile,France,Direct,53,1,1
session_4392,user_1620,5/8/2025 21:52,checkout,Mobile,France,Direct,71,1,1
session_4392,user_1620,5/8/2025 21:55,confirmation,Mobile,France,Direct,172,0,1
session_4393,user_2608,6/20/2025 21:47,home,Tablet,UK,Social Media,66,0,1
session_4393,user_2608,6/20/2025 21:47,product_page,Tablet,UK,Social Media,37,5,1
session_4393,user_2608,6/20/2025 21:48,cart,Tablet,UK,Social Media,39,5,1
session_4393,user_2608,6/20/2025 21:50,checkout,Tablet,UK,Social Media,116,5,1
session_4393,user_2608,6/20/2025 21:51,confirmation,Tablet,UK,Social Media,53,0,1
session_4394,user_1255,5/26/2025 6:48,home,Mobile,India,Google,129,0,1
session_4394,user_1255,5/26/2025 6:50,product_page,Mobile,India,Google,163,0,1
session_4394,user_1255,5/26/2025 6:53,cart,Mobile,India,Google,154,3,1
session_4394,user_1255,5/26/2025 6:55,checkout,Mobile,India,Google,113,3,1
session_4394,user_1255,5/26/2025 6:58,confirmation,Mobile,India,Google,174,0,1
session_4395,user_2679,6/19/2025 23:09,home,Tablet,India,Email,132,0,1
session_4395,user_2679,6/19/2025 23:10,product_page,Tablet,India,Email,24,0,1
session_4395,user_2679,6/19/2025 23:12,cart,Tablet,India,Email,125,0,1
session_4395,user_2679,6/19/2025 23:15,checkout,Tablet,India,Email,176,1,1
session_4395,user_2679,6/19/2025 23:16,confirmation,Tablet,India,Email,112,0,1
session_4396,user_2166,1/2/2025 3:42,home,Desktop,Canada,Direct,59,0,0
session_4397,user_1963,3/29/2025 23:21,home,Tablet,USA,Social Media,109,0,0
session_4398,user_2397,6/16/2025 1:22,home,Tablet,India,Direct,105,0,0
session_4398,user_2397,6/16/2025 1:24,product_page,Tablet,India,Direct,121,2,0
session_4399,user_1939,3/3/2025 19:50,home,Desktop,USA,Direct,144,0,0
session_4399,user_1939,3/3/2025 19:52,product_page,Desktop,USA,Direct,136,2,0
session_4399,user_1939,3/3/2025 19:54,cart,Desktop,USA,Direct,113,2,0
session_4400,user_1342,7/19/2025 11:02,home,Mobile,India,Social Media,34,0,1
session_4400,user_1342,7/19/2025 11:04,product_page,Mobile,India,Social Media,81,0,1
session_4400,user_1342,7/19/2025 11:05,cart,Mobile,India,Social Media,109,1,1
session_4400,user_1342,7/19/2025 11:06,checkout,Mobile,India,Social Media,43,1,1
session_4400,user_1342,7/19/2025 11:09,confirmation,Mobile,India,Social Media,151,0,1
session_4401,user_1975,5/9/2025 2:04,home,Mobile,Canada,Google,136,0,0
session_4401,user_1975,5/9/2025 2:06,product_page,Mobile,Canada,Google,125,4,0
session_4402,user_1176,6/19/2025 6:11,home,Mobile,USA,Google,124,0,0
session_4402,user_1176,6/19/2025 6:12,product_page,Mobile,USA,Google,92,0,0
session_4402,user_1176,6/19/2025 6:13,cart,Mobile,USA,Google,25,4,0
session_4403,user_2274,2/8/2025 4:52,home,Desktop,India,Email,153,0,0
session_4403,user_2274,2/8/2025 4:53,product_page,Desktop,India,Email,42,3,0
session_4404,user_1019,8/26/2025 7:49,home,Tablet,Germany,Google,71,0,1
session_4404,user_1019,8/26/2025 7:50,product_page,Tablet,Germany,Google,103,0,1
session_4404,user_1019,8/26/2025 7:53,cart,Tablet,Germany,Google,169,0,1
session_4404,user_1019,8/26/2025 7:55,checkout,Tablet,Germany,Google,120,3,1
session_4404,user_1019,8/26/2025 7:56,confirmation,Tablet,Germany,Google,26,0,1
session_4405,user_2674,6/21/2025 13:14,home,Tablet,France,Social Media,160,0,0
session_4405,user_2674,6/21/2025 13:15,product_page,Tablet,France,Social Media,53,0,0
session_4406,user_2531,5/17/2025 11:06,home,Mobile,UK,Google,90,0,0
session_4406,user_2531,5/17/2025 11:09,product_page,Mobile,UK,Google,165,2,0
session_4407,user_2440,1/25/2025 22:18,home,Mobile,UK,Social Media,77,0,0
session_4407,user_2440,1/25/2025 22:19,product_page,Mobile,UK,Social Media,50,4,0
session_4407,user_2440,1/25/2025 22:19,cart,Mobile,UK,Social Media,17,4,0
session_4408,user_2616,2/4/2025 19:48,home,Tablet,France,Email,43,0,0
session_4408,user_2616,2/4/2025 19:50,product_page,Tablet,France,Email,120,0,0
session_4409,user_1450,2/15/2025 12:54,home,Tablet,Germany,Email,96,0,0
session_4410,user_1024,8/2/2025 14:21,home,Desktop,France,Direct,35,0,0
session_4410,user_1024,8/2/2025 14:21,product_page,Desktop,France,Direct,40,5,0
session_4411,user_2398,2/8/2025 5:56,home,Mobile,USA,Google,137,0,1
session_4411,user_2398,2/8/2025 5:57,product_page,Mobile,USA,Google,42,1,1
session_4411,user_2398,2/8/2025 5:58,cart,Mobile,USA,Google,74,1,1
session_4411,user_2398,2/8/2025 6:01,checkout,Mobile,USA,Google,127,1,1
session_4411,user_2398,2/8/2025 6:03,confirmation,Mobile,USA,Google,176,0,1
session_4412,user_2565,8/9/2025 18:49,home,Mobile,USA,Direct,46,0,0
session_4412,user_2565,8/9/2025 18:50,product_page,Mobile,USA,Direct,88,0,0
session_4413,user_2675,3/25/2025 14:57,home,Mobile,Canada,Direct,34,0,1
session_4413,user_2675,3/25/2025 14:59,product_page,Mobile,Canada,Direct,99,3,1
session_4413,user_2675,3/25/2025 14:59,cart,Mobile,Canada,Direct,34,3,1
session_4413,user_2675,3/25/2025 15:01,checkout,Mobile,Canada,Direct,125,3,1
session_4413,user_2675,3/25/2025 15:02,confirmation,Mobile,Canada,Direct,33,0,1
session_4414,user_1865,1/28/2025 3:31,home,Tablet,India,Google,16,0,0
session_4415,user_1315,3/16/2025 13:03,home,Desktop,USA,Email,173,0,0
session_4415,user_1315,3/16/2025 13:06,product_page,Desktop,USA,Email,162,0,0
session_4416,user_2410,7/1/2025 3:50,home,Mobile,France,Direct,124,0,0
session_4416,user_2410,7/1/2025 3:53,product_page,Mobile,France,Direct,177,0,0
session_4416,user_2410,7/1/2025 3:54,cart,Mobile,France,Direct,42,2,0
session_4417,user_2511,7/8/2025 3:43,home,Tablet,Canada,Email,101,0,1
session_4417,user_2511,7/8/2025 3:45,product_page,Tablet,Canada,Email,94,2,1
session_4417,user_2511,7/8/2025 3:46,cart,Tablet,Canada,Email,77,2,1
session_4417,user_2511,7/8/2025 3:49,checkout,Tablet,Canada,Email,159,2,1
session_4417,user_2511,7/8/2025 3:50,confirmation,Tablet,Canada,Email,94,0,1
session_4418,user_2706,3/16/2025 6:03,home,Mobile,India,Google,92,0,1
session_4418,user_2706,3/16/2025 6:03,product_page,Mobile,India,Google,27,0,1
session_4418,user_2706,3/16/2025 6:05,cart,Mobile,India,Google,96,0,1
session_4418,user_2706,3/16/2025 6:07,checkout,Mobile,India,Google,126,2,1
session_4418,user_2706,3/16/2025 6:08,confirmation,Mobile,India,Google,55,0,1
session_4419,user_1120,8/30/2025 10:42,home,Desktop,France,Google,158,0,1
session_4419,user_1120,8/30/2025 10:44,product_page,Desktop,France,Google,134,2,1
session_4419,user_1120,8/30/2025 10:45,cart,Desktop,France,Google,47,2,1
session_4419,user_1120,8/30/2025 10:46,checkout,Desktop,France,Google,23,2,1
session_4419,user_1120,8/30/2025 10:47,confirmation,Desktop,France,Google,64,0,1
session_4420,user_2847,8/24/2025 1:16,home,Mobile,USA,Email,22,0,0
session_4420,user_2847,8/24/2025 1:19,product_page,Mobile,USA,Email,171,0,0
session_4421,user_1792,1/22/2025 17:00,home,Mobile,France,Email,126,0,1
session_4421,user_1792,1/22/2025 17:02,product_page,Mobile,France,Email,112,1,1
session_4421,user_1792,1/22/2025 17:04,cart,Mobile,France,Email,132,1,1
session_4421,user_1792,1/22/2025 17:04,checkout,Mobile,France,Email,28,1,1
session_4421,user_1792,1/22/2025 17:05,confirmation,Mobile,France,Email,24,0,1
session_4422,user_2802,2/20/2025 15:31,home,Tablet,India,Social Media,29,0,0
session_4422,user_2802,2/20/2025 15:32,product_page,Tablet,India,Social Media,91,1,0
session_4423,user_1525,1/26/2025 8:28,home,Tablet,France,Direct,178,0,1
session_4423,user_1525,1/26/2025 8:28,product_page,Tablet,France,Direct,15,0,1
session_4423,user_1525,1/26/2025 8:31,cart,Tablet,France,Direct,129,5,1
session_4423,user_1525,1/26/2025 8:32,checkout,Tablet,France,Direct,61,5,1
session_4423,user_1525,1/26/2025 8:34,confirmation,Tablet,France,Direct,137,0,1
session_4424,user_2806,4/27/2025 8:35,home,Desktop,UK,Email,161,0,0
session_4424,user_2806,4/27/2025 8:36,product_page,Desktop,UK,Email,64,2,0
session_4425,user_2127,6/7/2025 10:33,home,Tablet,UK,Email,103,0,0
session_4425,user_2127,6/7/2025 10:34,product_page,Tablet,UK,Email,71,0,0
session_4426,user_2175,7/30/2025 11:49,home,Desktop,France,Social Media,61,0,0
session_4426,user_2175,7/30/2025 11:50,product_page,Desktop,France,Social Media,54,0,0
session_4427,user_2582,1/10/2025 11:33,home,Tablet,UK,Email,118,0,0
session_4427,user_2582,1/10/2025 11:36,product_page,Tablet,UK,Email,137,3,0
session_4428,user_2292,7/31/2025 17:52,home,Mobile,India,Email,29,0,0
session_4428,user_2292,7/31/2025 17:54,product_page,Mobile,India,Email,86,3,0
session_4429,user_1411,6/15/2025 18:05,home,Desktop,India,Google,101,0,0
session_4429,user_1411,6/15/2025 18:08,product_page,Desktop,India,Google,175,0,0
session_4430,user_1370,5/24/2025 4:51,home,Tablet,India,Google,85,0,0
session_4430,user_1370,5/24/2025 4:53,product_page,Tablet,India,Google,142,5,0
session_4430,user_1370,5/24/2025 4:56,cart,Tablet,India,Google,176,5,0
session_4431,user_1984,1/13/2025 3:08,home,Desktop,France,Social Media,109,0,0
session_4432,user_2846,4/16/2025 20:34,home,Tablet,Germany,Social Media,144,0,0
session_4433,user_1177,3/11/2025 16:44,home,Mobile,UK,Email,167,0,0
session_4433,user_1177,3/11/2025 16:47,product_page,Mobile,UK,Email,133,0,0
session_4434,user_2016,1/17/2025 14:43,home,Desktop,UK,Google,114,0,1
session_4434,user_2016,1/17/2025 14:45,product_page,Desktop,UK,Google,107,3,1
session_4434,user_2016,1/17/2025 14:46,cart,Desktop,UK,Google,60,3,1
session_4434,user_2016,1/17/2025 14:46,checkout,Desktop,UK,Google,29,3,1
session_4434,user_2016,1/17/2025 14:47,confirmation,Desktop,UK,Google,75,0,1
session_4435,user_2876,3/21/2025 15:32,home,Mobile,Australia,Email,108,0,0
session_4435,user_2876,3/21/2025 15:33,product_page,Mobile,Australia,Email,64,0,0
session_4436,user_2509,6/26/2025 8:55,home,Desktop,India,Email,173,0,0
session_4436,user_2509,6/26/2025 8:56,product_page,Desktop,India,Email,58,2,0
session_4437,user_2378,7/31/2025 17:53,home,Tablet,Canada,Social Media,84,0,0
session_4438,user_2193,5/28/2025 23:29,home,Desktop,France,Social Media,17,0,0
session_4438,user_2193,5/28/2025 23:30,product_page,Desktop,France,Social Media,62,4,0
session_4438,user_2193,5/28/2025 23:32,cart,Desktop,France,Social Media,148,4,0
session_4439,user_1563,8/8/2025 4:31,home,Tablet,India,Direct,62,0,1
session_4439,user_1563,8/8/2025 4:33,product_page,Tablet,India,Direct,95,5,1
session_4439,user_1563,8/8/2025 4:33,cart,Tablet,India,Direct,16,5,1
session_4439,user_1563,8/8/2025 4:34,checkout,Tablet,India,Direct,21,5,1
session_4439,user_1563,8/8/2025 4:35,confirmation,Tablet,India,Direct,67,0,1
session_4440,user_1041,6/23/2025 15:34,home,Desktop,USA,Social Media,76,0,1
session_4440,user_1041,6/23/2025 15:36,product_page,Desktop,USA,Social Media,105,1,1
session_4440,user_1041,6/23/2025 15:36,cart,Desktop,USA,Social Media,33,1,1
session_4440,user_1041,6/23/2025 15:37,checkout,Desktop,USA,Social Media,26,1,1
session_4440,user_1041,6/23/2025 15:38,confirmation,Desktop,USA,Social Media,91,0,1
session_4441,user_2987,7/9/2025 19:45,home,Mobile,Canada,Email,133,0,0
session_4441,user_2987,7/9/2025 19:48,product_page,Mobile,Canada,Email,173,3,0
session_4442,user_2863,7/21/2025 18:23,home,Tablet,UK,Email,138,0,1
session_4442,user_2863,7/21/2025 18:26,product_page,Tablet,UK,Email,166,0,1
session_4442,user_2863,7/21/2025 18:28,cart,Tablet,UK,Email,95,0,1
session_4442,user_2863,7/21/2025 18:28,checkout,Tablet,UK,Email,26,3,1
session_4442,user_2863,7/21/2025 18:30,confirmation,Tablet,UK,Email,119,0,1
session_4443,user_2131,2/8/2025 21:48,home,Mobile,India,Direct,144,0,0
session_4444,user_2831,6/12/2025 3:05,home,Mobile,Australia,Email,65,0,0
session_4444,user_2831,6/12/2025 3:06,product_page,Mobile,Australia,Email,89,4,0
session_4445,user_1402,7/7/2025 8:02,home,Mobile,France,Direct,70,0,0
session_4445,user_1402,7/7/2025 8:04,product_page,Mobile,France,Direct,123,0,0
session_4446,user_2379,8/16/2025 8:30,home,Desktop,Germany,Google,170,0,0
session_4446,user_2379,8/16/2025 8:31,product_page,Desktop,Germany,Google,40,3,0
session_4447,user_2319,2/20/2025 23:11,home,Mobile,Canada,Google,110,0,0
session_4448,user_1888,3/22/2025 15:44,home,Tablet,Australia,Direct,133,0,0
session_4448,user_1888,3/22/2025 15:45,product_page,Tablet,Australia,Direct,41,4,0
session_4449,user_2100,1/13/2025 5:01,home,Tablet,Australia,Google,42,0,0
session_4450,user_2104,6/3/2025 10:09,home,Desktop,Germany,Direct,136,0,0
session_4450,user_2104,6/3/2025 10:12,product_page,Desktop,Germany,Direct,171,4,0
session_4451,user_1232,7/15/2025 20:59,home,Tablet,Canada,Google,60,0,1
session_4451,user_1232,7/15/2025 21:01,product_page,Tablet,Canada,Google,106,3,1
session_4451,user_1232,7/15/2025 21:04,cart,Tablet,Canada,Google,157,3,1
session_4451,user_1232,7/15/2025 21:06,checkout,Tablet,Canada,Google,141,3,1
session_4451,user_1232,7/15/2025 21:08,confirmation,Tablet,Canada,Google,112,0,1
session_4452,user_1625,5/3/2025 0:08,home,Mobile,Canada,Direct,81,0,0
session_4452,user_1625,5/3/2025 0:11,product_page,Mobile,Canada,Direct,171,4,0
session_4453,user_2778,5/29/2025 6:24,home,Mobile,Canada,Email,140,0,0
session_4453,user_2778,5/29/2025 6:25,product_page,Mobile,Canada,Email,63,2,0
session_4454,user_2858,7/31/2025 4:48,home,Mobile,Canada,Google,66,0,0
session_4454,user_2858,7/31/2025 4:51,product_page,Mobile,Canada,Google,157,0,0
session_4455,user_2051,1/15/2025 6:00,home,Tablet,India,Email,109,0,0
session_4455,user_2051,1/15/2025 6:02,product_page,Tablet,India,Email,112,3,0
session_4456,user_1975,6/27/2025 13:49,home,Desktop,UK,Email,98,0,0
session_4457,user_1527,8/21/2025 20:18,home,Mobile,France,Google,32,0,1
session_4457,user_1527,8/21/2025 20:19,product_page,Mobile,France,Google,77,1,1
session_4457,user_1527,8/21/2025 20:20,cart,Mobile,France,Google,46,1,1
session_4457,user_1527,8/21/2025 20:21,checkout,Mobile,France,Google,36,1,1
session_4457,user_1527,8/21/2025 20:23,confirmation,Mobile,France,Google,110,0,1
session_4458,user_1364,8/4/2025 0:32,home,Tablet,USA,Email,156,0,0
session_4459,user_1196,4/26/2025 15:23,home,Mobile,UK,Social Media,66,0,0
session_4460,user_2040,6/13/2025 12:49,home,Mobile,Germany,Email,175,0,1
session_4460,user_2040,6/13/2025 12:51,product_page,Mobile,Germany,Email,92,1,1
session_4460,user_2040,6/13/2025 12:53,cart,Mobile,Germany,Email,125,1,1
session_4460,user_2040,6/13/2025 12:54,checkout,Mobile,Germany,Email,80,1,1
session_4460,user_2040,6/13/2025 12:57,confirmation,Mobile,Germany,Email,174,0,1
session_4461,user_1378,2/19/2025 12:25,home,Desktop,Canada,Direct,168,0,0
session_4461,user_1378,2/19/2025 12:27,product_page,Desktop,Canada,Direct,126,0,0
session_4462,user_2138,8/10/2025 9:14,home,Desktop,Canada,Direct,91,0,1
session_4462,user_2138,8/10/2025 9:15,product_page,Desktop,Canada,Direct,24,1,1
session_4462,user_2138,8/10/2025 9:16,cart,Desktop,Canada,Direct,88,1,1
session_4462,user_2138,8/10/2025 9:17,checkout,Desktop,Canada,Direct,72,1,1
session_4462,user_2138,8/10/2025 9:19,confirmation,Desktop,Canada,Direct,125,0,1
session_4463,user_2779,8/3/2025 2:51,home,Tablet,India,Email,90,0,0
session_4463,user_2779,8/3/2025 2:53,product_page,Tablet,India,Email,135,0,0
session_4463,user_2779,8/3/2025 2:55,cart,Tablet,India,Email,107,5,0
session_4464,user_2484,3/17/2025 20:11,home,Tablet,India,Google,178,0,0
session_4464,user_2484,3/17/2025 20:12,product_page,Tablet,India,Google,16,2,0
session_4464,user_2484,3/17/2025 20:14,cart,Tablet,India,Google,127,2,0
session_4465,user_1996,2/23/2025 13:28,home,Mobile,USA,Google,151,0,1
session_4465,user_1996,2/23/2025 13:28,product_page,Mobile,USA,Google,27,2,1
session_4465,user_1996,2/23/2025 13:31,cart,Mobile,USA,Google,179,2,1
session_4465,user_1996,2/23/2025 13:33,checkout,Mobile,USA,Google,97,2,1
session_4465,user_1996,2/23/2025 13:34,confirmation,Mobile,USA,Google,42,0,1
session_4466,user_1327,1/25/2025 0:27,home,Desktop,Germany,Social Media,157,0,0
session_4466,user_1327,1/25/2025 0:28,product_page,Desktop,Germany,Social Media,98,0,0
session_4467,user_1507,1/21/2025 5:30,home,Tablet,India,Social Media,44,0,0
session_4467,user_1507,1/21/2025 5:31,product_page,Tablet,India,Social Media,47,0,0
session_4468,user_2312,7/13/2025 16:58,home,Mobile,UK,Social Media,142,0,0
session_4468,user_2312,7/13/2025 17:00,product_page,Mobile,UK,Social Media,117,5,0
session_4469,user_2492,3/9/2025 12:07,home,Desktop,UK,Google,40,0,0
session_4469,user_2492,3/9/2025 12:09,product_page,Desktop,UK,Google,107,0,0
session_4470,user_1347,5/8/2025 14:41,home,Desktop,Australia,Social Media,95,0,0
session_4470,user_1347,5/8/2025 14:43,product_page,Desktop,Australia,Social Media,146,1,0
session_4471,user_1266,6/28/2025 13:03,home,Mobile,Germany,Direct,166,0,1
session_4471,user_1266,6/28/2025 13:04,product_page,Mobile,Germany,Direct,76,4,1
session_4471,user_1266,6/28/2025 13:06,cart,Mobile,Germany,Direct,111,4,1
session_4471,user_1266,6/28/2025 13:07,checkout,Mobile,Germany,Direct,33,4,1
session_4471,user_1266,6/28/2025 13:08,confirmation,Mobile,Germany,Direct,102,0,1
session_4472,user_1403,2/14/2025 2:15,home,Mobile,Australia,Social Media,153,0,0
session_4473,user_2666,6/2/2025 1:51,home,Tablet,Canada,Social Media,46,0,0
session_4473,user_2666,6/2/2025 1:54,product_page,Tablet,Canada,Social Media,165,5,0
session_4474,user_2033,2/7/2025 12:41,home,Mobile,UK,Google,62,0,0
session_4474,user_2033,2/7/2025 12:44,product_page,Mobile,UK,Google,150,3,0
session_4475,user_1164,8/27/2025 12:15,home,Mobile,India,Email,108,0,0
session_4475,user_1164,8/27/2025 12:17,product_page,Mobile,India,Email,103,0,0
session_4476,user_1833,3/6/2025 10:27,home,Desktop,France,Email,59,0,0
session_4476,user_1833,3/6/2025 10:29,product_page,Desktop,France,Email,86,0,0
session_4477,user_2797,7/5/2025 21:21,home,Desktop,Canada,Social Media,177,0,1
session_4477,user_2797,7/5/2025 21:23,product_page,Desktop,Canada,Social Media,70,4,1
session_4477,user_2797,7/5/2025 21:23,cart,Desktop,Canada,Social Media,36,4,1
session_4477,user_2797,7/5/2025 21:24,checkout,Desktop,Canada,Social Media,51,4,1
session_4477,user_2797,7/5/2025 21:26,confirmation,Desktop,Canada,Social Media,107,0,1
session_4478,user_1653,1/17/2025 7:12,home,Desktop,Canada,Social Media,131,0,0
session_4478,user_1653,1/17/2025 7:15,product_page,Desktop,Canada,Social Media,172,0,0
session_4478,user_1653,1/17/2025 7:17,cart,Desktop,Canada,Social Media,110,3,0
session_4478,user_1653,1/17/2025 7:19,checkout,Desktop,Canada,Social Media,125,3,0
session_4479,user_1417,8/5/2025 9:08,home,Tablet,Australia,Google,39,0,0
session_4479,user_1417,8/5/2025 9:11,product_page,Tablet,Australia,Google,147,0,0
session_4479,user_1417,8/5/2025 9:13,cart,Tablet,Australia,Google,107,2,0
session_4480,user_2041,4/11/2025 23:09,home,Tablet,UK,Direct,60,0,0
session_4480,user_2041,4/11/2025 23:10,product_page,Tablet,UK,Direct,21,2,0
session_4481,user_2661,8/18/2025 14:54,home,Desktop,UK,Social Media,42,0,0
session_4481,user_2661,8/18/2025 14:55,product_page,Desktop,UK,Social Media,46,3,0
session_4482,user_2262,4/4/2025 19:58,home,Tablet,UK,Direct,97,0,0
session_4482,user_2262,4/4/2025 19:59,product_page,Tablet,UK,Direct,22,5,0
session_4483,user_1366,6/8/2025 14:42,home,Mobile,France,Google,84,0,0
session_4484,user_1053,3/29/2025 9:45,home,Tablet,Canada,Social Media,164,0,1
session_4484,user_1053,3/29/2025 9:46,product_page,Tablet,Canada,Social Media,69,2,1
session_4484,user_1053,3/29/2025 9:48,cart,Tablet,Canada,Social Media,153,2,1
session_4484,user_1053,3/29/2025 9:50,checkout,Tablet,Canada,Social Media,100,2,1
session_4484,user_1053,3/29/2025 9:53,confirmation,Tablet,Canada,Social Media,171,0,1
session_4485,user_2964,8/16/2025 0:22,home,Tablet,France,Email,132,0,1
session_4485,user_2964,8/16/2025 0:24,product_page,Tablet,France,Email,118,2,1
session_4485,user_2964,8/16/2025 0:25,cart,Tablet,France,Email,81,2,1
session_4485,user_2964,8/16/2025 0:26,checkout,Tablet,France,Email,39,2,1
session_4485,user_2964,8/16/2025 0:27,confirmation,Tablet,France,Email,62,0,1
session_4486,user_1809,6/6/2025 3:57,home,Tablet,India,Social Media,28,0,0
session_4486,user_1809,6/6/2025 3:59,product_page,Tablet,India,Social Media,121,5,0
session_4487,user_1627,2/23/2025 13:00,home,Desktop,Germany,Direct,142,0,0
session_4487,user_1627,2/23/2025 13:00,product_page,Desktop,Germany,Direct,37,5,0
session_4488,user_1541,6/2/2025 6:15,home,Mobile,India,Direct,16,0,0
session_4488,user_1541,6/2/2025 6:18,product_page,Mobile,India,Direct,179,4,0
session_4489,user_1567,1/17/2025 9:23,home,Desktop,UK,Email,178,0,0
session_4489,user_1567,1/17/2025 9:25,product_page,Desktop,UK,Email,114,3,0
session_4490,user_2924,2/12/2025 19:43,home,Desktop,Canada,Social Media,149,0,0
session_4491,user_2023,5/11/2025 5:44,home,Desktop,USA,Email,163,0,1
session_4491,user_2023,5/11/2025 5:46,product_page,Desktop,USA,Email,124,3,1
session_4491,user_2023,5/11/2025 5:48,cart,Desktop,USA,Email,132,3,1
session_4491,user_2023,5/11/2025 5:51,checkout,Desktop,USA,Email,166,3,1
session_4491,user_2023,5/11/2025 5:52,confirmation,Desktop,USA,Email,84,0,1
session_4492,user_2794,1/13/2025 4:08,home,Tablet,Canada,Social Media,18,0,0
session_4492,user_2794,1/13/2025 4:08,product_page,Tablet,Canada,Social Media,52,0,0
session_4493,user_2282,2/24/2025 1:35,home,Desktop,India,Social Media,162,0,0
session_4493,user_2282,2/24/2025 1:37,product_page,Desktop,India,Social Media,109,1,0
session_4494,user_1699,5/1/2025 2:10,home,Mobile,France,Google,26,0,1
session_4494,user_1699,5/1/2025 2:12,product_page,Mobile,France,Google,133,3,1
session_4494,user_1699,5/1/2025 2:14,cart,Mobile,France,Google,90,3,1
session_4494,user_1699,5/1/2025 2:16,checkout,Mobile,France,Google,129,3,1
session_4494,user_1699,5/1/2025 2:16,confirmation,Mobile,France,Google,27,0,1
session_4495,user_1563,2/2/2025 23:23,home,Tablet,Canada,Social Media,44,0,0
session_4496,user_2403,4/6/2025 22:52,home,Mobile,USA,Social Media,54,0,0
session_4497,user_1553,6/4/2025 1:52,home,Desktop,France,Email,15,0,0
session_4497,user_1553,6/4/2025 1:54,product_page,Desktop,France,Email,138,0,0
session_4497,user_1553,6/4/2025 1:56,cart,Desktop,France,Email,111,1,0
session_4497,user_1553,6/4/2025 1:58,checkout,Desktop,France,Email,137,1,0
session_4498,user_1621,8/19/2025 8:22,home,Mobile,Germany,Social Media,17,0,0
session_4499,user_2009,8/25/2025 0:15,home,Desktop,USA,Social Media,147,0,1
session_4499,user_2009,8/25/2025 0:16,product_page,Desktop,USA,Social Media,28,0,1
session_4499,user_2009,8/25/2025 0:16,cart,Desktop,USA,Social Media,29,3,1
session_4499,user_2009,8/25/2025 0:18,checkout,Desktop,USA,Social Media,102,3,1
session_4499,user_2009,8/25/2025 0:21,confirmation,Desktop,USA,Social Media,166,0,1
session_4500,user_1305,3/19/2025 21:50,home,Mobile,Canada,Direct,140,0,0
session_4501,user_2620,6/1/2025 17:04,home,Tablet,Germany,Direct,114,0,0
session_4502,user_2259,4/27/2025 8:34,home,Mobile,Australia,Email,165,0,1
session_4502,user_2259,4/27/2025 8:35,product_page,Mobile,Australia,Email,37,0,1
session_4502,user_2259,4/27/2025 8:37,cart,Mobile,Australia,Email,152,2,1
session_4502,user_2259,4/27/2025 8:38,checkout,Mobile,Australia,Email,29,2,1
session_4502,user_2259,4/27/2025 8:41,confirmation,Mobile,Australia,Email,165,0,1
session_4503,user_1793,2/9/2025 13:01,home,Mobile,Canada,Google,98,0,0
session_4503,user_1793,2/9/2025 13:03,product_page,Mobile,Canada,Google,99,3,0
session_4503,user_1793,2/9/2025 13:06,cart,Mobile,Canada,Google,162,3,0
session_4504,user_1699,5/19/2025 9:59,home,Mobile,Germany,Social Media,138,0,0
session_4504,user_1699,5/19/2025 10:00,product_page,Mobile,Germany,Social Media,57,3,0
session_4505,user_1303,7/11/2025 3:17,home,Mobile,France,Social Media,162,0,1
session_4505,user_1303,7/11/2025 3:19,product_page,Mobile,France,Social Media,79,1,1
session_4505,user_1303,7/11/2025 3:21,cart,Mobile,France,Social Media,103,1,1
session_4505,user_1303,7/11/2025 3:22,checkout,Mobile,France,Social Media,69,1,1
session_4505,user_1303,7/11/2025 3:23,confirmation,Mobile,France,Social Media,84,0,1
session_4506,user_1278,8/16/2025 0:06,home,Desktop,Australia,Google,152,0,0
session_4506,user_1278,8/16/2025 0:06,product_page,Desktop,Australia,Google,51,3,0
session_4507,user_2386,2/22/2025 3:12,home,Desktop,Australia,Direct,34,0,0
session_4507,user_2386,2/22/2025 3:13,product_page,Desktop,Australia,Direct,107,0,0
session_4507,user_2386,2/22/2025 3:15,cart,Desktop,Australia,Direct,130,3,0
session_4508,user_2864,3/3/2025 8:09,home,Desktop,UK,Email,34,0,0
session_4509,user_1760,6/23/2025 18:18,home,Desktop,India,Email,137,0,0
session_4509,user_1760,6/23/2025 18:19,product_page,Desktop,India,Email,43,0,0
session_4509,user_1760,6/23/2025 18:19,cart,Desktop,India,Email,21,4,0
session_4510,user_1783,4/7/2025 15:04,home,Desktop,Germany,Google,66,0,0
session_4510,user_1783,4/7/2025 15:05,product_page,Desktop,Germany,Google,46,5,0
session_4511,user_1407,1/7/2025 1:31,home,Mobile,USA,Email,53,0,0
session_4511,user_1407,1/7/2025 1:31,product_page,Mobile,USA,Email,36,4,0
session_4512,user_1385,2/3/2025 9:51,home,Tablet,France,Direct,168,0,0
session_4513,user_2231,4/5/2025 19:45,home,Mobile,USA,Direct,166,0,0
session_4514,user_2679,6/22/2025 3:22,home,Tablet,Germany,Email,154,0,0
session_4515,user_1637,4/28/2025 8:10,home,Desktop,Germany,Social Media,107,0,0
session_4516,user_2077,7/5/2025 0:57,home,Tablet,UK,Direct,87,0,0
session_4516,user_2077,7/5/2025 0:58,product_page,Tablet,UK,Direct,42,5,0
session_4517,user_2721,1/23/2025 12:19,home,Tablet,Canada,Google,103,0,1
session_4517,user_2721,1/23/2025 12:21,product_page,Tablet,Canada,Google,147,1,1
session_4517,user_2721,1/23/2025 12:22,cart,Tablet,Canada,Google,56,1,1
session_4517,user_2721,1/23/2025 12:24,checkout,Tablet,Canada,Google,141,1,1
session_4517,user_2721,1/23/2025 12:25,confirmation,Tablet,Canada,Google,45,0,1
session_4518,user_1052,7/9/2025 13:47,home,Mobile,USA,Google,141,0,0
session_4518,user_1052,7/9/2025 13:49,product_page,Mobile,USA,Google,125,0,0
session_4518,user_1052,7/9/2025 13:50,cart,Mobile,USA,Google,57,5,0
session_4519,user_1487,4/26/2025 13:29,home,Mobile,Germany,Social Media,99,0,0
session_4519,user_1487,4/26/2025 13:31,product_page,Mobile,Germany,Social Media,162,0,0
session_4520,user_2339,7/31/2025 12:59,home,Mobile,India,Google,86,0,1
session_4520,user_2339,7/31/2025 13:01,product_page,Mobile,India,Google,116,0,1
session_4520,user_2339,7/31/2025 13:03,cart,Mobile,India,Google,164,1,1
session_4520,user_2339,7/31/2025 13:05,checkout,Mobile,India,Google,114,1,1
session_4520,user_2339,7/31/2025 13:06,confirmation,Mobile,India,Google,51,0,1
session_4521,user_1921,6/23/2025 13:48,home,Desktop,USA,Direct,136,0,1
session_4521,user_1921,6/23/2025 13:51,product_page,Desktop,USA,Direct,178,5,1
session_4521,user_1921,6/23/2025 13:54,cart,Desktop,USA,Direct,138,5,1
session_4521,user_1921,6/23/2025 13:55,checkout,Desktop,USA,Direct,62,5,1
session_4521,user_1921,6/23/2025 13:57,confirmation,Desktop,USA,Direct,140,0,1
session_4522,user_1926,3/11/2025 19:49,home,Desktop,UK,Google,171,0,0
session_4522,user_1926,3/11/2025 19:51,product_page,Desktop,UK,Google,119,4,0
session_4523,user_1398,1/26/2025 5:22,home,Tablet,UK,Google,18,0,0
session_4523,user_1398,1/26/2025 5:22,product_page,Tablet,UK,Google,40,0,0
session_4524,user_1802,3/7/2025 15:46,home,Desktop,USA,Direct,73,0,0
session_4525,user_2526,1/27/2025 7:10,home,Desktop,UK,Social Media,151,0,0
session_4525,user_2526,1/27/2025 7:11,product_page,Desktop,UK,Social Media,61,1,0
session_4526,user_1258,3/29/2025 22:54,home,Desktop,USA,Social Media,149,0,1
session_4526,user_1258,3/29/2025 22:57,product_page,Desktop,USA,Social Media,166,0,1
session_4526,user_1258,3/29/2025 22:59,cart,Desktop,USA,Social Media,147,4,1
session_4526,user_1258,3/29/2025 23:02,checkout,Desktop,USA,Social Media,168,4,1
session_4526,user_1258,3/29/2025 23:04,confirmation,Desktop,USA,Social Media,122,0,1
session_4527,user_1240,3/5/2025 13:18,home,Tablet,UK,Google,70,0,0
session_4527,user_1240,3/5/2025 13:20,product_page,Tablet,UK,Google,159,4,0
session_4527,user_1240,3/5/2025 13:22,cart,Tablet,UK,Google,74,4,0
session_4528,user_1691,7/17/2025 0:55,home,Mobile,Australia,Email,124,0,0
session_4528,user_1691,7/17/2025 0:57,product_page,Mobile,Australia,Email,158,0,0
session_4529,user_2699,1/14/2025 19:07,home,Mobile,France,Direct,72,0,0
session_4529,user_2699,1/14/2025 19:08,product_page,Mobile,France,Direct,47,0,0
session_4529,user_2699,1/14/2025 19:10,cart,Mobile,France,Direct,119,1,0
session_4530,user_2048,7/26/2025 14:17,home,Desktop,UK,Direct,83,0,0
session_4530,user_2048,7/26/2025 14:18,product_page,Desktop,UK,Direct,58,1,0
session_4531,user_2727,7/21/2025 2:58,home,Mobile,UK,Social Media,17,0,0
session_4531,user_2727,7/21/2025 2:59,product_page,Mobile,UK,Social Media,57,3,0
session_4532,user_1922,2/7/2025 18:10,home,Tablet,India,Social Media,53,0,0
session_4532,user_1922,2/7/2025 18:11,product_page,Tablet,India,Social Media,69,2,0
session_4533,user_2713,3/15/2025 13:16,home,Mobile,France,Google,176,0,0
session_4533,user_2713,3/15/2025 13:17,product_page,Mobile,France,Google,57,0,0
session_4534,user_2276,8/5/2025 20:57,home,Tablet,India,Email,50,0,0
session_4534,user_2276,8/5/2025 20:59,product_page,Tablet,India,Email,118,0,0
session_4535,user_2992,1/26/2025 15:27,home,Tablet,Germany,Direct,122,0,0
session_4535,user_2992,1/26/2025 15:28,product_page,Tablet,Germany,Direct,59,0,0
session_4536,user_1520,4/7/2025 4:38,home,Mobile,Germany,Google,85,0,0
session_4537,user_1770,1/11/2025 1:47,home,Mobile,Germany,Social Media,31,0,1
session_4537,user_1770,1/11/2025 1:49,product_page,Mobile,Germany,Social Media,98,4,1
session_4537,user_1770,1/11/2025 1:52,cart,Mobile,Germany,Social Media,158,4,1
session_4537,user_1770,1/11/2025 1:54,checkout,Mobile,Germany,Social Media,166,4,1
session_4537,user_1770,1/11/2025 1:57,confirmation,Mobile,Germany,Social Media,178,0,1
session_4538,user_2403,1/26/2025 15:56,home,Mobile,Canada,Google,81,0,0
session_4538,user_2403,1/26/2025 15:57,product_page,Mobile,Canada,Google,33,1,0
session_4539,user_1830,3/8/2025 18:51,home,Mobile,Australia,Social Media,99,0,0
session_4539,user_1830,3/8/2025 18:51,product_page,Mobile,Australia,Social Media,18,3,0
session_4540,user_1982,6/22/2025 15:48,home,Tablet,Germany,Direct,103,0,0
session_4540,user_1982,6/22/2025 15:50,product_page,Tablet,Germany,Direct,110,4,0
session_4540,user_1982,6/22/2025 15:51,cart,Tablet,Germany,Direct,72,4,0
session_4540,user_1982,6/22/2025 15:51,checkout,Tablet,Germany,Direct,37,4,0
session_4541,user_2419,3/28/2025 18:42,home,Desktop,France,Social Media,160,0,0
session_4542,user_2367,1/14/2025 11:36,home,Tablet,USA,Direct,141,0,1
session_4542,user_2367,1/14/2025 11:38,product_page,Tablet,USA,Direct,100,2,1
session_4542,user_2367,1/14/2025 11:38,cart,Tablet,USA,Direct,32,2,1
session_4542,user_2367,1/14/2025 11:39,checkout,Tablet,USA,Direct,20,2,1
session_4542,user_2367,1/14/2025 11:41,confirmation,Tablet,USA,Direct,114,0,1
session_4543,user_1323,3/20/2025 9:23,home,Tablet,Canada,Google,147,0,0
session_4543,user_1323,3/20/2025 9:25,product_page,Tablet,Canada,Google,147,0,0
session_4544,user_1420,5/6/2025 7:28,home,Tablet,Germany,Email,78,0,0
session_4545,user_1305,5/22/2025 12:41,home,Tablet,USA,Email,93,0,1
session_4545,user_1305,5/22/2025 12:42,product_page,Tablet,USA,Email,41,2,1
session_4545,user_1305,5/22/2025 12:42,cart,Tablet,USA,Email,32,2,1
session_4545,user_1305,5/22/2025 12:45,checkout,Tablet,USA,Email,158,2,1
session_4545,user_1305,5/22/2025 12:46,confirmation,Tablet,USA,Email,64,0,1
session_4546,user_2170,2/12/2025 18:53,home,Desktop,Australia,Direct,88,0,0
session_4547,user_2887,5/30/2025 14:43,home,Tablet,France,Social Media,169,0,0
session_4547,user_2887,5/30/2025 14:44,product_page,Tablet,France,Social Media,28,0,0
session_4548,user_1436,7/31/2025 6:34,home,Mobile,Australia,Social Media,167,0,0
session_4548,user_1436,7/31/2025 6:35,product_page,Mobile,Australia,Social Media,60,1,0
session_4549,user_2668,8/12/2025 0:41,home,Mobile,USA,Google,108,0,0
session_4549,user_2668,8/12/2025 0:42,product_page,Mobile,USA,Google,94,3,0
session_4549,user_2668,8/12/2025 0:45,cart,Mobile,USA,Google,178,3,0
session_4550,user_2041,7/28/2025 23:15,home,Desktop,France,Social Media,144,0,1
session_4550,user_2041,7/28/2025 23:16,product_page,Desktop,France,Social Media,18,0,1
session_4550,user_2041,7/28/2025 23:18,cart,Desktop,France,Social Media,117,0,1
session_4550,user_2041,7/28/2025 23:18,checkout,Desktop,France,Social Media,47,2,1
session_4550,user_2041,7/28/2025 23:20,confirmation,Desktop,France,Social Media,128,0,1
session_4551,user_2986,8/22/2025 17:24,home,Desktop,India,Google,138,0,0
session_4551,user_2986,8/22/2025 17:26,product_page,Desktop,India,Google,110,0,0
session_4552,user_1224,1/1/2025 4:08,home,Desktop,Australia,Social Media,62,0,0
session_4553,user_1282,5/31/2025 7:29,home,Desktop,USA,Google,79,0,0
session_4554,user_1449,5/23/2025 2:54,home,Mobile,Germany,Email,141,0,0
session_4554,user_1449,5/23/2025 2:56,product_page,Mobile,Germany,Email,126,0,0
session_4555,user_2736,3/30/2025 9:05,home,Desktop,Australia,Google,142,0,0
session_4555,user_2736,3/30/2025 9:07,product_page,Desktop,Australia,Google,76,0,0
session_4556,user_2714,2/2/2025 18:54,home,Tablet,India,Email,94,0,0
session_4556,user_2714,2/2/2025 18:55,product_page,Tablet,India,Email,73,4,0
session_4557,user_1906,4/17/2025 6:01,home,Tablet,India,Email,70,0,0
session_4557,user_1906,4/17/2025 6:03,product_page,Tablet,India,Email,124,2,0
session_4557,user_1906,4/17/2025 6:05,cart,Tablet,India,Email,172,2,0
session_4558,user_2283,7/18/2025 0:11,home,Mobile,France,Social Media,86,0,0
session_4559,user_1116,8/17/2025 9:23,home,Desktop,Canada,Direct,137,0,1
session_4559,user_1116,8/17/2025 9:25,product_page,Desktop,Canada,Direct,154,3,1
session_4559,user_1116,8/17/2025 9:27,cart,Desktop,Canada,Direct,107,3,1
session_4559,user_1116,8/17/2025 9:29,checkout,Desktop,Canada,Direct,116,3,1
session_4559,user_1116,8/17/2025 9:31,confirmation,Desktop,Canada,Direct,106,0,1
session_4560,user_2229,4/4/2025 18:09,home,Tablet,USA,Google,129,0,0
session_4560,user_2229,4/4/2025 18:10,product_page,Tablet,USA,Google,77,1,0
session_4560,user_2229,4/4/2025 18:13,cart,Tablet,USA,Google,150,1,0
session_4561,user_1008,5/31/2025 3:10,home,Mobile,France,Direct,84,0,0
session_4562,user_1250,1/24/2025 17:15,home,Mobile,India,Direct,58,0,0
session_4562,user_1250,1/24/2025 17:17,product_page,Mobile,India,Direct,154,3,0
session_4563,user_1942,4/3/2025 6:53,home,Desktop,UK,Direct,140,0,0
session_4563,user_1942,4/3/2025 6:54,product_page,Desktop,UK,Direct,62,2,0
session_4564,user_1667,7/17/2025 8:11,home,Mobile,USA,Google,174,0,0
session_4564,user_1667,7/17/2025 8:13,product_page,Mobile,USA,Google,156,5,0
session_4565,user_1636,4/1/2025 22:59,home,Tablet,Australia,Google,60,0,0
session_4565,user_1636,4/1/2025 23:01,product_page,Tablet,Australia,Google,108,3,0
session_4565,user_1636,4/1/2025 23:02,cart,Tablet,Australia,Google,62,3,0
session_4566,user_2960,6/27/2025 7:05,home,Tablet,France,Google,36,0,0
session_4567,user_2862,7/22/2025 20:13,home,Mobile,Australia,Direct,77,0,0
session_4567,user_2862,7/22/2025 20:15,product_page,Mobile,Australia,Direct,110,0,0
session_4568,user_1032,8/26/2025 17:05,home,Tablet,Australia,Google,122,0,0
session_4568,user_1032,8/26/2025 17:05,product_page,Tablet,Australia,Google,17,4,0
session_4568,user_1032,8/26/2025 17:06,cart,Tablet,Australia,Google,54,4,0
session_4569,user_2877,1/6/2025 4:40,home,Mobile,India,Email,168,0,0
session_4570,user_2501,5/16/2025 4:22,home,Desktop,UK,Google,74,0,1
session_4570,user_2501,5/16/2025 4:24,product_page,Desktop,UK,Google,141,0,1
session_4570,user_2501,5/16/2025 4:25,cart,Desktop,UK,Google,89,3,1
session_4570,user_2501,5/16/2025 4:27,checkout,Desktop,UK,Google,118,3,1
session_4570,user_2501,5/16/2025 4:30,confirmation,Desktop,UK,Google,125,0,1
session_4571,user_2860,6/9/2025 1:43,home,Desktop,Germany,Google,121,0,0
session_4571,user_2860,6/9/2025 1:45,product_page,Desktop,Germany,Google,142,0,0
session_4572,user_1635,5/13/2025 21:42,home,Tablet,India,Social Media,109,0,0
session_4572,user_1635,5/13/2025 21:44,product_page,Tablet,India,Social Media,72,0,0
session_4573,user_2632,1/13/2025 8:22,home,Desktop,Canada,Direct,154,0,1
session_4573,user_2632,1/13/2025 8:23,product_page,Desktop,Canada,Direct,87,2,1
session_4573,user_2632,1/13/2025 8:24,cart,Desktop,Canada,Direct,22,2,1
session_4573,user_2632,1/13/2025 8:24,checkout,Desktop,Canada,Direct,51,2,1
session_4573,user_2632,1/13/2025 8:25,confirmation,Desktop,Canada,Direct,36,0,1
session_4574,user_1326,3/22/2025 12:05,home,Desktop,Germany,Email,128,0,0
session_4574,user_1326,3/22/2025 12:08,product_page,Desktop,Germany,Email,173,5,0
session_4575,user_1985,5/4/2025 20:18,home,Desktop,USA,Google,22,0,1
session_4575,user_1985,5/4/2025 20:21,product_page,Desktop,USA,Google,165,0,1
session_4575,user_1985,5/4/2025 20:22,cart,Desktop,USA,Google,107,0,1
session_4575,user_1985,5/4/2025 20:23,checkout,Desktop,USA,Google,21,2,1
session_4575,user_1985,5/4/2025 20:24,confirmation,Desktop,USA,Google,53,0,1
session_4576,user_2807,2/8/2025 20:21,home,Mobile,USA,Google,25,0,0
session_4576,user_2807,2/8/2025 20:23,product_page,Mobile,USA,Google,117,5,0
session_4577,user_1468,2/9/2025 5:54,home,Desktop,USA,Email,137,0,0
session_4577,user_1468,2/9/2025 5:57,product_page,Desktop,USA,Email,132,2,0
session_4577,user_1468,2/9/2025 5:58,cart,Desktop,USA,Email,73,2,0
session_4578,user_1559,1/6/2025 13:11,home,Mobile,Australia,Social Media,161,0,0
session_4578,user_1559,1/6/2025 13:12,product_page,Mobile,Australia,Social Media,82,0,0
session_4579,user_2393,8/23/2025 13:34,home,Tablet,India,Google,35,0,1
session_4579,user_2393,8/23/2025 13:36,product_page,Tablet,India,Google,113,5,1
session_4579,user_2393,8/23/2025 13:39,cart,Tablet,India,Google,174,5,1
session_4579,user_2393,8/23/2025 13:41,checkout,Tablet,India,Google,145,5,1
session_4579,user_2393,8/23/2025 13:44,confirmation,Tablet,India,Google,146,0,1
session_4580,user_1270,4/19/2025 17:14,home,Mobile,India,Social Media,74,0,0
session_4580,user_1270,4/19/2025 17:16,product_page,Mobile,India,Social Media,159,0,0
session_4581,user_2329,5/14/2025 18:40,home,Mobile,Canada,Google,163,0,0
session_4581,user_2329,5/14/2025 18:40,product_page,Mobile,Canada,Google,36,0,0
session_4582,user_1201,1/17/2025 15:31,home,Tablet,Australia,Direct,78,0,0
session_4582,user_1201,1/17/2025 15:32,product_page,Tablet,Australia,Direct,68,3,0
session_4583,user_2394,1/17/2025 5:07,home,Tablet,Germany,Social Media,62,0,0
session_4583,user_2394,1/17/2025 5:08,product_page,Tablet,Germany,Social Media,72,2,0
session_4584,user_2422,8/4/2025 10:25,home,Mobile,India,Social Media,42,0,0
session_4584,user_2422,8/4/2025 10:27,product_page,Mobile,India,Social Media,111,5,0
session_4585,user_1187,7/24/2025 0:36,home,Tablet,India,Google,53,0,0
session_4585,user_1187,7/24/2025 0:37,product_page,Tablet,India,Google,55,3,0
session_4586,user_1922,4/19/2025 18:54,home,Desktop,Australia,Direct,112,0,0
session_4586,user_1922,4/19/2025 18:55,product_page,Desktop,Australia,Direct,43,4,0
session_4587,user_1116,1/29/2025 14:21,home,Tablet,France,Google,153,0,0
session_4587,user_1116,1/29/2025 14:22,product_page,Tablet,France,Google,29,0,0
session_4588,user_1020,3/27/2025 23:17,home,Desktop,USA,Google,37,0,0
session_4588,user_1020,3/27/2025 23:20,product_page,Desktop,USA,Google,173,0,0
session_4589,user_2844,2/26/2025 21:48,home,Desktop,UK,Social Media,46,0,0
session_4589,user_2844,2/26/2025 21:50,product_page,Desktop,UK,Social Media,123,0,0
session_4590,user_2733,4/11/2025 1:10,home,Mobile,UK,Email,64,0,0
session_4590,user_2733,4/11/2025 1:10,product_page,Mobile,UK,Email,31,0,0
session_4590,user_2733,4/11/2025 1:12,cart,Mobile,UK,Email,144,2,0
session_4591,user_1131,1/23/2025 4:45,home,Tablet,UK,Direct,82,0,1
session_4591,user_1131,1/23/2025 4:47,product_page,Tablet,UK,Direct,177,0,1
session_4591,user_1131,1/23/2025 4:48,cart,Tablet,UK,Direct,45,5,1
session_4591,user_1131,1/23/2025 4:50,checkout,Tablet,UK,Direct,81,5,1
session_4591,user_1131,1/23/2025 4:52,confirmation,Tablet,UK,Direct,160,0,1
session_4592,user_1920,7/22/2025 19:30,home,Desktop,France,Social Media,116,0,0
session_4592,user_1920,7/22/2025 19:31,product_page,Desktop,France,Social Media,38,3,0
session_4593,user_2227,4/20/2025 0:24,home,Desktop,USA,Google,31,0,0
session_4593,user_2227,4/20/2025 0:26,product_page,Desktop,USA,Google,105,3,0
session_4594,user_1105,5/20/2025 4:53,home,Desktop,Germany,Email,65,0,1
session_4594,user_1105,5/20/2025 4:53,product_page,Desktop,Germany,Email,23,3,1
session_4594,user_1105,5/20/2025 4:55,cart,Desktop,Germany,Email,94,3,1
session_4594,user_1105,5/20/2025 4:57,checkout,Desktop,Germany,Email,167,3,1
session_4594,user_1105,5/20/2025 4:59,confirmation,Desktop,Germany,Email,97,0,1
session_4595,user_2411,3/28/2025 15:39,home,Desktop,USA,Email,88,0,0
session_4595,user_2411,3/28/2025 15:40,product_page,Desktop,USA,Email,61,4,0
session_4595,user_2411,3/28/2025 15:41,cart,Desktop,USA,Email,38,4,0
session_4596,user_2704,2/9/2025 6:58,home,Tablet,Germany,Social Media,172,0,0
session_4596,user_2704,2/9/2025 6:59,product_page,Tablet,Germany,Social Media,103,3,0
session_4597,user_2668,3/8/2025 17:33,home,Desktop,Canada,Email,23,0,0
session_4597,user_2668,3/8/2025 17:34,product_page,Desktop,Canada,Email,34,5,0
session_4598,user_2544,8/29/2025 6:45,home,Desktop,Germany,Google,86,0,0
session_4598,user_2544,8/29/2025 6:47,product_page,Desktop,Germany,Google,75,0,0
session_4599,user_2399,3/25/2025 18:34,home,Tablet,Canada,Direct,98,0,1
session_4599,user_2399,3/25/2025 18:36,product_page,Tablet,Canada,Direct,82,0,1
session_4599,user_2399,3/25/2025 18:37,cart,Tablet,Canada,Direct,82,4,1
session_4599,user_2399,3/25/2025 18:38,checkout,Tablet,Canada,Direct,65,4,1
session_4599,user_2399,3/25/2025 18:41,confirmation,Tablet,Canada,Direct,172,0,1
session_4600,user_2498,1/25/2025 6:45,home,Tablet,Germany,Email,92,0,0
session_4601,user_1078,2/12/2025 1:47,home,Mobile,Canada,Direct,50,0,0
session_4601,user_1078,2/12/2025 1:49,product_page,Mobile,Canada,Direct,114,0,0
session_4602,user_2399,1/18/2025 14:55,home,Desktop,France,Social Media,132,0,0
session_4602,user_2399,1/18/2025 14:57,product_page,Desktop,France,Social Media,147,0,0
session_4603,user_2764,5/26/2025 12:33,home,Desktop,Australia,Social Media,21,0,0
session_4603,user_2764,5/26/2025 12:36,product_page,Desktop,Australia,Social Media,169,2,0
session_4604,user_2404,8/1/2025 14:34,home,Mobile,France,Google,123,0,0
session_4604,user_2404,8/1/2025 14:36,product_page,Mobile,France,Google,160,5,0
session_4604,user_2404,8/1/2025 14:39,cart,Mobile,France,Google,158,5,0
session_4605,user_1254,2/23/2025 6:20,home,Tablet,France,Direct,15,0,0
session_4605,user_1254,2/23/2025 6:21,product_page,Tablet,France,Direct,52,4,0
session_4606,user_1338,4/24/2025 16:20,home,Mobile,Germany,Social Media,78,0,0
session_4606,user_1338,4/24/2025 16:22,product_page,Mobile,Germany,Social Media,132,5,0
session_4606,user_1338,4/24/2025 16:25,cart,Mobile,Germany,Social Media,149,5,0
session_4607,user_2711,7/31/2025 22:13,home,Tablet,France,Social Media,90,0,0
session_4607,user_2711,7/31/2025 22:15,product_page,Tablet,France,Social Media,129,0,0
session_4608,user_1757,2/22/2025 23:46,home,Mobile,France,Social Media,157,0,0
session_4608,user_1757,2/22/2025 23:47,product_page,Mobile,France,Social Media,88,2,0
session_4609,user_1722,6/26/2025 2:15,home,Desktop,Canada,Email,33,0,0
session_4609,user_1722,6/26/2025 2:16,product_page,Desktop,Canada,Email,37,2,0
session_4610,user_1087,3/28/2025 19:34,home,Mobile,USA,Direct,46,0,0
session_4610,user_1087,3/28/2025 19:35,product_page,Mobile,USA,Direct,66,0,0
session_4611,user_2459,1/13/2025 16:23,home,Tablet,India,Email,77,0,0
session_4612,user_1855,6/10/2025 3:15,home,Desktop,Canada,Social Media,72,0,1
session_4612,user_1855,6/10/2025 3:15,product_page,Desktop,Canada,Social Media,48,5,1
session_4612,user_1855,6/10/2025 3:18,cart,Desktop,Canada,Social Media,162,5,1
session_4612,user_1855,6/10/2025 3:20,checkout,Desktop,Canada,Social Media,128,5,1
session_4612,user_1855,6/10/2025 3:23,confirmation,Desktop,Canada,Social Media,156,0,1
session_4613,user_2569,8/25/2025 11:28,home,Mobile,Canada,Direct,72,0,0
session_4613,user_2569,8/25/2025 11:29,product_page,Mobile,Canada,Direct,87,1,0
session_4614,user_1523,4/30/2025 12:09,home,Mobile,UK,Email,109,0,0
session_4614,user_1523,4/30/2025 12:12,product_page,Mobile,UK,Email,175,5,0
session_4614,user_1523,4/30/2025 12:14,cart,Mobile,UK,Email,108,5,0
session_4614,user_1523,4/30/2025 12:16,checkout,Mobile,UK,Email,125,5,0
session_4615,user_1212,5/23/2025 20:28,home,Mobile,Canada,Email,80,0,1
session_4615,user_1212,5/23/2025 20:29,product_page,Mobile,Canada,Email,51,0,1
session_4615,user_1212,5/23/2025 20:30,cart,Mobile,Canada,Email,49,1,1
session_4615,user_1212,5/23/2025 20:31,checkout,Mobile,Canada,Email,67,1,1
session_4615,user_1212,5/23/2025 20:33,confirmation,Mobile,Canada,Email,104,0,1
session_4616,user_2997,6/7/2025 21:06,home,Tablet,USA,Direct,50,0,0
session_4616,user_2997,6/7/2025 21:08,product_page,Tablet,USA,Direct,174,2,0
session_4617,user_2494,7/11/2025 18:57,home,Desktop,UK,Google,91,0,0
session_4617,user_2494,7/11/2025 19:00,product_page,Desktop,UK,Google,172,0,0
session_4618,user_2471,3/19/2025 12:29,home,Desktop,USA,Social Media,133,0,0
session_4619,user_2486,3/24/2025 18:18,home,Tablet,Australia,Direct,54,0,0
session_4620,user_1966,7/13/2025 18:42,home,Desktop,USA,Direct,90,0,1
session_4620,user_1966,7/13/2025 18:43,product_page,Desktop,USA,Direct,46,4,1
session_4620,user_1966,7/13/2025 18:43,cart,Desktop,USA,Direct,40,4,1
session_4620,user_1966,7/13/2025 18:44,checkout,Desktop,USA,Direct,51,4,1
session_4620,user_1966,7/13/2025 18:45,confirmation,Desktop,USA,Direct,33,0,1
session_4621,user_2889,6/14/2025 7:14,home,Desktop,Australia,Email,83,0,1
session_4621,user_2889,6/14/2025 7:15,product_page,Desktop,Australia,Email,49,4,1
session_4621,user_2889,6/14/2025 7:16,cart,Desktop,Australia,Email,74,4,1
session_4621,user_2889,6/14/2025 7:17,checkout,Desktop,Australia,Email,27,4,1
session_4621,user_2889,6/14/2025 7:18,confirmation,Desktop,Australia,Email,80,0,1
session_4622,user_2875,6/10/2025 20:38,home,Mobile,France,Direct,148,0,0
session_4622,user_2875,6/10/2025 20:39,product_page,Mobile,France,Direct,96,0,0
session_4623,user_1381,2/17/2025 12:55,home,Desktop,UK,Google,81,0,0
session_4623,user_1381,2/17/2025 12:57,product_page,Desktop,UK,Google,112,1,0
session_4623,user_1381,2/17/2025 12:58,cart,Desktop,UK,Google,45,1,0
session_4624,user_2709,1/22/2025 4:45,home,Mobile,Canada,Google,73,0,0
session_4624,user_2709,1/22/2025 4:46,product_page,Mobile,Canada,Google,35,0,0
session_4625,user_1280,4/8/2025 8:55,home,Tablet,Germany,Email,142,0,1
session_4625,user_1280,4/8/2025 8:57,product_page,Tablet,Germany,Email,129,5,1
session_4625,user_1280,4/8/2025 8:58,cart,Tablet,Germany,Email,23,5,1
session_4625,user_1280,4/8/2025 9:01,checkout,Tablet,Germany,Email,171,5,1
session_4625,user_1280,4/8/2025 9:01,confirmation,Tablet,Germany,Email,28,0,1
session_4626,user_1535,8/9/2025 20:45,home,Tablet,Germany,Social Media,114,0,0
session_4626,user_1535,8/9/2025 20:46,product_page,Tablet,Germany,Social Media,40,0,0
session_4626,user_1535,8/9/2025 20:47,cart,Tablet,Germany,Social Media,65,4,0
session_4627,user_2139,6/28/2025 18:53,home,Desktop,Canada,Google,107,0,0
session_4627,user_2139,6/28/2025 18:56,product_page,Desktop,Canada,Google,162,5,0
session_4627,user_2139,6/28/2025 18:59,cart,Desktop,Canada,Google,162,5,0
session_4628,user_1934,6/4/2025 11:11,home,Tablet,Germany,Direct,28,0,1
session_4628,user_1934,6/4/2025 11:12,product_page,Tablet,Germany,Direct,57,0,1
session_4628,user_1934,6/4/2025 11:14,cart,Tablet,Germany,Direct,129,1,1
session_4628,user_1934,6/4/2025 11:17,checkout,Tablet,Germany,Direct,141,1,1
session_4628,user_1934,6/4/2025 11:20,confirmation,Tablet,Germany,Direct,171,0,1
session_4629,user_1730,8/17/2025 6:35,home,Mobile,USA,Google,137,0,1
session_4629,user_1730,8/17/2025 6:38,product_page,Mobile,USA,Google,176,2,1
session_4629,user_1730,8/17/2025 6:39,cart,Mobile,USA,Google,106,2,1
session_4629,user_1730,8/17/2025 6:40,checkout,Mobile,USA,Google,19,2,1
session_4629,user_1730,8/17/2025 6:41,confirmation,Mobile,USA,Google,68,0,1
session_4630,user_1203,4/2/2025 10:06,home,Desktop,UK,Google,119,0,1
session_4630,user_1203,4/2/2025 10:07,product_page,Desktop,UK,Google,21,1,1
session_4630,user_1203,4/2/2025 10:09,cart,Desktop,UK,Google,152,1,1
session_4630,user_1203,4/2/2025 10:09,checkout,Desktop,UK,Google,20,1,1
session_4630,user_1203,4/2/2025 10:12,confirmation,Desktop,UK,Google,158,0,1
session_4631,user_2777,2/11/2025 9:12,home,Mobile,France,Google,103,0,0
session_4631,user_2777,2/11/2025 9:13,product_page,Mobile,France,Google,92,3,0
session_4632,user_2540,8/22/2025 4:06,home,Tablet,India,Email,81,0,0
session_4633,user_2634,6/18/2025 9:04,home,Desktop,France,Social Media,22,0,0
session_4633,user_2634,6/18/2025 9:06,product_page,Desktop,France,Social Media,119,4,0
session_4634,user_2770,8/4/2025 2:53,home,Desktop,Germany,Direct,59,0,1
session_4634,user_2770,8/4/2025 2:56,product_page,Desktop,Germany,Direct,149,2,1
session_4634,user_2770,8/4/2025 2:57,cart,Desktop,Germany,Direct,109,2,1
session_4634,user_2770,8/4/2025 2:59,checkout,Desktop,Germany,Direct,89,2,1
session_4634,user_2770,8/4/2025 3:01,confirmation,Desktop,Germany,Direct,131,0,1
session_4635,user_1018,6/26/2025 0:15,home,Mobile,France,Google,180,0,0
session_4636,user_2576,6/25/2025 16:50,home,Mobile,USA,Direct,100,0,0
session_4636,user_2576,6/25/2025 16:53,product_page,Mobile,USA,Direct,180,4,0
session_4637,user_1558,5/16/2025 2:36,home,Desktop,France,Social Media,83,0,0
session_4637,user_1558,5/16/2025 2:38,product_page,Desktop,France,Social Media,155,4,0
session_4638,user_2834,8/7/2025 15:01,home,Desktop,Australia,Social Media,125,0,0
session_4638,user_2834,8/7/2025 15:02,product_page,Desktop,Australia,Social Media,64,5,0
session_4639,user_1085,7/7/2025 20:01,home,Mobile,UK,Email,125,0,0
session_4639,user_1085,7/7/2025 20:02,product_page,Mobile,UK,Email,86,5,0
session_4640,user_2488,6/4/2025 14:15,home,Mobile,France,Google,133,0,0
session_4640,user_2488,6/4/2025 14:17,product_page,Mobile,France,Google,133,2,0
session_4641,user_2103,4/15/2025 15:38,home,Tablet,Australia,Social Media,132,0,1
session_4641,user_2103,4/15/2025 15:40,product_page,Tablet,Australia,Social Media,105,3,1
session_4641,user_2103,4/15/2025 15:42,cart,Tablet,Australia,Social Media,150,3,1
session_4641,user_2103,4/15/2025 15:44,checkout,Tablet,Australia,Social Media,99,3,1
session_4641,user_2103,4/15/2025 15:45,confirmation,Tablet,Australia,Social Media,101,0,1
session_4642,user_1008,8/10/2025 11:25,home,Tablet,Germany,Social Media,45,0,0
session_4643,user_1527,7/2/2025 1:06,home,Tablet,India,Email,41,0,0
session_4643,user_1527,7/2/2025 1:09,product_page,Tablet,India,Email,158,0,0
session_4643,user_1527,7/2/2025 1:11,cart,Tablet,India,Email,111,4,0
session_4644,user_2520,3/29/2025 14:17,home,Mobile,Canada,Google,50,0,0
session_4644,user_2520,3/29/2025 14:18,product_page,Mobile,Canada,Google,59,0,0
session_4645,user_1654,2/12/2025 1:07,home,Mobile,France,Google,127,0,0
session_4645,user_1654,2/12/2025 1:07,product_page,Mobile,France,Google,27,4,0
session_4646,user_2112,6/26/2025 13:46,home,Desktop,Germany,Social Media,125,0,0
session_4647,user_2002,7/19/2025 13:41,home,Desktop,Australia,Email,125,0,0
session_4647,user_2002,7/19/2025 13:42,product_page,Desktop,Australia,Email,40,0,0
session_4648,user_1313,7/18/2025 4:59,home,Tablet,Australia,Direct,21,0,0
session_4648,user_1313,7/18/2025 5:00,product_page,Tablet,Australia,Direct,42,2,0
session_4649,user_2243,5/6/2025 6:09,home,Tablet,India,Direct,35,0,1
session_4649,user_2243,5/6/2025 6:12,product_page,Tablet,India,Direct,172,3,1
session_4649,user_2243,5/6/2025 6:14,cart,Tablet,India,Direct,147,3,1
session_4649,user_2243,5/6/2025 6:16,checkout,Tablet,India,Direct,104,3,1
session_4649,user_2243,5/6/2025 6:18,confirmation,Tablet,India,Direct,110,0,1
session_4650,user_1026,4/1/2025 9:17,home,Tablet,Canada,Google,113,0,1
session_4650,user_1026,4/1/2025 9:19,product_page,Tablet,Canada,Google,143,0,1
session_4650,user_1026,4/1/2025 9:20,cart,Tablet,Canada,Google,24,3,1
session_4650,user_1026,4/1/2025 9:22,checkout,Tablet,Canada,Google,110,3,1
session_4650,user_1026,4/1/2025 9:23,confirmation,Tablet,Canada,Google,84,0,1
session_4651,user_2549,6/19/2025 6:14,home,Mobile,Australia,Google,127,0,0
session_4652,user_2395,4/7/2025 8:16,home,Desktop,France,Social Media,163,0,0
session_4652,user_2395,4/7/2025 8:17,product_page,Desktop,France,Social Media,36,5,0
session_4653,user_1550,7/19/2025 12:48,home,Mobile,Australia,Email,29,0,0
session_4653,user_1550,7/19/2025 12:49,product_page,Mobile,Australia,Email,90,0,0
session_4653,user_1550,7/19/2025 12:51,cart,Mobile,Australia,Email,147,0,0
session_4654,user_1789,8/27/2025 0:22,home,Mobile,France,Email,77,0,0
session_4655,user_1755,6/28/2025 18:56,home,Tablet,USA,Google,88,0,0
session_4656,user_1397,3/1/2025 0:04,home,Mobile,USA,Direct,145,0,0
session_4657,user_2308,8/31/2025 22:37,home,Desktop,France,Email,145,0,0
session_4657,user_2308,8/31/2025 22:40,product_page,Desktop,France,Email,158,0,0
session_4658,user_2660,6/2/2025 3:13,home,Mobile,Australia,Google,17,0,0
session_4658,user_2660,6/2/2025 3:15,product_page,Mobile,Australia,Google,86,0,0
session_4659,user_1909,2/25/2025 6:10,home,Desktop,Canada,Direct,171,0,0
session_4659,user_1909,2/25/2025 6:12,product_page,Desktop,Canada,Direct,111,3,0
session_4660,user_2882,1/30/2025 6:58,home,Desktop,India,Social Media,175,0,0
session_4660,user_2882,1/30/2025 7:01,product_page,Desktop,India,Social Media,135,3,0
session_4661,user_2207,7/20/2025 8:39,home,Mobile,Germany,Direct,119,0,0
session_4661,user_2207,7/20/2025 8:41,product_page,Mobile,Germany,Direct,94,3,0
session_4662,user_2972,2/1/2025 14:42,home,Desktop,Germany,Social Media,132,0,0
session_4662,user_2972,2/1/2025 14:44,product_page,Desktop,Germany,Social Media,106,4,0
session_4663,user_2784,5/19/2025 9:43,home,Mobile,UK,Social Media,112,0,1
session_4663,user_2784,5/19/2025 9:46,product_page,Mobile,UK,Social Media,152,0,1
session_4663,user_2784,5/19/2025 9:47,cart,Mobile,UK,Social Media,74,0,1
session_4663,user_2784,5/19/2025 9:48,checkout,Mobile,UK,Social Media,42,3,1
session_4663,user_2784,5/19/2025 9:49,confirmation,Mobile,UK,Social Media,57,0,1
session_4664,user_1885,6/29/2025 11:55,home,Mobile,Australia,Google,160,0,0
session_4664,user_1885,6/29/2025 11:57,product_page,Mobile,Australia,Google,105,3,0
session_4664,user_1885,6/29/2025 12:00,cart,Mobile,Australia,Google,177,3,0
session_4665,user_1887,5/17/2025 11:31,home,Mobile,Germany,Direct,71,0,0
session_4665,user_1887,5/17/2025 11:34,product_page,Mobile,Germany,Direct,170,0,0
session_4665,user_1887,5/17/2025 11:36,cart,Mobile,Germany,Direct,125,5,0
session_4665,user_1887,5/17/2025 11:38,checkout,Mobile,Germany,Direct,108,5,0
session_4666,user_1794,1/17/2025 16:44,home,Desktop,UK,Email,130,0,0
session_4666,user_1794,1/17/2025 16:45,product_page,Desktop,UK,Email,94,0,0
session_4667,user_2804,4/16/2025 0:23,home,Tablet,Germany,Google,42,0,0
session_4667,user_2804,4/16/2025 0:24,product_page,Tablet,Germany,Google,45,5,0
session_4668,user_2928,1/18/2025 12:40,home,Desktop,Germany,Email,67,0,0
session_4668,user_2928,1/18/2025 12:41,product_page,Desktop,Germany,Email,18,1,0
session_4669,user_1563,1/12/2025 9:47,home,Mobile,India,Google,122,0,0
session_4669,user_1563,1/12/2025 9:48,product_page,Mobile,India,Google,55,0,0
session_4670,user_2334,7/28/2025 0:13,home,Desktop,Canada,Social Media,56,0,0
session_4670,user_2334,7/28/2025 0:15,product_page,Desktop,Canada,Social Media,118,2,0
session_4671,user_1446,3/20/2025 18:36,home,Tablet,India,Direct,167,0,0
session_4671,user_1446,3/20/2025 18:36,product_page,Tablet,India,Direct,32,0,0
session_4672,user_2543,3/7/2025 11:57,home,Tablet,UK,Direct,20,0,0
session_4673,user_1547,6/25/2025 13:56,home,Desktop,Canada,Direct,71,0,1
session_4673,user_1547,6/25/2025 13:58,product_page,Desktop,Canada,Direct,106,5,1
session_4673,user_1547,6/25/2025 14:00,cart,Desktop,Canada,Direct,158,5,1
session_4673,user_1547,6/25/2025 14:02,checkout,Desktop,Canada,Direct,91,5,1
session_4673,user_1547,6/25/2025 14:04,confirmation,Desktop,Canada,Direct,131,0,1
session_4674,user_1165,1/17/2025 8:45,home,Tablet,Germany,Google,28,0,0
session_4674,user_1165,1/17/2025 8:48,product_page,Tablet,Germany,Google,157,0,0
session_4674,user_1165,1/17/2025 8:50,cart,Tablet,Germany,Google,155,2,0
session_4674,user_1165,1/17/2025 8:53,checkout,Tablet,Germany,Google,156,2,0
session_4675,user_2568,6/29/2025 14:27,home,Desktop,Australia,Google,57,0,0
session_4675,user_2568,6/29/2025 14:28,product_page,Desktop,Australia,Google,55,0,0
session_4675,user_2568,6/29/2025 14:30,cart,Desktop,Australia,Google,113,0,0
session_4675,user_2568,6/29/2025 14:30,checkout,Desktop,Australia,Google,23,3,0
session_4676,user_1225,3/19/2025 5:58,home,Tablet,France,Social Media,91,0,1
session_4676,user_1225,3/19/2025 5:59,product_page,Tablet,France,Social Media,99,3,1
session_4676,user_1225,3/19/2025 6:02,cart,Tablet,France,Social Media,156,3,1
session_4676,user_1225,3/19/2025 6:04,checkout,Tablet,France,Social Media,114,3,1
session_4676,user_1225,3/19/2025 6:05,confirmation,Tablet,France,Social Media,52,0,1
session_4677,user_2541,2/16/2025 15:29,home,Tablet,Germany,Social Media,98,0,0
session_4678,user_1914,3/31/2025 6:04,home,Desktop,Canada,Google,102,0,0
session_4679,user_2270,4/10/2025 2:53,home,Desktop,UK,Social Media,118,0,0
session_4679,user_2270,4/10/2025 2:54,product_page,Desktop,UK,Social Media,30,0,0
session_4680,user_1016,5/24/2025 17:53,home,Tablet,UK,Social Media,141,0,0
session_4681,user_1798,1/1/2025 8:11,home,Mobile,UK,Direct,106,0,1
session_4681,user_1798,1/1/2025 8:13,product_page,Mobile,UK,Direct,164,5,1
session_4681,user_1798,1/1/2025 8:16,cart,Mobile,UK,Direct,173,5,1
session_4681,user_1798,1/1/2025 8:18,checkout,Mobile,UK,Direct,84,5,1
session_4681,user_1798,1/1/2025 8:18,confirmation,Mobile,UK,Direct,15,0,1
session_4682,user_2343,1/30/2025 6:06,home,Desktop,India,Direct,97,0,0
session_4682,user_2343,1/30/2025 6:09,product_page,Desktop,India,Direct,138,1,0
session_4683,user_2669,7/27/2025 6:04,home,Mobile,USA,Direct,159,0,0
session_4683,user_2669,7/27/2025 6:05,product_page,Mobile,USA,Direct,60,0,0
session_4684,user_1861,3/12/2025 16:41,home,Mobile,Canada,Google,50,0,0
session_4684,user_1861,3/12/2025 16:42,product_page,Mobile,Canada,Google,39,3,0
session_4684,user_1861,3/12/2025 16:42,cart,Mobile,Canada,Google,28,3,0
session_4685,user_2703,8/28/2025 13:48,home,Desktop,UK,Direct,51,0,1
session_4685,user_2703,8/28/2025 13:50,product_page,Desktop,UK,Direct,119,3,1
session_4685,user_2703,8/28/2025 13:53,cart,Desktop,UK,Direct,174,3,1
session_4685,user_2703,8/28/2025 13:56,checkout,Desktop,UK,Direct,180,3,1
session_4685,user_2703,8/28/2025 13:57,confirmation,Desktop,UK,Direct,75,0,1
session_4686,user_2668,4/5/2025 8:01,home,Mobile,France,Direct,95,0,0
session_4686,user_2668,4/5/2025 8:03,product_page,Mobile,France,Direct,162,1,0
session_4687,user_1062,3/7/2025 19:28,home,Tablet,France,Email,170,0,1
session_4687,user_1062,3/7/2025 19:31,product_page,Tablet,France,Email,169,0,1
session_4687,user_1062,3/7/2025 19:31,cart,Tablet,France,Email,33,5,1
session_4687,user_1062,3/7/2025 19:34,checkout,Tablet,France,Email,178,5,1
session_4687,user_1062,3/7/2025 19:34,confirmation,Tablet,France,Email,19,0,1
session_4688,user_1812,1/17/2025 20:55,home,Desktop,Canada,Google,135,0,1
session_4688,user_1812,1/17/2025 20:56,product_page,Desktop,Canada,Google,90,0,1
session_4688,user_1812,1/17/2025 20:57,cart,Desktop,Canada,Google,25,0,1
session_4688,user_1812,1/17/2025 21:00,checkout,Desktop,Canada,Google,170,1,1
session_4688,user_1812,1/17/2025 21:03,confirmation,Desktop,Canada,Google,179,0,1
session_4689,user_1458,4/12/2025 12:19,home,Mobile,Canada,Direct,147,0,1
session_4689,user_1458,4/12/2025 12:19,product_page,Mobile,Canada,Direct,30,3,1
session_4689,user_1458,4/12/2025 12:22,cart,Mobile,Canada,Direct,173,3,1
session_4689,user_1458,4/12/2025 12:23,checkout,Mobile,Canada,Direct,63,3,1
session_4689,user_1458,4/12/2025 12:26,confirmation,Mobile,Canada,Direct,141,0,1
session_4690,user_1739,1/27/2025 8:57,home,Mobile,USA,Google,55,0,0
session_4690,user_1739,1/27/2025 8:59,product_page,Mobile,USA,Google,117,2,0
session_4691,user_1116,6/21/2025 9:16,home,Tablet,Canada,Email,167,0,0
session_4692,user_1174,4/17/2025 9:53,home,Desktop,USA,Social Media,85,0,0
session_4692,user_1174,4/17/2025 9:54,product_page,Desktop,USA,Social Media,58,5,0
session_4693,user_2219,2/3/2025 21:17,home,Mobile,Germany,Google,163,0,0
session_4693,user_2219,2/3/2025 21:18,product_page,Mobile,Germany,Google,66,0,0
session_4694,user_2721,5/14/2025 21:32,home,Mobile,Germany,Google,100,0,0
session_4695,user_2074,2/13/2025 17:43,home,Tablet,Canada,Google,85,0,1
session_4695,user_2074,2/13/2025 17:45,product_page,Tablet,Canada,Google,90,5,1
session_4695,user_2074,2/13/2025 17:45,cart,Tablet,Canada,Google,17,5,1
session_4695,user_2074,2/13/2025 17:46,checkout,Tablet,Canada,Google,61,5,1
session_4695,user_2074,2/13/2025 17:47,confirmation,Tablet,Canada,Google,65,0,1
session_4696,user_2303,8/29/2025 13:26,home,Desktop,UK,Social Media,151,0,0
session_4696,user_2303,8/29/2025 13:29,product_page,Desktop,UK,Social Media,176,0,0
session_4697,user_2892,3/5/2025 22:58,home,Mobile,India,Email,103,0,1
session_4697,user_2892,3/5/2025 23:01,product_page,Mobile,India,Email,167,1,1
session_4697,user_2892,3/5/2025 23:03,cart,Mobile,India,Email,95,1,1
session_4697,user_2892,3/5/2025 23:04,checkout,Mobile,India,Email,50,1,1
session_4697,user_2892,3/5/2025 23:06,confirmation,Mobile,India,Email,171,0,1
session_4698,user_2496,1/19/2025 1:27,home,Mobile,France,Email,159,0,0
session_4699,user_2456,5/27/2025 2:00,home,Desktop,Canada,Google,114,0,1
session_4699,user_2456,5/27/2025 2:01,product_page,Desktop,Canada,Google,76,0,1
session_4699,user_2456,5/27/2025 2:03,cart,Desktop,Canada,Google,115,1,1
session_4699,user_2456,5/27/2025 2:05,checkout,Desktop,Canada,Google,118,1,1
session_4699,user_2456,5/27/2025 2:06,confirmation,Desktop,Canada,Google,86,0,1
session_4700,user_1574,8/24/2025 16:18,home,Mobile,Australia,Google,28,0,0
session_4700,user_1574,8/24/2025 16:20,product_page,Mobile,Australia,Google,160,0,0
session_4701,user_1870,8/18/2025 9:23,home,Desktop,USA,Direct,134,0,0
session_4702,user_2126,2/17/2025 13:06,home,Mobile,UK,Direct,113,0,1
session_4702,user_2126,2/17/2025 13:06,product_page,Mobile,UK,Direct,34,2,1
session_4702,user_2126,2/17/2025 13:08,cart,Mobile,UK,Direct,91,2,1
session_4702,user_2126,2/17/2025 13:10,checkout,Mobile,UK,Direct,124,2,1
session_4702,user_2126,2/17/2025 13:10,confirmation,Mobile,UK,Direct,19,0,1
session_4703,user_2850,7/3/2025 1:10,home,Tablet,France,Google,127,0,1
session_4703,user_2850,7/3/2025 1:12,product_page,Tablet,France,Google,147,5,1
session_4703,user_2850,7/3/2025 1:13,cart,Tablet,France,Google,30,5,1
session_4703,user_2850,7/3/2025 1:14,checkout,Tablet,France,Google,85,5,1
session_4703,user_2850,7/3/2025 1:17,confirmation,Tablet,France,Google,159,0,1
session_4704,user_1256,6/13/2025 4:57,home,Desktop,Canada,Email,103,0,0
session_4704,user_1256,6/13/2025 4:59,product_page,Desktop,Canada,Email,143,4,0
session_4705,user_1883,7/3/2025 15:38,home,Desktop,UK,Email,30,0,0
session_4705,user_1883,7/3/2025 15:40,product_page,Desktop,UK,Email,87,0,0
session_4705,user_1883,7/3/2025 15:42,cart,Desktop,UK,Email,130,3,0
session_4706,user_2853,4/28/2025 13:39,home,Mobile,Germany,Social Media,25,0,0
session_4706,user_2853,4/28/2025 13:42,product_page,Mobile,Germany,Social Media,166,0,0
session_4707,user_2043,3/20/2025 15:30,home,Mobile,India,Google,24,0,0
session_4707,user_2043,3/20/2025 15:31,product_page,Mobile,India,Google,32,2,0
session_4707,user_2043,3/20/2025 15:31,cart,Mobile,India,Google,29,2,0
session_4708,user_1591,4/12/2025 10:25,home,Mobile,Australia,Direct,158,0,0
session_4709,user_2624,5/22/2025 14:27,home,Tablet,USA,Social Media,99,0,0
session_4710,user_1470,5/17/2025 7:17,home,Desktop,Canada,Google,105,0,1
session_4710,user_1470,5/17/2025 7:19,product_page,Desktop,Canada,Google,117,1,1
session_4710,user_1470,5/17/2025 7:20,cart,Desktop,Canada,Google,74,1,1
session_4710,user_1470,5/17/2025 7:22,checkout,Desktop,Canada,Google,117,1,1
session_4710,user_1470,5/17/2025 7:23,confirmation,Desktop,Canada,Google,52,0,1
session_4711,user_2518,8/14/2025 16:11,home,Mobile,India,Email,42,0,0
session_4711,user_2518,8/14/2025 16:12,product_page,Mobile,India,Email,27,4,0
session_4712,user_2982,1/3/2025 20:48,home,Mobile,UK,Email,154,0,1
session_4712,user_2982,1/3/2025 20:48,product_page,Mobile,UK,Email,33,4,1
session_4712,user_2982,1/3/2025 20:49,cart,Mobile,UK,Email,62,4,1
session_4712,user_2982,1/3/2025 20:50,checkout,Mobile,UK,Email,33,4,1
session_4712,user_2982,1/3/2025 20:50,confirmation,Mobile,UK,Email,17,0,1
session_4713,user_2557,5/3/2025 15:14,home,Tablet,UK,Direct,60,0,1
session_4713,user_2557,5/3/2025 15:16,product_page,Tablet,UK,Direct,111,5,1
session_4713,user_2557,5/3/2025 15:16,cart,Tablet,UK,Direct,16,5,1
session_4713,user_2557,5/3/2025 15:17,checkout,Tablet,UK,Direct,52,5,1
session_4713,user_2557,5/3/2025 15:20,confirmation,Tablet,UK,Direct,165,0,1
session_4714,user_1636,4/3/2025 19:55,home,Desktop,Germany,Social Media,48,0,0
session_4714,user_1636,4/3/2025 19:57,product_page,Desktop,Germany,Social Media,88,2,0
session_4715,user_2018,2/10/2025 17:52,home,Desktop,USA,Direct,56,0,0
session_4715,user_2018,2/10/2025 17:53,product_page,Desktop,USA,Direct,92,0,0
session_4716,user_1104,7/4/2025 5:10,home,Tablet,Canada,Social Media,131,0,0
session_4716,user_1104,7/4/2025 5:12,product_page,Tablet,Canada,Social Media,130,0,0
session_4717,user_2317,5/3/2025 5:48,home,Mobile,India,Email,128,0,1
session_4717,user_2317,5/3/2025 5:50,product_page,Mobile,India,Email,173,0,1
session_4717,user_2317,5/3/2025 5:52,cart,Mobile,India,Email,77,0,1
session_4717,user_2317,5/3/2025 5:53,checkout,Mobile,India,Email,76,3,1
session_4717,user_2317,5/3/2025 5:53,confirmation,Mobile,India,Email,25,0,1
session_4718,user_2037,8/1/2025 11:36,home,Tablet,Canada,Google,21,0,0
session_4718,user_2037,8/1/2025 11:38,product_page,Tablet,Canada,Google,86,1,0
session_4719,user_3000,4/22/2025 23:37,home,Desktop,Australia,Social Media,102,0,1
session_4719,user_3000,4/22/2025 23:40,product_page,Desktop,Australia,Social Media,156,0,1
session_4719,user_3000,4/22/2025 23:41,cart,Desktop,Australia,Social Media,78,0,1
session_4719,user_3000,4/22/2025 23:42,checkout,Desktop,Australia,Social Media,41,2,1
session_4719,user_3000,4/22/2025 23:42,confirmation,Desktop,Australia,Social Media,32,0,1
session_4720,user_2629,4/28/2025 6:12,home,Tablet,UK,Direct,37,0,0
session_4720,user_2629,4/28/2025 6:14,product_page,Tablet,UK,Direct,142,0,0
session_4721,user_1694,8/15/2025 21:39,home,Desktop,Australia,Social Media,86,0,1
session_4721,user_1694,8/15/2025 21:41,product_page,Desktop,Australia,Social Media,100,2,1
session_4721,user_1694,8/15/2025 21:42,cart,Desktop,Australia,Social Media,85,2,1
session_4721,user_1694,8/15/2025 21:45,checkout,Desktop,Australia,Social Media,153,2,1
session_4721,user_1694,8/15/2025 21:45,confirmation,Desktop,Australia,Social Media,26,0,1
session_4722,user_1769,8/8/2025 16:03,home,Desktop,Germany,Social Media,61,0,1
session_4722,user_1769,8/8/2025 16:05,product_page,Desktop,Germany,Social Media,111,5,1
session_4722,user_1769,8/8/2025 16:06,cart,Desktop,Germany,Social Media,78,5,1
session_4722,user_1769,8/8/2025 16:08,checkout,Desktop,Germany,Social Media,132,5,1
session_4722,user_1769,8/8/2025 16:10,confirmation,Desktop,Germany,Social Media,91,0,1
session_4723,user_2397,7/4/2025 21:50,home,Desktop,USA,Email,178,0,0
session_4723,user_2397,7/4/2025 21:52,product_page,Desktop,USA,Email,132,0,0
session_4723,user_2397,7/4/2025 21:53,cart,Desktop,USA,Email,38,4,0
session_4724,user_2031,5/8/2025 12:26,home,Mobile,USA,Direct,74,0,0
session_4724,user_2031,5/8/2025 12:28,product_page,Mobile,USA,Direct,111,0,0
session_4725,user_1812,1/25/2025 12:44,home,Mobile,Canada,Direct,164,0,0
session_4725,user_1812,1/25/2025 12:45,product_page,Mobile,Canada,Direct,61,0,0
session_4726,user_1052,1/2/2025 14:04,home,Mobile,India,Google,92,0,0
session_4726,user_1052,1/2/2025 14:05,product_page,Mobile,India,Google,15,0,0
session_4727,user_2589,8/22/2025 4:07,home,Tablet,USA,Social Media,49,0,0
session_4727,user_2589,8/22/2025 4:10,product_page,Tablet,USA,Social Media,175,3,0
session_4728,user_1059,5/7/2025 21:43,home,Desktop,India,Social Media,168,0,0
session_4729,user_1860,1/18/2025 3:23,home,Tablet,France,Google,100,0,0
session_4729,user_1860,1/18/2025 3:24,product_page,Tablet,France,Google,64,0,0
session_4730,user_2519,7/17/2025 18:50,home,Tablet,Canada,Social Media,69,0,0
session_4730,user_2519,7/17/2025 18:53,product_page,Tablet,Canada,Social Media,172,2,0
session_4731,user_1058,5/25/2025 1:52,home,Tablet,USA,Google,39,0,1
session_4731,user_1058,5/25/2025 1:52,product_page,Tablet,USA,Google,19,4,1
session_4731,user_1058,5/25/2025 1:53,cart,Tablet,USA,Google,69,4,1
session_4731,user_1058,5/25/2025 1:55,checkout,Tablet,USA,Google,124,4,1
session_4731,user_1058,5/25/2025 1:56,confirmation,Tablet,USA,Google,54,0,1
session_4732,user_1668,5/24/2025 5:31,home,Mobile,USA,Google,37,0,1
session_4732,user_1668,5/24/2025 5:32,product_page,Mobile,USA,Google,61,1,1
session_4732,user_1668,5/24/2025 5:33,cart,Mobile,USA,Google,45,1,1
session_4732,user_1668,5/24/2025 5:34,checkout,Mobile,USA,Google,68,1,1
session_4732,user_1668,5/24/2025 5:35,confirmation,Mobile,USA,Google,37,0,1
session_4733,user_2000,6/11/2025 5:06,home,Tablet,France,Direct,36,0,0
session_4733,user_2000,6/11/2025 5:07,product_page,Tablet,France,Direct,85,5,0
session_4734,user_2715,1/13/2025 6:37,home,Desktop,Australia,Email,98,0,0
session_4734,user_2715,1/13/2025 6:39,product_page,Desktop,Australia,Email,70,0,0
session_4735,user_2300,4/15/2025 10:25,home,Mobile,Germany,Email,86,0,0
session_4736,user_1688,2/17/2025 23:19,home,Mobile,Germany,Email,54,0,1
session_4736,user_1688,2/17/2025 23:19,product_page,Mobile,Germany,Email,53,0,1
session_4736,user_1688,2/17/2025 23:21,cart,Mobile,Germany,Email,113,0,1
session_4736,user_1688,2/17/2025 23:22,checkout,Mobile,Germany,Email,55,2,1
session_4736,user_1688,2/17/2025 23:23,confirmation,Mobile,Germany,Email,45,0,1
session_4737,user_2274,4/12/2025 11:16,home,Tablet,India,Social Media,162,0,0
session_4737,user_2274,4/12/2025 11:19,product_page,Tablet,India,Social Media,159,4,0
session_4738,user_1747,7/19/2025 9:14,home,Tablet,Germany,Email,141,0,0
session_4738,user_1747,7/19/2025 9:15,product_page,Tablet,Germany,Email,65,0,0
session_4738,user_1747,7/19/2025 9:16,cart,Tablet,Germany,Email,31,0,0
session_4739,user_1908,7/27/2025 12:48,home,Tablet,Australia,Google,75,0,0
session_4740,user_2272,7/26/2025 10:37,home,Tablet,France,Social Media,119,0,1
session_4740,user_2272,7/26/2025 10:37,product_page,Tablet,France,Social Media,36,0,1
session_4740,user_2272,7/26/2025 10:40,cart,Tablet,France,Social Media,153,0,1
session_4740,user_2272,7/26/2025 10:41,checkout,Tablet,France,Social Media,59,2,1
session_4740,user_2272,7/26/2025 10:43,confirmation,Tablet,France,Social Media,124,0,1
session_4741,user_2047,2/21/2025 20:20,home,Mobile,UK,Direct,150,0,0
session_4741,user_2047,2/21/2025 20:20,product_page,Mobile,UK,Direct,21,3,0
session_4741,user_2047,2/21/2025 20:21,cart,Mobile,UK,Direct,65,3,0
session_4742,user_2962,8/26/2025 2:40,home,Mobile,France,Email,151,0,0
session_4742,user_2962,8/26/2025 2:42,product_page,Mobile,France,Email,157,3,0
session_4743,user_1911,5/16/2025 18:50,home,Tablet,USA,Email,122,0,0
session_4744,user_2091,5/27/2025 6:38,home,Desktop,UK,Email,127,0,0
session_4744,user_2091,5/27/2025 6:41,product_page,Desktop,UK,Email,136,3,0
session_4744,user_2091,5/27/2025 6:43,cart,Desktop,UK,Email,129,3,0
session_4745,user_1826,1/17/2025 14:43,home,Tablet,Canada,Email,133,0,0
session_4745,user_1826,1/17/2025 14:45,product_page,Tablet,Canada,Email,138,0,0
session_4745,user_1826,1/17/2025 14:48,cart,Tablet,Canada,Email,153,1,0
session_4746,user_1136,1/20/2025 19:56,home,Mobile,Germany,Email,180,0,0
session_4746,user_1136,1/20/2025 19:57,product_page,Mobile,Germany,Email,91,2,0
session_4747,user_1855,6/3/2025 18:13,home,Desktop,India,Direct,108,0,0
session_4747,user_1855,6/3/2025 18:15,product_page,Desktop,India,Direct,108,0,0
session_4748,user_1166,7/1/2025 18:24,home,Tablet,France,Social Media,103,0,0
session_4748,user_1166,7/1/2025 18:26,product_page,Tablet,France,Social Media,113,0,0
session_4749,user_2138,4/28/2025 6:28,home,Tablet,USA,Social Media,158,0,0
session_4749,user_2138,4/28/2025 6:28,product_page,Tablet,USA,Social Media,30,2,0
session_4750,user_1990,7/7/2025 17:00,home,Mobile,France,Social Media,46,0,0
session_4750,user_1990,7/7/2025 17:02,product_page,Mobile,France,Social Media,139,1,0
session_4751,user_2467,1/8/2025 10:56,home,Mobile,Canada,Social Media,143,0,0
session_4751,user_2467,1/8/2025 10:57,product_page,Mobile,Canada,Social Media,33,0,0
session_4752,user_2454,8/18/2025 10:41,home,Tablet,Canada,Direct,35,0,0
session_4752,user_2454,8/18/2025 10:43,product_page,Tablet,Canada,Direct,124,1,0
session_4752,user_2454,8/18/2025 10:46,cart,Tablet,Canada,Direct,169,1,0
session_4753,user_2546,6/15/2025 14:30,home,Tablet,Canada,Social Media,157,0,0
session_4753,user_2546,6/15/2025 14:32,product_page,Tablet,Canada,Social Media,102,5,0
session_4753,user_2546,6/15/2025 14:33,cart,Tablet,Canada,Social Media,74,5,0
session_4754,user_2689,6/14/2025 13:22,home,Desktop,Australia,Google,175,0,0
session_4754,user_2689,6/14/2025 13:23,product_page,Desktop,Australia,Google,17,1,0
session_4754,user_2689,6/14/2025 13:25,cart,Desktop,Australia,Google,159,1,0
session_4755,user_2424,4/15/2025 15:20,home,Desktop,Canada,Social Media,171,0,0
session_4755,user_2424,4/15/2025 15:21,product_page,Desktop,Canada,Social Media,22,3,0
session_4756,user_1577,6/1/2025 19:48,home,Tablet,Australia,Social Media,15,0,0
session_4756,user_1577,6/1/2025 19:51,product_page,Tablet,Australia,Social Media,179,0,0
session_4757,user_1903,6/14/2025 9:46,home,Desktop,Germany,Google,161,0,1
session_4757,user_1903,6/14/2025 9:49,product_page,Desktop,Germany,Google,161,0,1
session_4757,user_1903,6/14/2025 9:50,cart,Desktop,Germany,Google,66,0,1
session_4757,user_1903,6/14/2025 9:51,checkout,Desktop,Germany,Google,17,2,1
session_4757,user_1903,6/14/2025 9:52,confirmation,Desktop,Germany,Google,72,0,1
session_4758,user_2738,1/19/2025 16:46,home,Tablet,USA,Email,50,0,0
session_4758,user_2738,1/19/2025 16:48,product_page,Tablet,USA,Email,91,1,0
session_4758,user_2738,1/19/2025 16:48,cart,Tablet,USA,Email,28,1,0
session_4759,user_2657,4/28/2025 3:26,home,Mobile,Australia,Google,99,0,0
session_4759,user_2657,4/28/2025 3:27,product_page,Mobile,Australia,Google,54,3,0
session_4760,user_2842,7/29/2025 15:42,home,Mobile,Canada,Google,163,0,0
session_4761,user_2517,1/29/2025 3:51,home,Desktop,India,Email,75,0,0
session_4761,user_2517,1/29/2025 3:52,product_page,Desktop,India,Email,36,0,0
session_4761,user_2517,1/29/2025 3:54,cart,Desktop,India,Email,104,0,0
session_4762,user_1429,3/16/2025 0:12,home,Desktop,Canada,Email,74,0,0
session_4763,user_1997,8/2/2025 13:11,home,Desktop,Germany,Google,114,0,0
session_4763,user_1997,8/2/2025 13:13,product_page,Desktop,Germany,Google,165,0,0
session_4764,user_1495,5/21/2025 12:50,home,Tablet,UK,Direct,114,0,0
session_4764,user_1495,5/21/2025 12:52,product_page,Tablet,UK,Direct,95,1,0
session_4765,user_1214,7/14/2025 5:04,home,Desktop,Australia,Direct,127,0,0
session_4765,user_1214,7/14/2025 5:07,product_page,Desktop,Australia,Direct,149,0,0
session_4766,user_2552,5/21/2025 8:14,home,Desktop,Germany,Social Media,137,0,0
session_4766,user_2552,5/21/2025 8:15,product_page,Desktop,Germany,Social Media,58,0,0
session_4766,user_2552,5/21/2025 8:17,cart,Desktop,Germany,Social Media,160,0,0
session_4767,user_1427,5/21/2025 2:35,home,Mobile,Australia,Google,42,0,0
session_4767,user_1427,5/21/2025 2:37,product_page,Mobile,Australia,Google,151,0,0
session_4768,user_2608,6/15/2025 4:21,home,Mobile,Canada,Email,166,0,0
session_4769,user_1660,6/1/2025 7:23,home,Tablet,Germany,Email,164,0,0
session_4769,user_1660,6/1/2025 7:25,product_page,Tablet,Germany,Email,122,0,0
session_4769,user_1660,6/1/2025 7:28,cart,Tablet,Germany,Email,151,0,0
session_4770,user_2799,4/13/2025 13:05,home,Desktop,France,Google,65,0,1
session_4770,user_2799,4/13/2025 13:06,product_page,Desktop,France,Google,69,4,1
session_4770,user_2799,4/13/2025 13:08,cart,Desktop,France,Google,84,4,1
session_4770,user_2799,4/13/2025 13:08,checkout,Desktop,France,Google,42,4,1
session_4770,user_2799,4/13/2025 13:11,confirmation,Desktop,France,Google,175,0,1
session_4771,user_1885,5/14/2025 17:12,home,Desktop,Germany,Google,52,0,1
session_4771,user_1885,5/14/2025 17:13,product_page,Desktop,Germany,Google,38,0,1
session_4771,user_1885,5/14/2025 17:14,cart,Desktop,Germany,Google,49,0,1
session_4771,user_1885,5/14/2025 17:14,checkout,Desktop,Germany,Google,27,2,1
session_4771,user_1885,5/14/2025 17:16,confirmation,Desktop,Germany,Google,146,0,1
session_4772,user_2653,5/28/2025 13:40,home,Mobile,UK,Direct,15,0,0
session_4772,user_2653,5/28/2025 13:43,product_page,Mobile,UK,Direct,153,2,0
session_4773,user_1391,5/2/2025 13:13,home,Tablet,Germany,Google,120,0,0
session_4773,user_1391,5/2/2025 13:16,product_page,Tablet,Germany,Google,164,3,0
session_4774,user_1379,5/12/2025 15:55,home,Desktop,France,Email,55,0,1
session_4774,user_1379,5/12/2025 15:56,product_page,Desktop,France,Email,71,3,1
session_4774,user_1379,5/12/2025 15:59,cart,Desktop,France,Email,170,3,1
session_4774,user_1379,5/12/2025 16:02,checkout,Desktop,France,Email,158,3,1
session_4774,user_1379,5/12/2025 16:05,confirmation,Desktop,France,Email,177,0,1
session_4775,user_1448,7/11/2025 7:08,home,Mobile,Australia,Email,100,0,0
session_4775,user_1448,7/11/2025 7:09,product_page,Mobile,Australia,Email,77,0,0
session_4776,user_2730,1/16/2025 5:22,home,Desktop,France,Social Media,140,0,0
session_4777,user_2490,5/22/2025 10:16,home,Tablet,France,Social Media,128,0,0
session_4777,user_2490,5/22/2025 10:16,product_page,Tablet,France,Social Media,23,2,0
session_4777,user_2490,5/22/2025 10:17,cart,Tablet,France,Social Media,50,2,0
session_4778,user_1065,5/21/2025 23:51,home,Desktop,Canada,Direct,20,0,0
session_4778,user_1065,5/21/2025 23:54,product_page,Desktop,Canada,Direct,178,3,0
session_4779,user_2633,6/26/2025 7:19,home,Tablet,France,Social Media,70,0,0
session_4779,user_2633,6/26/2025 7:22,product_page,Tablet,France,Social Media,177,0,0
session_4780,user_1971,5/26/2025 22:50,home,Mobile,Canada,Email,164,0,0
session_4780,user_1971,5/26/2025 22:50,product_page,Mobile,Canada,Email,19,1,0
session_4781,user_2300,8/31/2025 7:01,home,Mobile,USA,Social Media,177,0,0
session_4781,user_2300,8/31/2025 7:04,product_page,Mobile,USA,Social Media,142,4,0
session_4782,user_2017,3/19/2025 23:48,home,Mobile,Canada,Social Media,176,0,0
session_4782,user_2017,3/19/2025 23:51,product_page,Mobile,Canada,Social Media,176,0,0
session_4782,user_2017,3/19/2025 23:52,cart,Mobile,Canada,Social Media,50,0,0
session_4783,user_1429,1/24/2025 0:00,home,Mobile,India,Direct,170,0,0
session_4783,user_1429,1/24/2025 0:01,product_page,Mobile,India,Direct,71,0,0
session_4784,user_1523,8/3/2025 15:06,home,Tablet,France,Email,56,0,1
session_4784,user_1523,8/3/2025 15:07,product_page,Tablet,France,Email,43,2,1
session_4784,user_1523,8/3/2025 15:08,cart,Tablet,France,Email,101,2,1
session_4784,user_1523,8/3/2025 15:11,checkout,Tablet,France,Email,143,2,1
session_4784,user_1523,8/3/2025 15:13,confirmation,Tablet,France,Email,130,0,1
session_4785,user_2723,2/12/2025 9:00,home,Mobile,Germany,Social Media,55,0,0
session_4785,user_2723,2/12/2025 9:01,product_page,Mobile,Germany,Social Media,62,2,0
session_4786,user_1200,5/23/2025 8:17,home,Mobile,USA,Social Media,104,0,0
session_4787,user_1087,2/5/2025 2:04,home,Mobile,Australia,Social Media,37,0,0
session_4787,user_1087,2/5/2025 2:05,product_page,Mobile,Australia,Social Media,75,0,0
session_4788,user_2042,1/28/2025 13:21,home,Mobile,Canada,Email,75,0,0
session_4788,user_2042,1/28/2025 13:24,product_page,Mobile,Canada,Email,179,3,0
session_4789,user_2683,5/8/2025 9:12,home,Tablet,USA,Direct,112,0,0
session_4789,user_2683,5/8/2025 9:14,product_page,Tablet,USA,Direct,154,1,0
session_4790,user_1025,6/5/2025 18:56,home,Mobile,UK,Google,154,0,0
session_4790,user_1025,6/5/2025 18:59,product_page,Mobile,UK,Google,175,5,0
session_4790,user_1025,6/5/2025 19:01,cart,Mobile,UK,Google,114,5,0
session_4791,user_2218,6/29/2025 4:09,home,Mobile,Canada,Google,96,0,1
session_4791,user_2218,6/29/2025 4:11,product_page,Mobile,Canada,Google,102,3,1
session_4791,user_2218,6/29/2025 4:12,cart,Mobile,Canada,Google,49,3,1
session_4791,user_2218,6/29/2025 4:12,checkout,Mobile,Canada,Google,41,3,1
session_4791,user_2218,6/29/2025 4:15,confirmation,Mobile,Canada,Google,166,0,1
session_4792,user_2243,7/28/2025 17:27,home,Desktop,Germany,Google,174,0,0
session_4792,user_2243,7/28/2025 17:29,product_page,Desktop,Germany,Google,129,0,0
session_4793,user_2473,8/22/2025 9:14,home,Mobile,France,Direct,50,0,0
session_4793,user_2473,8/22/2025 9:15,product_page,Mobile,France,Direct,54,4,0
session_4794,user_1967,7/21/2025 8:50,home,Desktop,France,Google,141,0,1
session_4794,user_1967,7/21/2025 8:53,product_page,Desktop,France,Google,134,1,1
session_4794,user_1967,7/21/2025 8:55,cart,Desktop,France,Google,130,1,1
session_4794,user_1967,7/21/2025 8:56,checkout,Desktop,France,Google,93,1,1
session_4794,user_1967,7/21/2025 8:59,confirmation,Desktop,France,Google,174,0,1
session_4795,user_2876,5/18/2025 7:16,home,Mobile,UK,Google,55,0,0
session_4796,user_1213,1/25/2025 21:23,home,Mobile,France,Social Media,137,0,0
session_4797,user_1915,3/30/2025 17:56,home,Desktop,Germany,Social Media,149,0,0
session_4797,user_1915,3/30/2025 17:58,product_page,Desktop,Germany,Social Media,150,0,0
session_4798,user_1943,7/22/2025 16:24,home,Desktop,Canada,Email,133,0,0
session_4798,user_1943,7/22/2025 16:26,product_page,Desktop,Canada,Email,125,2,0
session_4799,user_1262,4/13/2025 15:44,home,Desktop,Australia,Social Media,110,0,0
session_4799,user_1262,4/13/2025 15:47,product_page,Desktop,Australia,Social Media,171,3,0
session_4800,user_1442,5/25/2025 1:56,home,Desktop,Canada,Social Media,35,0,0
session_4800,user_1442,5/25/2025 1:57,product_page,Desktop,Canada,Social Media,47,0,0
session_4801,user_1959,3/17/2025 17:26,home,Tablet,Australia,Google,19,0,1
session_4801,user_1959,3/17/2025 17:29,product_page,Tablet,Australia,Google,179,0,1
session_4801,user_1959,3/17/2025 17:32,cart,Tablet,Australia,Google,155,4,1
session_4801,user_1959,3/17/2025 17:34,checkout,Tablet,Australia,Google,116,4,1
session_4801,user_1959,3/17/2025 17:35,confirmation,Tablet,Australia,Google,79,0,1
session_4802,user_2366,3/4/2025 23:42,home,Mobile,UK,Google,31,0,0
session_4802,user_2366,3/4/2025 23:44,product_page,Mobile,UK,Google,113,2,0
session_4803,user_2252,6/24/2025 23:23,home,Desktop,France,Social Media,104,0,0
session_4804,user_2847,5/9/2025 4:54,home,Tablet,Germany,Social Media,72,0,0
session_4804,user_2847,5/9/2025 4:56,product_page,Tablet,Germany,Social Media,112,0,0
session_4805,user_2070,5/19/2025 20:51,home,Desktop,UK,Google,92,0,0
session_4805,user_2070,5/19/2025 20:53,product_page,Desktop,UK,Google,137,4,0
session_4806,user_2553,2/6/2025 10:43,home,Desktop,Australia,Direct,106,0,0
session_4806,user_2553,2/6/2025 10:45,product_page,Desktop,Australia,Direct,110,0,0
session_4807,user_1462,8/5/2025 10:25,home,Mobile,India,Email,84,0,0
session_4808,user_1814,4/13/2025 6:27,home,Desktop,France,Social Media,82,0,0
session_4808,user_1814,4/13/2025 6:30,product_page,Desktop,France,Social Media,139,4,0
session_4809,user_1159,1/14/2025 4:36,home,Desktop,Germany,Social Media,159,0,1
session_4809,user_1159,1/14/2025 4:38,product_page,Desktop,Germany,Social Media,114,1,1
session_4809,user_1159,1/14/2025 4:41,cart,Desktop,Germany,Social Media,165,1,1
session_4809,user_1159,1/14/2025 4:43,checkout,Desktop,Germany,Social Media,154,1,1
session_4809,user_1159,1/14/2025 4:46,confirmation,Desktop,Germany,Social Media,156,0,1
session_4810,user_2506,2/3/2025 15:26,home,Tablet,UK,Email,76,0,0
session_4811,user_2961,1/3/2025 23:37,home,Desktop,Germany,Social Media,165,0,0
session_4811,user_2961,1/3/2025 23:38,product_page,Desktop,Germany,Social Media,53,4,0
session_4811,user_2961,1/3/2025 23:39,cart,Desktop,Germany,Social Media,53,4,0
session_4811,user_2961,1/3/2025 23:40,checkout,Desktop,Germany,Social Media,58,4,0
session_4812,user_1314,1/7/2025 0:17,home,Desktop,Germany,Social Media,51,0,0
session_4812,user_1314,1/7/2025 0:18,product_page,Desktop,Germany,Social Media,65,2,0
session_4813,user_2319,8/1/2025 18:13,home,Mobile,USA,Direct,117,0,1
session_4813,user_2319,8/1/2025 18:15,product_page,Mobile,USA,Direct,110,1,1
session_4813,user_2319,8/1/2025 18:17,cart,Mobile,USA,Direct,139,1,1
session_4813,user_2319,8/1/2025 18:18,checkout,Mobile,USA,Direct,59,1,1
session_4813,user_2319,8/1/2025 18:21,confirmation,Mobile,USA,Direct,128,0,1
session_4814,user_1953,4/18/2025 19:20,home,Desktop,Australia,Direct,100,0,0
session_4814,user_1953,4/18/2025 19:20,product_page,Desktop,Australia,Direct,16,0,0
session_4815,user_1419,2/4/2025 4:52,home,Tablet,France,Google,70,0,0
session_4815,user_1419,2/4/2025 4:54,product_page,Tablet,France,Google,113,0,0
session_4816,user_2642,6/3/2025 18:52,home,Desktop,France,Social Media,160,0,0
session_4817,user_2290,4/12/2025 6:21,home,Mobile,Australia,Google,156,0,0
session_4817,user_2290,4/12/2025 6:22,product_page,Mobile,Australia,Google,71,0,0
session_4818,user_2379,4/14/2025 7:33,home,Tablet,Canada,Direct,104,0,0
session_4818,user_2379,4/14/2025 7:36,product_page,Tablet,Canada,Direct,160,0,0
session_4819,user_2529,5/26/2025 5:08,home,Desktop,Australia,Social Media,94,0,0
session_4820,user_1906,2/23/2025 12:40,home,Desktop,France,Direct,180,0,0
session_4820,user_1906,2/23/2025 12:41,product_page,Desktop,France,Direct,108,3,0
session_4821,user_1058,7/3/2025 19:28,home,Desktop,Germany,Email,68,0,0
session_4821,user_1058,7/3/2025 19:31,product_page,Desktop,Germany,Email,172,3,0
session_4822,user_1061,5/28/2025 5:18,home,Tablet,Australia,Google,136,0,0
session_4822,user_1061,5/28/2025 5:21,product_page,Tablet,Australia,Google,165,5,0
session_4823,user_1733,1/14/2025 10:28,home,Mobile,India,Social Media,118,0,0
session_4823,user_1733,1/14/2025 10:29,product_page,Mobile,India,Social Media,73,1,0
session_4824,user_2851,1/7/2025 23:05,home,Mobile,France,Direct,96,0,0
session_4825,user_1334,5/30/2025 12:56,home,Mobile,UK,Direct,97,0,0
session_4826,user_2119,7/17/2025 10:09,home,Desktop,France,Google,111,0,0
session_4826,user_2119,7/17/2025 10:10,product_page,Desktop,France,Google,68,0,0
session_4826,user_2119,7/17/2025 10:12,cart,Desktop,France,Google,110,2,0
session_4827,user_2616,5/23/2025 14:36,home,Mobile,Australia,Google,159,0,0
session_4828,user_2509,6/18/2025 14:27,home,Tablet,India,Email,123,0,1
session_4828,user_2509,6/18/2025 14:29,product_page,Tablet,India,Email,128,3,1
session_4828,user_2509,6/18/2025 14:32,cart,Tablet,India,Email,165,3,1
session_4828,user_2509,6/18/2025 14:33,checkout,Tablet,India,Email,49,3,1
session_4828,user_2509,6/18/2025 14:35,confirmation,Tablet,India,Email,113,0,1
session_4829,user_2284,6/17/2025 6:30,home,Mobile,Canada,Direct,142,0,0
session_4830,user_2063,8/4/2025 19:24,home,Tablet,Canada,Direct,159,0,0
session_4831,user_2955,2/11/2025 20:53,home,Desktop,France,Direct,32,0,1
session_4831,user_2955,2/11/2025 20:54,product_page,Desktop,France,Direct,88,0,1
session_4831,user_2955,2/11/2025 20:56,cart,Desktop,France,Direct,91,0,1
session_4831,user_2955,2/11/2025 20:58,checkout,Desktop,France,Direct,150,2,1
session_4831,user_2955,2/11/2025 21:01,confirmation,Desktop,France,Direct,173,0,1
session_4832,user_2938,1/22/2025 0:21,home,Desktop,Canada,Direct,105,0,0
session_4832,user_2938,1/22/2025 0:23,product_page,Desktop,Canada,Direct,96,3,0
session_4833,user_1294,1/16/2025 12:39,home,Tablet,France,Email,164,0,0
session_4833,user_1294,1/16/2025 12:40,product_page,Tablet,France,Email,85,0,0
session_4834,user_1823,7/6/2025 4:26,home,Tablet,India,Google,177,0,0
session_4834,user_1823,7/6/2025 4:27,product_page,Tablet,India,Google,60,0,0
session_4835,user_1839,2/20/2025 14:10,home,Tablet,UK,Email,144,0,0
session_4835,user_1839,2/20/2025 14:12,product_page,Tablet,UK,Email,133,4,0
session_4836,user_2627,6/15/2025 20:16,home,Tablet,USA,Social Media,64,0,0
session_4837,user_1755,4/15/2025 17:34,home,Mobile,USA,Social Media,153,0,0
session_4838,user_1777,3/12/2025 18:47,home,Desktop,UK,Google,56,0,0
session_4838,user_1777,3/12/2025 18:48,product_page,Desktop,UK,Google,59,0,0
session_4839,user_1917,3/13/2025 15:19,home,Desktop,France,Email,27,0,0
session_4839,user_1917,3/13/2025 15:20,product_page,Desktop,France,Email,39,0,0
session_4840,user_2896,6/10/2025 4:30,home,Tablet,France,Google,20,0,0
session_4840,user_2896,6/10/2025 4:33,product_page,Tablet,France,Google,156,1,0
session_4841,user_2987,7/8/2025 12:13,home,Mobile,USA,Social Media,125,0,0
session_4842,user_2304,8/16/2025 5:01,home,Mobile,Australia,Email,16,0,1
session_4842,user_2304,8/16/2025 5:03,product_page,Mobile,Australia,Email,152,0,1
session_4842,user_2304,8/16/2025 5:06,cart,Mobile,Australia,Email,137,3,1
session_4842,user_2304,8/16/2025 5:08,checkout,Mobile,Australia,Email,127,3,1
session_4842,user_2304,8/16/2025 5:10,confirmation,Mobile,Australia,Email,122,0,1
session_4843,user_2048,1/30/2025 19:26,home,Mobile,Canada,Email,77,0,0
session_4843,user_2048,1/30/2025 19:28,product_page,Mobile,Canada,Email,113,5,0
session_4844,user_2697,3/31/2025 15:08,home,Tablet,USA,Direct,20,0,1
session_4844,user_2697,3/31/2025 15:09,product_page,Tablet,USA,Direct,38,2,1
session_4844,user_2697,3/31/2025 15:11,cart,Tablet,USA,Direct,86,2,1
session_4844,user_2697,3/31/2025 15:13,checkout,Tablet,USA,Direct,168,2,1
session_4844,user_2697,3/31/2025 15:14,confirmation,Tablet,USA,Direct,57,0,1
session_4845,user_2575,8/12/2025 16:37,home,Desktop,Canada,Email,120,0,0
session_4845,user_2575,8/12/2025 16:39,product_page,Desktop,Canada,Email,128,4,0
session_4846,user_2440,1/14/2025 9:48,home,Desktop,Germany,Social Media,35,0,0
session_4846,user_2440,1/14/2025 9:50,product_page,Desktop,Germany,Social Media,161,0,0
session_4847,user_1913,8/17/2025 4:56,home,Mobile,UK,Social Media,167,0,0
session_4847,user_1913,8/17/2025 4:59,product_page,Mobile,UK,Social Media,180,0,0
session_4848,user_2573,4/19/2025 18:59,home,Mobile,India,Email,145,0,0
session_4848,user_2573,4/19/2025 18:59,product_page,Mobile,India,Email,54,0,0
session_4849,user_1014,2/20/2025 23:01,home,Desktop,India,Social Media,62,0,1
session_4849,user_1014,2/20/2025 23:02,product_page,Desktop,India,Social Media,67,1,1
session_4849,user_1014,2/20/2025 23:05,cart,Desktop,India,Social Media,170,1,1
session_4849,user_1014,2/20/2025 23:06,checkout,Desktop,India,Social Media,65,1,1
session_4849,user_1014,2/20/2025 23:08,confirmation,Desktop,India,Social Media,140,0,1
session_4850,user_1446,6/28/2025 15:25,home,Desktop,Australia,Direct,28,0,0
session_4851,user_2892,2/21/2025 14:05,home,Mobile,USA,Direct,75,0,0
session_4851,user_2892,2/21/2025 14:07,product_page,Mobile,USA,Direct,88,3,0
session_4852,user_2385,3/26/2025 3:00,home,Desktop,India,Google,96,0,0
session_4852,user_2385,3/26/2025 3:00,product_page,Desktop,India,Google,18,4,0
session_4853,user_2442,3/8/2025 3:24,home,Desktop,Germany,Social Media,94,0,0
session_4853,user_2442,3/8/2025 3:25,product_page,Desktop,Germany,Social Media,23,1,0
session_4854,user_1711,6/6/2025 1:22,home,Mobile,France,Google,153,0,0
session_4854,user_1711,6/6/2025 1:23,product_page,Mobile,France,Google,77,3,0
session_4855,user_1495,2/2/2025 4:52,home,Mobile,India,Direct,152,0,0
session_4855,user_1495,2/2/2025 4:53,product_page,Mobile,India,Direct,42,4,0
session_4856,user_1475,2/27/2025 3:04,home,Mobile,France,Direct,133,0,0
session_4856,user_1475,2/27/2025 3:04,product_page,Mobile,France,Direct,20,3,0
session_4857,user_2449,3/8/2025 13:40,home,Mobile,Canada,Social Media,112,0,0
session_4858,user_1245,2/4/2025 2:31,home,Tablet,France,Google,101,0,0
session_4859,user_2027,2/8/2025 3:33,home,Mobile,UK,Social Media,148,0,0
session_4859,user_2027,2/8/2025 3:35,product_page,Mobile,UK,Social Media,77,3,0
session_4860,user_2168,2/7/2025 8:49,home,Mobile,Australia,Social Media,170,0,0
session_4860,user_2168,2/7/2025 8:51,product_page,Mobile,Australia,Social Media,134,0,0
session_4861,user_1237,7/24/2025 10:11,home,Tablet,Australia,Email,88,0,0
session_4861,user_1237,7/24/2025 10:13,product_page,Tablet,Australia,Email,132,3,0
session_4862,user_1718,8/5/2025 10:19,home,Tablet,Germany,Email,55,0,0
session_4863,user_1594,4/30/2025 23:20,home,Tablet,USA,Google,44,0,0
session_4863,user_1594,4/30/2025 23:23,product_page,Tablet,USA,Google,163,1,0
session_4864,user_2436,4/10/2025 21:28,home,Mobile,USA,Social Media,21,0,0
session_4864,user_2436,4/10/2025 21:30,product_page,Mobile,USA,Social Media,126,5,0
session_4864,user_2436,4/10/2025 21:33,cart,Mobile,USA,Social Media,135,5,0
session_4865,user_1460,8/23/2025 8:23,home,Tablet,India,Direct,145,0,0
session_4865,user_1460,8/23/2025 8:24,product_page,Tablet,India,Direct,92,4,0
session_4866,user_2899,6/15/2025 16:31,home,Tablet,USA,Direct,133,0,0
session_4867,user_1063,6/3/2025 20:38,home,Tablet,France,Direct,136,0,0
session_4868,user_1762,2/18/2025 23:36,home,Tablet,UK,Social Media,27,0,0
session_4868,user_1762,2/18/2025 23:39,product_page,Tablet,UK,Social Media,140,0,0
session_4869,user_2311,6/26/2025 12:36,home,Mobile,India,Direct,169,0,0
session_4870,user_2911,4/13/2025 8:19,home,Desktop,USA,Direct,55,0,0
session_4871,user_2131,5/24/2025 7:43,home,Mobile,Germany,Direct,48,0,0
session_4871,user_2131,5/24/2025 7:43,product_page,Mobile,Germany,Direct,26,0,0
session_4872,user_2462,5/30/2025 13:35,home,Mobile,France,Email,83,0,0
session_4873,user_2791,5/1/2025 23:43,home,Tablet,USA,Social Media,179,0,0
session_4873,user_2791,5/1/2025 23:46,product_page,Tablet,USA,Social Media,176,4,0
session_4873,user_2791,5/1/2025 23:48,cart,Tablet,USA,Social Media,148,4,0
session_4874,user_2825,6/2/2025 7:13,home,Desktop,UK,Email,68,0,0
session_4875,user_2922,3/26/2025 6:40,home,Tablet,UK,Google,57,0,0
session_4875,user_2922,3/26/2025 6:43,product_page,Tablet,UK,Google,150,4,0
session_4876,user_2041,8/26/2025 14:29,home,Mobile,Canada,Social Media,64,0,0
session_4877,user_1681,8/21/2025 10:35,home,Desktop,India,Social Media,32,0,1
session_4877,user_1681,8/21/2025 10:38,product_page,Desktop,India,Social Media,161,5,1
session_4877,user_1681,8/21/2025 10:39,cart,Desktop,India,Social Media,70,5,1
session_4877,user_1681,8/21/2025 10:41,checkout,Desktop,India,Social Media,128,5,1
session_4877,user_1681,8/21/2025 10:41,confirmation,Desktop,India,Social Media,30,0,1
session_4878,user_2579,2/6/2025 5:03,home,Tablet,Australia,Social Media,104,0,0
session_4878,user_2579,2/6/2025 5:03,product_page,Tablet,Australia,Social Media,26,3,0
session_4879,user_1362,5/15/2025 16:25,home,Tablet,USA,Email,15,0,1
session_4879,user_1362,5/15/2025 16:25,product_page,Tablet,USA,Email,40,0,1
session_4879,user_1362,5/15/2025 16:26,cart,Tablet,USA,Email,24,2,1
session_4879,user_1362,5/15/2025 16:28,checkout,Tablet,USA,Email,120,2,1
session_4879,user_1362,5/15/2025 16:28,confirmation,Tablet,USA,Email,41,0,1
session_4880,user_2102,3/19/2025 21:01,home,Tablet,USA,Direct,57,0,0
session_4880,user_2102,3/19/2025 21:03,product_page,Tablet,USA,Direct,156,0,0
session_4881,user_2650,1/17/2025 5:55,home,Desktop,India,Google,159,0,0
session_4881,user_2650,1/17/2025 5:56,product_page,Desktop,India,Google,80,2,0
session_4881,user_2650,1/17/2025 5:58,cart,Desktop,India,Google,131,2,0
session_4882,user_1731,4/12/2025 11:25,home,Mobile,Germany,Google,65,0,0
session_4882,user_1731,4/12/2025 11:27,product_page,Mobile,Germany,Google,94,2,0
session_4883,user_2145,2/15/2025 17:38,home,Tablet,UK,Direct,52,0,1
session_4883,user_2145,2/15/2025 17:40,product_page,Tablet,UK,Direct,121,1,1
session_4883,user_2145,2/15/2025 17:42,cart,Tablet,UK,Direct,72,1,1
session_4883,user_2145,2/15/2025 17:43,checkout,Tablet,UK,Direct,69,1,1
session_4883,user_2145,2/15/2025 17:44,confirmation,Tablet,UK,Direct,58,0,1
session_4884,user_1717,8/25/2025 2:28,home,Mobile,India,Direct,77,0,1
session_4884,user_1717,8/25/2025 2:30,product_page,Mobile,India,Direct,96,0,1
session_4884,user_1717,8/25/2025 2:31,cart,Mobile,India,Direct,52,3,1
session_4884,user_1717,8/25/2025 2:32,checkout,Mobile,India,Direct,66,3,1
session_4884,user_1717,8/25/2025 2:34,confirmation,Mobile,India,Direct,97,0,1
session_4885,user_1092,8/31/2025 11:37,home,Mobile,India,Social Media,133,0,0
session_4885,user_1092,8/31/2025 11:40,product_page,Mobile,India,Social Media,162,2,0
session_4886,user_2739,5/26/2025 13:55,home,Mobile,Germany,Direct,33,0,1
session_4886,user_2739,5/26/2025 13:57,product_page,Mobile,Germany,Direct,125,3,1
session_4886,user_2739,5/26/2025 13:58,cart,Mobile,Germany,Direct,64,3,1
session_4886,user_2739,5/26/2025 13:59,checkout,Mobile,Germany,Direct,57,3,1
session_4886,user_2739,5/26/2025 14:00,confirmation,Mobile,Germany,Direct,60,0,1
session_4887,user_2095,1/19/2025 8:40,home,Desktop,Germany,Direct,86,0,0
session_4887,user_2095,1/19/2025 8:42,product_page,Desktop,Germany,Direct,100,2,0
session_4887,user_2095,1/19/2025 8:45,cart,Desktop,Germany,Direct,175,2,0
session_4887,user_2095,1/19/2025 8:47,checkout,Desktop,Germany,Direct,102,2,0
session_4888,user_2242,6/24/2025 4:46,home,Mobile,Australia,Social Media,88,0,0
session_4888,user_2242,6/24/2025 4:48,product_page,Mobile,Australia,Social Media,130,2,0
session_4889,user_2993,5/14/2025 8:27,home,Tablet,France,Google,79,0,0
session_4889,user_2993,5/14/2025 8:29,product_page,Tablet,France,Google,139,0,0
session_4889,user_2993,5/14/2025 8:31,cart,Tablet,France,Google,121,5,0
session_4890,user_1624,1/24/2025 9:31,home,Desktop,Australia,Social Media,97,0,0
session_4891,user_1252,6/14/2025 8:36,home,Tablet,France,Email,88,0,0
session_4891,user_1252,6/14/2025 8:37,product_page,Tablet,France,Email,62,4,0
session_4892,user_2917,7/18/2025 7:50,home,Desktop,USA,Direct,168,0,0
session_4893,user_1023,8/7/2025 10:50,home,Tablet,UK,Email,50,0,0
session_4893,user_1023,8/7/2025 10:50,product_page,Tablet,UK,Email,15,0,0
session_4894,user_1377,3/2/2025 7:28,home,Mobile,France,Direct,135,0,0
session_4894,user_1377,3/2/2025 7:28,product_page,Mobile,France,Direct,29,3,0
session_4895,user_2785,8/23/2025 2:23,home,Tablet,India,Email,134,0,0
session_4896,user_1030,5/21/2025 6:35,home,Mobile,India,Social Media,118,0,0
session_4897,user_1007,5/2/2025 8:48,home,Desktop,Australia,Email,89,0,1
session_4897,user_1007,5/2/2025 8:51,product_page,Desktop,Australia,Email,176,3,1
session_4897,user_1007,5/2/2025 8:51,cart,Desktop,Australia,Email,34,3,1
session_4897,user_1007,5/2/2025 8:53,checkout,Desktop,Australia,Email,134,3,1
session_4897,user_1007,5/2/2025 8:54,confirmation,Desktop,Australia,Email,50,0,1
session_4898,user_1883,7/29/2025 11:47,home,Desktop,USA,Direct,152,0,1
session_4898,user_1883,7/29/2025 11:49,product_page,Desktop,USA,Direct,136,3,1
session_4898,user_1883,7/29/2025 11:51,cart,Desktop,USA,Direct,74,3,1
session_4898,user_1883,7/29/2025 11:53,checkout,Desktop,USA,Direct,123,3,1
session_4898,user_1883,7/29/2025 11:53,confirmation,Desktop,USA,Direct,43,0,1
session_4899,user_2746,2/16/2025 17:07,home,Desktop,Canada,Google,178,0,0
session_4899,user_2746,2/16/2025 17:10,product_page,Desktop,Canada,Google,144,1,0
session_4900,user_2517,7/31/2025 23:45,home,Tablet,Germany,Social Media,69,0,0
session_4901,user_2290,5/19/2025 10:27,home,Tablet,Australia,Email,19,0,0
session_4901,user_2290,5/19/2025 10:30,product_page,Tablet,Australia,Email,169,4,0
session_4902,user_1835,6/18/2025 19:08,home,Mobile,France,Google,98,0,0
session_4903,user_1485,8/28/2025 19:52,home,Desktop,Germany,Direct,45,0,0
session_4903,user_1485,8/28/2025 19:53,product_page,Desktop,Germany,Direct,23,0,0
session_4904,user_2883,7/26/2025 18:10,home,Mobile,Canada,Google,149,0,1
session_4904,user_2883,7/26/2025 18:11,product_page,Mobile,Canada,Google,60,1,1
session_4904,user_2883,7/26/2025 18:12,cart,Mobile,Canada,Google,49,1,1
session_4904,user_2883,7/26/2025 18:15,checkout,Mobile,Canada,Google,176,1,1
session_4904,user_2883,7/26/2025 18:17,confirmation,Mobile,Canada,Google,97,0,1
session_4905,user_2844,3/2/2025 23:10,home,Tablet,France,Social Media,56,0,0
session_4905,user_2844,3/2/2025 23:10,product_page,Tablet,France,Social Media,32,2,0
session_4906,user_1072,4/23/2025 14:26,home,Mobile,India,Direct,88,0,0
session_4906,user_1072,4/23/2025 14:29,product_page,Mobile,India,Direct,179,0,0
session_4906,user_1072,4/23/2025 14:32,cart,Mobile,India,Direct,150,0,0
session_4906,user_1072,4/23/2025 14:32,checkout,Mobile,India,Direct,25,3,0
session_4907,user_1309,1/27/2025 11:23,home,Tablet,USA,Email,121,0,0
session_4907,user_1309,1/27/2025 11:23,product_page,Tablet,USA,Email,29,0,0
session_4907,user_1309,1/27/2025 11:26,cart,Tablet,USA,Email,151,3,0
session_4907,user_1309,1/27/2025 11:28,checkout,Tablet,USA,Email,126,3,0
session_4908,user_1959,7/28/2025 18:21,home,Tablet,USA,Direct,110,0,0
session_4908,user_1959,7/28/2025 18:22,product_page,Tablet,USA,Direct,107,4,0
session_4909,user_2008,5/28/2025 19:44,home,Tablet,India,Social Media,153,0,0
session_4910,user_1668,8/19/2025 2:20,home,Mobile,USA,Social Media,55,0,0
session_4910,user_1668,8/19/2025 2:23,product_page,Mobile,USA,Social Media,163,0,0
session_4911,user_2377,1/5/2025 14:49,home,Desktop,UK,Google,50,0,1
session_4911,user_2377,1/5/2025 14:51,product_page,Desktop,UK,Google,133,0,1
session_4911,user_2377,1/5/2025 14:53,cart,Desktop,UK,Google,72,3,1
session_4911,user_2377,1/5/2025 14:53,checkout,Desktop,UK,Google,46,3,1
session_4911,user_2377,1/5/2025 14:54,confirmation,Desktop,UK,Google,18,0,1
session_4912,user_2398,8/4/2025 13:55,home,Mobile,India,Google,106,0,0
session_4912,user_2398,8/4/2025 13:55,product_page,Mobile,India,Google,22,0,0
session_4913,user_1017,2/14/2025 9:56,home,Mobile,UK,Email,54,0,0
session_4913,user_1017,2/14/2025 9:58,product_page,Mobile,UK,Email,118,1,0
session_4914,user_2056,6/28/2025 14:57,home,Desktop,USA,Direct,171,0,1
session_4914,user_2056,6/28/2025 14:58,product_page,Desktop,USA,Direct,33,0,1
session_4914,user_2056,6/28/2025 14:59,cart,Desktop,USA,Direct,81,5,1
session_4914,user_2056,6/28/2025 15:00,checkout,Desktop,USA,Direct,50,5,1
session_4914,user_2056,6/28/2025 15:02,confirmation,Desktop,USA,Direct,95,0,1
session_4915,user_1749,6/13/2025 22:35,home,Tablet,Germany,Email,35,0,0
session_4915,user_1749,6/13/2025 22:38,product_page,Tablet,Germany,Email,147,1,0
session_4916,user_2873,1/29/2025 14:20,home,Tablet,Australia,Email,98,0,0
session_4917,user_1142,6/13/2025 19:36,home,Desktop,India,Social Media,96,0,1
session_4917,user_1142,6/13/2025 19:37,product_page,Desktop,India,Social Media,46,2,1
session_4917,user_1142,6/13/2025 19:38,cart,Desktop,India,Social Media,56,2,1
session_4917,user_1142,6/13/2025 19:39,checkout,Desktop,India,Social Media,68,2,1
session_4917,user_1142,6/13/2025 19:39,confirmation,Desktop,India,Social Media,37,0,1
session_4918,user_1106,4/25/2025 10:38,home,Tablet,USA,Email,122,0,0
session_4918,user_1106,4/25/2025 10:41,product_page,Tablet,USA,Email,141,1,0
session_4919,user_2534,6/6/2025 16:18,home,Desktop,Germany,Direct,44,0,0
session_4920,user_2195,5/31/2025 8:23,home,Desktop,Canada,Direct,125,0,0
session_4920,user_2195,5/31/2025 8:25,product_page,Desktop,Canada,Direct,139,4,0
session_4921,user_2217,3/12/2025 7:46,home,Tablet,France,Social Media,166,0,0
session_4921,user_2217,3/12/2025 7:47,product_page,Tablet,France,Social Media,98,2,0
session_4922,user_2435,1/9/2025 1:44,home,Mobile,Australia,Social Media,177,0,0
session_4922,user_2435,1/9/2025 1:45,product_page,Mobile,Australia,Social Media,36,4,0
session_4923,user_1127,5/3/2025 14:23,home,Tablet,Canada,Google,111,0,1
session_4923,user_1127,5/3/2025 14:23,product_page,Tablet,Canada,Google,19,0,1
session_4923,user_1127,5/3/2025 14:25,cart,Tablet,Canada,Google,107,1,1
session_4923,user_1127,5/3/2025 14:28,checkout,Tablet,Canada,Google,175,1,1
session_4923,user_1127,5/3/2025 14:29,confirmation,Tablet,Canada,Google,65,0,1
session_4924,user_2913,3/23/2025 5:20,home,Desktop,Australia,Email,87,0,0
session_4924,user_2913,3/23/2025 5:22,product_page,Desktop,Australia,Email,129,2,0
session_4924,user_2913,3/23/2025 5:24,cart,Desktop,Australia,Email,96,2,0
session_4925,user_2853,8/6/2025 2:31,home,Mobile,India,Google,40,0,0
session_4926,user_1943,5/6/2025 17:27,home,Desktop,Germany,Email,82,0,0
session_4927,user_2839,7/5/2025 11:54,home,Desktop,Germany,Google,50,0,0
session_4928,user_2222,2/1/2025 17:12,home,Desktop,India,Direct,124,0,0
session_4928,user_2222,2/1/2025 17:12,product_page,Desktop,India,Direct,41,4,0
session_4929,user_1868,1/26/2025 11:32,home,Tablet,Canada,Email,35,0,0
session_4929,user_1868,1/26/2025 11:35,product_page,Tablet,Canada,Email,150,0,0
session_4929,user_1868,1/26/2025 11:37,cart,Tablet,Canada,Email,155,5,0
session_4930,user_2963,6/7/2025 0:35,home,Tablet,Germany,Email,84,0,0
session_4930,user_2963,6/7/2025 0:38,product_page,Tablet,Germany,Email,177,0,0
session_4931,user_1171,6/26/2025 18:22,home,Mobile,Germany,Email,104,0,0
session_4931,user_1171,6/26/2025 18:22,product_page,Mobile,Germany,Email,36,3,0
session_4932,user_1508,7/5/2025 16:03,home,Mobile,Germany,Email,46,0,0
session_4933,user_1309,4/26/2025 1:30,home,Mobile,USA,Email,150,0,0
session_4934,user_1705,7/16/2025 20:59,home,Desktop,France,Email,168,0,0
session_4934,user_1705,7/16/2025 21:01,product_page,Desktop,France,Email,106,2,0
session_4935,user_1043,1/27/2025 2:11,home,Mobile,India,Direct,33,0,0
session_4935,user_1043,1/27/2025 2:12,product_page,Mobile,India,Direct,71,1,0
session_4935,user_1043,1/27/2025 2:13,cart,Mobile,India,Direct,81,1,0
session_4936,user_1181,6/25/2025 17:38,home,Tablet,UK,Google,177,0,0
session_4936,user_1181,6/25/2025 17:40,product_page,Tablet,UK,Google,160,3,0
session_4937,user_1623,5/18/2025 14:08,home,Desktop,USA,Social Media,43,0,0
session_4938,user_1580,3/22/2025 15:34,home,Mobile,India,Direct,151,0,0
session_4938,user_1580,3/22/2025 15:35,product_page,Mobile,India,Direct,66,0,0
session_4939,user_1571,1/22/2025 16:47,home,Tablet,Germany,Direct,48,0,0
session_4939,user_1571,1/22/2025 16:47,product_page,Tablet,Germany,Direct,36,2,0
session_4940,user_1055,3/23/2025 21:13,home,Mobile,France,Direct,127,0,0
session_4940,user_1055,3/23/2025 21:15,product_page,Mobile,France,Direct,145,1,0
session_4940,user_1055,3/23/2025 21:17,cart,Mobile,France,Direct,147,1,0
session_4941,user_2787,1/29/2025 23:10,home,Desktop,Canada,Direct,67,0,1
session_4941,user_2787,1/29/2025 23:10,product_page,Desktop,Canada,Direct,43,0,1
session_4941,user_2787,1/29/2025 23:11,cart,Desktop,Canada,Direct,32,5,1
session_4941,user_2787,1/29/2025 23:11,checkout,Desktop,Canada,Direct,23,5,1
session_4941,user_2787,1/29/2025 23:14,confirmation,Desktop,Canada,Direct,154,0,1
session_4942,user_2265,3/7/2025 7:56,home,Desktop,UK,Email,130,0,0
session_4942,user_2265,3/7/2025 7:58,product_page,Desktop,UK,Email,94,3,0
session_4942,user_2265,3/7/2025 7:59,cart,Desktop,UK,Email,106,3,0
session_4943,user_2240,6/9/2025 13:46,home,Mobile,India,Google,164,0,1
session_4943,user_2240,6/9/2025 13:48,product_page,Mobile,India,Google,96,0,1
session_4943,user_2240,6/9/2025 13:50,cart,Mobile,India,Google,127,0,1
session_4943,user_2240,6/9/2025 13:51,checkout,Mobile,India,Google,80,1,1
session_4943,user_2240,6/9/2025 13:54,confirmation,Mobile,India,Google,149,0,1
session_4944,user_1684,3/28/2025 15:51,home,Tablet,Australia,Google,79,0,0
session_4944,user_1684,3/28/2025 15:53,product_page,Tablet,Australia,Google,119,0,0
session_4945,user_1878,7/6/2025 21:46,home,Tablet,Germany,Email,103,0,0
session_4945,user_1878,7/6/2025 21:48,product_page,Tablet,Germany,Email,111,0,0
session_4946,user_2985,5/10/2025 0:46,home,Desktop,USA,Google,139,0,0
session_4946,user_2985,5/10/2025 0:47,product_page,Desktop,USA,Google,119,3,0
session_4946,user_2985,5/10/2025 0:49,cart,Desktop,USA,Google,100,3,0
session_4946,user_2985,5/10/2025 0:51,checkout,Desktop,USA,Google,89,3,0
session_4947,user_2765,4/10/2025 2:52,home,Desktop,Australia,Google,128,0,0
session_4947,user_2765,4/10/2025 2:53,product_page,Desktop,Australia,Google,112,2,0
session_4947,user_2765,4/10/2025 2:55,cart,Desktop,Australia,Google,117,2,0
session_4948,user_2533,5/18/2025 20:49,home,Mobile,USA,Google,110,0,0
session_4948,user_2533,5/18/2025 20:50,product_page,Mobile,USA,Google,52,0,0
session_4949,user_1453,1/5/2025 21:56,home,Desktop,France,Email,52,0,0
session_4949,user_1453,1/5/2025 21:57,product_page,Desktop,France,Email,48,5,0
session_4949,user_1453,1/5/2025 21:59,cart,Desktop,France,Email,133,5,0
session_4950,user_2239,4/21/2025 0:47,home,Desktop,India,Google,116,0,0
session_4950,user_2239,4/21/2025 0:49,product_page,Desktop,India,Google,76,0,0
session_4951,user_2043,1/30/2025 3:49,home,Desktop,Canada,Social Media,128,0,0
session_4952,user_2319,4/29/2025 19:40,home,Mobile,Australia,Social Media,163,0,0
session_4952,user_2319,4/29/2025 19:41,product_page,Mobile,Australia,Social Media,81,0,0
session_4952,user_2319,4/29/2025 19:44,cart,Mobile,Australia,Social Media,180,0,0
session_4953,user_1220,2/15/2025 5:17,home,Desktop,Australia,Email,25,0,0
session_4954,user_1903,1/15/2025 10:37,home,Mobile,UK,Email,34,0,0
session_4955,user_1203,5/7/2025 23:44,home,Tablet,France,Social Media,141,0,0
session_4955,user_1203,5/7/2025 23:47,product_page,Tablet,France,Social Media,169,1,0
session_4956,user_1851,6/16/2025 9:05,home,Tablet,India,Social Media,70,0,0
session_4957,user_2703,7/29/2025 22:45,home,Tablet,India,Google,36,0,0
session_4957,user_2703,7/29/2025 22:48,product_page,Tablet,India,Google,168,0,0
session_4957,user_2703,7/29/2025 22:50,cart,Tablet,India,Google,146,5,0
session_4957,user_2703,7/29/2025 22:51,checkout,Tablet,India,Google,58,5,0
session_4958,user_1976,1/7/2025 21:50,home,Desktop,Canada,Google,63,0,0
session_4958,user_1976,1/7/2025 21:53,product_page,Desktop,Canada,Google,177,0,0
session_4959,user_1638,5/11/2025 6:36,home,Tablet,Australia,Social Media,85,0,0
session_4959,user_1638,5/11/2025 6:39,product_page,Tablet,Australia,Social Media,168,0,0
session_4960,user_2273,4/28/2025 0:53,home,Desktop,France,Social Media,93,0,0
session_4960,user_2273,4/28/2025 0:54,product_page,Desktop,France,Social Media,59,0,0
session_4960,user_2273,4/28/2025 0:56,cart,Desktop,France,Social Media,160,0,0
session_4960,user_2273,4/28/2025 0:59,checkout,Desktop,France,Social Media,142,1,0
session_4961,user_1225,4/23/2025 8:41,home,Desktop,Germany,Google,149,0,0
session_4962,user_1857,5/18/2025 21:30,home,Mobile,Australia,Social Media,151,0,0
session_4963,user_2479,1/12/2025 18:51,home,Mobile,India,Direct,83,0,0
session_4963,user_2479,1/12/2025 18:52,product_page,Mobile,India,Direct,28,2,0
session_4963,user_2479,1/12/2025 18:53,cart,Mobile,India,Direct,52,2,0
session_4964,user_1828,2/21/2025 3:54,home,Tablet,France,Direct,87,0,0
session_4964,user_1828,2/21/2025 3:56,product_page,Tablet,France,Direct,94,1,0
session_4965,user_2458,6/9/2025 20:35,home,Tablet,Australia,Email,19,0,1
session_4965,user_2458,6/9/2025 20:38,product_page,Tablet,Australia,Email,166,0,1
session_4965,user_2458,6/9/2025 20:39,cart,Tablet,Australia,Email,64,4,1
session_4965,user_2458,6/9/2025 20:39,checkout,Tablet,Australia,Email,31,4,1
session_4965,user_2458,6/9/2025 20:41,confirmation,Tablet,Australia,Email,125,0,1
session_4966,user_1088,8/17/2025 16:04,home,Tablet,USA,Social Media,74,0,0
session_4966,user_1088,8/17/2025 16:06,product_page,Tablet,USA,Social Media,149,5,0
session_4967,user_1544,3/9/2025 9:54,home,Desktop,Canada,Direct,129,0,0
session_4967,user_1544,3/9/2025 9:56,product_page,Desktop,Canada,Direct,124,0,0
session_4968,user_2366,4/5/2025 23:05,home,Desktop,Australia,Email,63,0,1
session_4968,user_2366,4/5/2025 23:06,product_page,Desktop,Australia,Email,65,1,1
session_4968,user_2366,4/5/2025 23:09,cart,Desktop,Australia,Email,143,1,1
session_4968,user_2366,4/5/2025 23:11,checkout,Desktop,Australia,Email,126,1,1
session_4968,user_2366,4/5/2025 23:11,confirmation,Desktop,Australia,Email,20,0,1
session_4969,user_2984,5/6/2025 2:02,home,Mobile,Australia,Google,52,0,0
session_4969,user_2984,5/6/2025 2:04,product_page,Mobile,Australia,Google,129,0,0
session_4970,user_1297,7/1/2025 22:08,home,Mobile,France,Direct,167,0,0
session_4970,user_1297,7/1/2025 22:10,product_page,Mobile,France,Direct,135,0,0
session_4971,user_1399,3/19/2025 23:52,home,Desktop,Germany,Social Media,101,0,1
session_4971,user_1399,3/19/2025 23:55,product_page,Desktop,Germany,Social Media,142,0,1
session_4971,user_1399,3/19/2025 23:57,cart,Desktop,Germany,Social Media,157,4,1
session_4971,user_1399,3/19/2025 23:58,checkout,Desktop,Germany,Social Media,35,4,1
session_4971,user_1399,3/19/2025 23:59,confirmation,Desktop,Germany,Social Media,39,0,1
session_4972,user_2570,1/2/2025 10:23,home,Mobile,France,Social Media,172,0,0
session_4972,user_2570,1/2/2025 10:24,product_page,Mobile,France,Social Media,66,4,0
session_4973,user_2635,4/11/2025 19:21,home,Tablet,India,Social Media,90,0,0
session_4974,user_1084,1/5/2025 2:40,home,Mobile,France,Social Media,69,0,0
session_4974,user_1084,1/5/2025 2:41,product_page,Mobile,France,Social Media,59,0,0
session_4975,user_1899,5/29/2025 14:01,home,Tablet,USA,Direct,114,0,1
session_4975,user_1899,5/29/2025 14:04,product_page,Tablet,USA,Direct,166,4,1
session_4975,user_1899,5/29/2025 14:06,cart,Tablet,USA,Direct,98,4,1
session_4975,user_1899,5/29/2025 14:06,checkout,Tablet,USA,Direct,43,4,1
session_4975,user_1899,5/29/2025 14:09,confirmation,Tablet,USA,Direct,155,0,1
session_4976,user_1463,2/1/2025 21:18,home,Desktop,Canada,Social Media,165,0,0
session_4976,user_1463,2/1/2025 21:20,product_page,Desktop,Canada,Social Media,116,5,0
session_4977,user_1736,3/24/2025 20:08,home,Mobile,Canada,Social Media,113,0,0
session_4977,user_1736,3/24/2025 20:10,product_page,Mobile,Canada,Social Media,118,0,0
session_4977,user_1736,3/24/2025 20:12,cart,Mobile,Canada,Social Media,82,2,0
session_4978,user_1225,3/27/2025 13:41,home,Desktop,India,Direct,161,0,0
session_4978,user_1225,3/27/2025 13:44,product_page,Desktop,India,Direct,170,5,0
session_4978,user_1225,3/27/2025 13:47,cart,Desktop,India,Direct,176,5,0
session_4979,user_2308,5/15/2025 6:39,home,Tablet,USA,Social Media,177,0,1
session_4979,user_2308,5/15/2025 6:40,product_page,Tablet,USA,Social Media,59,5,1
session_4979,user_2308,5/15/2025 6:43,cart,Tablet,USA,Social Media,127,5,1
session_4979,user_2308,5/15/2025 6:45,checkout,Tablet,USA,Social Media,178,5,1
session_4979,user_2308,5/15/2025 6:48,confirmation,Tablet,USA,Social Media,131,0,1
session_4980,user_2257,6/6/2025 21:49,home,Desktop,Australia,Direct,146,0,0
session_4980,user_2257,6/6/2025 21:50,product_page,Desktop,Australia,Direct,23,1,0
session_4981,user_1175,3/18/2025 22:30,home,Desktop,Canada,Email,21,0,1
session_4981,user_1175,3/18/2025 22:31,product_page,Desktop,Canada,Email,66,0,1
session_4981,user_1175,3/18/2025 22:34,cart,Desktop,Canada,Email,167,0,1
session_4981,user_1175,3/18/2025 22:35,checkout,Desktop,Canada,Email,25,1,1
session_4981,user_1175,3/18/2025 22:36,confirmation,Desktop,Canada,Email,64,0,1
session_4982,user_1434,3/14/2025 23:37,home,Desktop,France,Email,42,0,0
session_4983,user_2068,8/8/2025 4:03,home,Tablet,India,Social Media,177,0,0
session_4983,user_2068,8/8/2025 4:03,product_page,Tablet,India,Social Media,44,0,0
session_4984,user_2246,4/24/2025 0:56,home,Desktop,USA,Email,117,0,1
session_4984,user_2246,4/24/2025 0:57,product_page,Desktop,USA,Email,23,0,1
session_4984,user_2246,4/24/2025 0:57,cart,Desktop,USA,Email,44,0,1
session_4984,user_2246,4/24/2025 1:00,checkout,Desktop,USA,Email,145,2,1
session_4984,user_2246,4/24/2025 1:03,confirmation,Desktop,USA,Email,180,0,1
session_4985,user_2587,7/18/2025 15:29,home,Desktop,India,Email,114,0,0
session_4985,user_2587,7/18/2025 15:30,product_page,Desktop,India,Email,55,0,0
session_4986,user_2317,3/5/2025 12:49,home,Desktop,France,Google,139,0,0
session_4987,user_2647,4/25/2025 3:27,home,Mobile,Germany,Google,85,0,0
session_4987,user_2647,4/25/2025 3:28,product_page,Mobile,Germany,Google,43,5,0
session_4988,user_2026,2/4/2025 20:56,home,Tablet,France,Google,141,0,0
session_4988,user_2026,2/4/2025 20:57,product_page,Tablet,France,Google,52,4,0
session_4989,user_1078,1/5/2025 14:38,home,Tablet,India,Direct,106,0,1
session_4989,user_1078,1/5/2025 14:38,product_page,Tablet,India,Direct,20,2,1
session_4989,user_1078,1/5/2025 14:41,cart,Tablet,India,Direct,132,2,1
session_4989,user_1078,1/5/2025 14:43,checkout,Tablet,India,Direct,135,2,1
session_4989,user_1078,1/5/2025 14:45,confirmation,Tablet,India,Direct,102,0,1
session_4990,user_2373,2/13/2025 14:32,home,Tablet,Germany,Direct,19,0,0
session_4990,user_2373,2/13/2025 14:34,product_page,Tablet,Germany,Direct,111,3,0
session_4991,user_1767,5/10/2025 0:16,home,Mobile,Australia,Direct,78,0,0
session_4992,user_1913,2/16/2025 4:26,home,Mobile,India,Google,179,0,0
session_4993,user_2750,2/16/2025 0:51,home,Mobile,USA,Direct,41,0,0
session_4993,user_2750,2/16/2025 0:52,product_page,Mobile,USA,Direct,38,0,0
session_4994,user_2052,2/25/2025 11:06,home,Mobile,USA,Google,68,0,0
session_4994,user_2052,2/25/2025 11:08,product_page,Mobile,USA,Google,104,0,0
session_4995,user_1262,2/8/2025 18:59,home,Mobile,India,Google,108,0,0
session_4996,user_1354,7/11/2025 10:19,home,Desktop,Germany,Email,85,0,0
session_4996,user_1354,7/11/2025 10:21,product_page,Desktop,Germany,Email,77,0,0
session_4997,user_2646,5/27/2025 19:54,home,Desktop,Germany,Social Media,57,0,0
session_4998,user_1040,1/7/2025 4:26,home,Tablet,Germany,Google,167,0,0
session_4998,user_1040,1/7/2025 4:26,product_page,Tablet,Germany,Google,38,2,0
session_4999,user_1541,5/24/2025 5:09,home,Mobile,Germany,Social Media,113,0,0
